-- MySQL dump 10.13  Distrib 5.7.19, for osx10.12 (x86_64)
--
-- Host: localhost    Database: dc_chan_status
-- ------------------------------------------------------
-- Server version	5.7.19

/*!40101 SET @OLD_CHARACTER_SET_CLIENT=@@CHARACTER_SET_CLIENT */;
/*!40101 SET @OLD_CHARACTER_SET_RESULTS=@@CHARACTER_SET_RESULTS */;
/*!40101 SET @OLD_COLLATION_CONNECTION=@@COLLATION_CONNECTION */;
/*!40101 SET NAMES utf8 */;
/*!40103 SET @OLD_TIME_ZONE=@@TIME_ZONE */;
/*!40103 SET TIME_ZONE='+00:00' */;
/*!40014 SET @OLD_UNIQUE_CHECKS=@@UNIQUE_CHECKS, UNIQUE_CHECKS=0 */;
/*!40014 SET @OLD_FOREIGN_KEY_CHECKS=@@FOREIGN_KEY_CHECKS, FOREIGN_KEY_CHECKS=0 */;
/*!40101 SET @OLD_SQL_MODE=@@SQL_MODE, SQL_MODE='NO_AUTO_VALUE_ON_ZERO' */;
/*!40111 SET @OLD_SQL_NOTES=@@SQL_NOTES, SQL_NOTES=0 */;

--
-- Table structure for table `adb2mux`
--

DROP TABLE IF EXISTS `adb2mux`;
/*!40101 SET @saved_cs_client     = @@character_set_client */;
/*!40101 SET character_set_client = utf8 */;
CREATE TABLE `adb2mux` (
  `adbconnector` tinyint(3) unsigned NOT NULL DEFAULT '0',
  `adbconnhalf` enum('top','bottom') NOT NULL DEFAULT 'top',
  `muxconnector` tinyint(3) unsigned NOT NULL DEFAULT '0',
  `muxconnhalf` enum('top','bottom') NOT NULL DEFAULT 'top',
  `siglength` enum('long','short') NOT NULL DEFAULT 'long',
  `pinmatch` enum('1','2','3','4') NOT NULL DEFAULT '1',
  PRIMARY KEY (`adbconnector`,`adbconnhalf`)
) ENGINE=MyISAM DEFAULT CHARSET=latin1;
/*!40101 SET character_set_client = @saved_cs_client */;

--
-- Dumping data for table `adb2mux`
--

LOCK TABLES `adb2mux` WRITE;
/*!40000 ALTER TABLE `adb2mux` DISABLE KEYS */;
INSERT INTO `adb2mux` VALUES (1,'top',1,'top','long','1'),(1,'bottom',1,'bottom','short','4'),(2,'top',2,'top','long','1'),(2,'bottom',1,'top','short','3'),(3,'top',1,'bottom','long','2'),(3,'bottom',2,'top','short','3'),(4,'top',2,'bottom','long','2'),(4,'bottom',3,'top','short','3'),(5,'top',3,'bottom','long','2'),(5,'bottom',2,'bottom','short','4'),(6,'top',3,'top','long','1'),(6,'bottom',3,'bottom','short','4');
/*!40000 ALTER TABLE `adb2mux` ENABLE KEYS */;
UNLOCK TABLES;

--
-- Table structure for table `adbboard`
--

DROP TABLE IF EXISTS `adbboard`;
/*!40101 SET @saved_cs_client     = @@character_set_client */;
/*!40101 SET character_set_client = utf8 */;
CREATE TABLE `adbboard` (
  `id` tinyint(3) unsigned NOT NULL DEFAULT '0',
  `statchangeid` int(11) NOT NULL AUTO_INCREMENT,
  `locationkey` enum('shop','cabinet','installed') NOT NULL DEFAULT 'shop',
  `adbcrateloc` tinyint(3) unsigned DEFAULT NULL,
  `adbslot` tinyint(3) unsigned DEFAULT NULL,
  `status` enum('good','bad') NOT NULL DEFAULT 'good',
  `discthreshold` float DEFAULT NULL,
  `avgwidth` float DEFAULT NULL,
  `datebegstatus` datetime DEFAULT NULL,
  PRIMARY KEY (`id`,`statchangeid`)
) ENGINE=MyISAM DEFAULT CHARSET=latin1;
/*!40101 SET character_set_client = @saved_cs_client */;

--
-- Dumping data for table `adbboard`
--

LOCK TABLES `adbboard` WRITE;
/*!40000 ALTER TABLE `adbboard` DISABLE KEYS */;
INSERT INTO `adbboard` VALUES (1,1,'installed',1,1,'good',-45,1100,'2000-12-15 11:55:00'),(2,1,'installed',1,2,'good',-45,1100,'2000-12-15 11:55:00'),(3,1,'installed',1,3,'good',-45,1100,'2000-12-15 11:55:00'),(4,1,'installed',1,4,'good',-45,1100,'2000-12-15 11:55:00'),(5,1,'installed',1,5,'good',-45,1100,'2000-12-15 11:55:00'),(6,1,'installed',1,6,'good',-45,1100,'2000-12-15 11:55:00'),(7,1,'installed',1,7,'good',-45,1100,'2000-12-15 11:55:00'),(8,1,'installed',1,8,'good',-45,1100,'2000-12-15 11:55:00'),(9,1,'installed',1,9,'good',-45,1100,'2000-12-15 11:55:00'),(10,1,'installed',1,10,'good',-45,1100,'2000-12-15 11:55:00'),(11,1,'installed',1,11,'good',-45,1100,'2000-12-15 11:55:00'),(12,1,'installed',1,12,'good',-45,1100,'2000-12-15 11:55:00'),(13,1,'installed',2,1,'good',-45,1100,'2000-12-15 11:55:00'),(14,1,'installed',2,2,'good',-45,1100,'2000-12-15 11:55:00'),(15,1,'installed',2,3,'good',-45,1100,'2000-12-15 11:55:00'),(16,1,'installed',2,4,'good',-45,1100,'2000-12-15 11:55:00'),(17,1,'installed',2,5,'good',-45,1100,'2000-12-15 11:55:00'),(18,1,'installed',2,6,'good',-45,1100,'2000-12-15 11:55:00'),(19,1,'installed',2,7,'good',-45,1100,'2000-12-15 11:55:00'),(20,1,'installed',2,8,'good',-45,1100,'2000-12-15 11:55:00'),(21,1,'installed',2,9,'good',-45,1100,'2000-12-15 11:55:00'),(22,1,'installed',2,10,'good',-45,1100,'2000-12-15 11:55:00'),(23,1,'installed',2,11,'good',-45,1100,'2000-12-15 11:55:00'),(24,1,'installed',2,12,'good',-45,1100,'2000-12-15 11:55:00'),(25,1,'installed',3,1,'good',-45,1100,'2000-12-15 11:55:00'),(26,1,'installed',3,2,'good',-45,1100,'2000-12-15 11:55:00'),(27,1,'installed',3,3,'good',-45,1100,'2000-12-15 11:55:00'),(28,1,'installed',3,4,'good',-45,1100,'2000-12-15 11:55:00'),(29,1,'installed',3,5,'good',-45,1100,'2000-12-15 11:55:00'),(30,1,'installed',3,6,'good',-45,1100,'2000-12-15 11:55:00'),(31,1,'installed',3,7,'good',-45,1100,'2000-12-15 11:55:00'),(32,1,'installed',3,8,'good',-45,1100,'2000-12-15 11:55:00'),(33,1,'installed',3,9,'good',-45,1100,'2000-12-15 11:55:00'),(34,1,'installed',3,10,'good',-45,1100,'2000-12-15 11:55:00'),(35,1,'installed',3,11,'good',-45,1100,'2000-12-15 11:55:00'),(36,1,'installed',3,12,'good',-45,1100,'2000-12-15 11:55:00'),(37,1,'installed',4,1,'good',-45,1100,'2000-12-15 11:55:00'),(38,1,'installed',4,2,'good',-45,1100,'2000-12-15 11:55:00'),(39,1,'installed',4,3,'good',-45,1100,'2000-12-15 11:55:00'),(40,1,'installed',4,4,'good',-45,1100,'2000-12-15 11:55:00'),(41,1,'installed',4,5,'good',-45,1100,'2000-12-15 11:55:00'),(42,1,'installed',4,6,'good',-45,1100,'2000-12-15 11:55:00'),(43,1,'installed',4,7,'good',-45,1100,'2000-12-15 11:55:00'),(44,1,'installed',4,8,'good',-45,1100,'2000-12-15 11:55:00'),(45,1,'installed',4,9,'good',-45,1100,'2000-12-15 11:55:00'),(46,1,'installed',4,10,'good',-45,1100,'2000-12-15 11:55:00'),(47,1,'installed',4,11,'good',-45,1100,'2000-12-15 11:55:00'),(48,1,'installed',4,12,'good',-45,1100,'2000-12-15 11:55:00'),(49,1,'installed',5,1,'good',-45,1100,'2000-12-15 11:55:00'),(50,1,'installed',5,2,'good',-45,1100,'2000-12-15 11:55:00'),(51,1,'installed',5,3,'good',-45,1100,'2000-12-15 11:55:00'),(52,1,'installed',5,4,'good',-45,1100,'2000-12-15 11:55:00'),(53,1,'installed',5,5,'good',-45,1100,'2000-12-15 11:55:00'),(54,1,'installed',5,6,'good',-45,1100,'2000-12-15 11:55:00'),(55,1,'installed',5,7,'good',-45,1100,'2000-12-15 11:55:00'),(56,1,'installed',5,8,'good',-45,1100,'2000-12-15 11:55:00'),(57,1,'installed',5,9,'good',-45,1100,'2000-12-15 11:55:00'),(58,1,'installed',5,10,'good',-45,1100,'2000-12-15 11:55:00'),(59,1,'installed',5,11,'good',-45,1100,'2000-12-15 11:55:00'),(60,1,'installed',5,12,'good',-45,1100,'2000-12-15 11:55:00'),(61,1,'installed',6,1,'good',-45,1100,'2000-12-15 11:55:00'),(62,1,'installed',6,2,'good',-45,1100,'2000-12-15 11:55:00'),(63,1,'installed',6,3,'good',-45,1100,'2000-12-15 11:55:00'),(64,1,'installed',6,4,'good',-45,1100,'2000-12-15 11:55:00'),(65,1,'installed',6,5,'good',-45,1100,'2000-12-15 11:55:00'),(66,1,'installed',6,6,'good',-45,1100,'2000-12-15 11:55:00'),(67,1,'installed',6,7,'good',-45,1100,'2000-12-15 11:55:00'),(68,1,'installed',6,8,'good',-45,1100,'2000-12-15 11:55:00'),(69,1,'installed',6,9,'good',-45,1100,'2000-12-15 11:55:00'),(70,1,'installed',6,10,'good',-45,1100,'2000-12-15 11:55:00'),(71,1,'installed',6,11,'good',-45,1100,'2000-12-15 11:55:00'),(72,1,'installed',6,12,'good',-45,1100,'2000-12-15 11:55:00'),(73,1,'installed',7,1,'good',-45,1100,'2000-12-15 11:55:00'),(74,1,'installed',7,2,'good',-45,1100,'2000-12-15 11:55:00'),(75,1,'installed',7,3,'good',-45,1100,'2000-12-15 11:55:00'),(76,1,'installed',7,4,'good',-45,1100,'2000-12-15 11:55:00'),(77,1,'installed',7,5,'good',-45,1100,'2000-12-15 11:55:00'),(78,1,'installed',7,6,'good',-45,1100,'2000-12-15 11:55:00'),(79,1,'installed',7,7,'good',-45,1100,'2000-12-15 11:55:00'),(80,1,'installed',7,8,'good',-45,1100,'2000-12-15 11:55:00'),(81,1,'installed',7,9,'good',-45,1100,'2000-12-15 11:55:00'),(82,1,'installed',7,10,'good',-45,1100,'2000-12-15 11:55:00'),(83,1,'installed',7,11,'good',-45,1100,'2000-12-15 11:55:00'),(84,1,'installed',7,12,'good',-45,1100,'2000-12-15 11:55:00'),(85,1,'installed',8,1,'good',-45,1100,'2000-12-15 11:55:00'),(86,1,'installed',8,2,'good',-45,1100,'2000-12-15 11:55:00'),(87,1,'installed',8,3,'good',-45,1100,'2000-12-15 11:55:00'),(88,1,'installed',8,4,'good',-45,1100,'2000-12-15 11:55:00'),(89,1,'installed',8,5,'good',-45,1100,'2000-12-15 11:55:00'),(90,1,'installed',8,6,'good',-45,1100,'2000-12-15 11:55:00'),(91,1,'installed',8,7,'good',-45,1100,'2000-12-15 11:55:00'),(92,1,'installed',8,8,'good',-45,1100,'2000-12-15 11:55:00'),(93,1,'installed',8,9,'good',-45,1100,'2000-12-15 11:55:00'),(94,1,'installed',8,10,'good',-45,1100,'2000-12-15 11:55:00'),(95,1,'installed',8,11,'good',-45,1100,'2000-12-15 11:55:00'),(96,1,'installed',8,12,'good',-45,1100,'2000-12-15 11:55:00'),(97,1,'installed',9,1,'good',-45,1100,'2000-12-15 11:55:00'),(98,1,'installed',9,2,'good',-45,1100,'2000-12-15 11:55:00'),(99,1,'installed',9,3,'good',-45,1100,'2000-12-15 11:55:00'),(100,1,'installed',9,4,'good',-45,1100,'2000-12-15 11:55:00'),(101,1,'installed',9,5,'good',-45,1100,'2000-12-15 11:55:00'),(102,1,'installed',9,6,'good',-45,1100,'2000-12-15 11:55:00'),(103,1,'installed',9,7,'good',-45,1100,'2000-12-15 11:55:00'),(104,1,'installed',9,8,'good',-45,1100,'2000-12-15 11:55:00'),(105,1,'installed',9,9,'good',-45,1100,'2000-12-15 11:55:00'),(106,1,'installed',9,10,'good',-45,1100,'2000-12-15 11:55:00'),(107,1,'installed',9,11,'good',-45,1100,'2000-12-15 11:55:00'),(108,1,'installed',9,12,'good',-45,1100,'2000-12-15 11:55:00'),(109,1,'installed',10,1,'good',-45,1100,'2000-12-15 11:55:00'),(110,1,'installed',10,2,'good',-45,1100,'2000-12-15 11:55:00'),(111,1,'installed',10,3,'good',-45,1100,'2000-12-15 11:55:00'),(112,1,'installed',10,4,'good',-45,1100,'2000-12-15 11:55:00'),(113,1,'installed',10,5,'good',-45,1100,'2000-12-15 11:55:00'),(114,1,'installed',10,6,'good',-45,1100,'2000-12-15 11:55:00'),(115,1,'installed',10,7,'good',-45,1100,'2000-12-15 11:55:00'),(116,1,'installed',10,8,'good',-45,1100,'2000-12-15 11:55:00'),(117,1,'installed',10,9,'good',-45,1100,'2000-12-15 11:55:00'),(118,1,'installed',10,10,'good',-45,1100,'2000-12-15 11:55:00'),(119,1,'installed',10,11,'good',-45,1100,'2000-12-15 11:55:00'),(120,1,'installed',10,12,'good',-45,1100,'2000-12-15 11:55:00'),(121,1,'installed',11,1,'good',-45,1100,'2000-12-15 11:55:00'),(122,1,'installed',11,2,'good',-45,1100,'2000-12-15 11:55:00'),(123,1,'installed',11,3,'good',-45,1100,'2000-12-15 11:55:00'),(124,1,'installed',11,4,'good',-45,1100,'2000-12-15 11:55:00'),(125,1,'installed',11,5,'good',-45,1100,'2000-12-15 11:55:00'),(126,1,'installed',11,6,'good',-45,1100,'2000-12-15 11:55:00'),(127,1,'installed',11,7,'good',-45,1100,'2000-12-15 11:55:00'),(128,1,'installed',11,8,'good',-45,1100,'2000-12-15 11:55:00'),(129,1,'installed',11,9,'good',-45,1100,'2000-12-15 11:55:00'),(130,1,'installed',11,10,'good',-45,1100,'2000-12-15 11:55:00'),(131,1,'installed',11,11,'good',-45,1100,'2000-12-15 11:55:00'),(132,1,'installed',11,12,'good',-45,1100,'2000-12-15 11:55:00'),(133,1,'installed',12,1,'good',-45,1100,'2000-12-15 11:55:00'),(134,1,'installed',12,2,'good',-45,1100,'2000-12-15 11:55:00'),(135,1,'installed',12,3,'good',-45,1100,'2000-12-15 11:55:00'),(136,1,'installed',12,4,'good',-45,1100,'2000-12-15 11:55:00'),(137,1,'installed',12,5,'good',-45,1100,'2000-12-15 11:55:00'),(138,1,'installed',12,6,'good',-45,1100,'2000-12-15 11:55:00'),(139,1,'installed',12,7,'good',-45,1100,'2000-12-15 11:55:00'),(140,1,'installed',12,8,'good',-45,1100,'2000-12-15 11:55:00'),(141,1,'installed',12,9,'good',-45,1100,'2000-12-15 11:55:00'),(142,1,'installed',12,10,'good',-45,1100,'2000-12-15 11:55:00'),(143,1,'installed',12,11,'good',-45,1100,'2000-12-15 11:55:00'),(144,1,'installed',12,12,'good',-45,1100,'2000-12-15 11:55:00'),(145,1,'installed',13,1,'good',-30,400,'2000-12-15 11:55:00'),(146,1,'installed',13,2,'good',-30,400,'2000-12-15 11:55:00'),(147,1,'installed',13,3,'good',-30,400,'2000-12-15 11:55:00'),(148,1,'installed',13,4,'good',-30,400,'2000-12-15 11:55:00'),(149,1,'installed',13,5,'good',-30,400,'2000-12-15 11:55:00'),(150,1,'installed',13,6,'good',-30,400,'2000-12-15 11:55:00'),(151,1,'installed',13,7,'good',-30,400,'2000-12-15 11:55:00'),(152,1,'installed',13,8,'good',-30,400,'2000-12-15 11:55:00'),(153,1,'installed',13,9,'good',-30,400,'2000-12-15 11:55:00'),(154,1,'installed',13,10,'good',-30,400,'2000-12-15 11:55:00'),(155,1,'installed',13,11,'good',-30,400,'2000-12-15 11:55:00'),(156,1,'installed',13,12,'good',-30,400,'2000-12-15 11:55:00'),(157,1,'installed',14,1,'good',-30,400,'2000-12-15 11:55:00'),(158,1,'installed',14,2,'good',-30,400,'2000-12-15 11:55:00'),(159,1,'installed',14,3,'good',-30,400,'2000-12-15 11:55:00'),(160,1,'installed',14,4,'good',-30,400,'2000-12-15 11:55:00'),(161,1,'installed',14,5,'good',-30,400,'2000-12-15 11:55:00'),(162,1,'installed',14,6,'good',-30,400,'2000-12-15 11:55:00'),(163,1,'installed',14,7,'good',-30,400,'2000-12-15 11:55:00'),(164,1,'installed',14,8,'good',-30,400,'2000-12-15 11:55:00'),(165,1,'installed',14,9,'good',-30,400,'2000-12-15 11:55:00'),(166,1,'installed',14,10,'good',-30,400,'2000-12-15 11:55:00'),(167,1,'installed',14,11,'good',-30,400,'2000-12-15 11:55:00'),(168,1,'installed',14,12,'good',-30,400,'2000-12-15 11:55:00'),(169,1,'installed',15,1,'good',-30,400,'2000-12-15 11:55:00'),(170,1,'installed',15,2,'good',-30,400,'2000-12-15 11:55:00'),(171,1,'installed',15,3,'good',-30,400,'2000-12-15 11:55:00'),(172,1,'installed',15,4,'good',-30,400,'2000-12-15 11:55:00'),(173,1,'installed',15,5,'good',-30,400,'2000-12-15 11:55:00'),(174,1,'installed',15,6,'good',-30,400,'2000-12-15 11:55:00'),(175,1,'installed',15,7,'good',-30,400,'2000-12-15 11:55:00'),(176,1,'installed',15,8,'good',-30,400,'2000-12-15 11:55:00'),(177,1,'installed',15,9,'good',-30,400,'2000-12-15 11:55:00'),(178,1,'installed',15,10,'good',-30,400,'2000-12-15 11:55:00'),(179,1,'installed',15,11,'good',-30,400,'2000-12-15 11:55:00'),(180,1,'installed',15,12,'good',-30,400,'2000-12-15 11:55:00'),(181,1,'installed',16,1,'good',-30,400,'2000-12-15 11:55:00'),(182,1,'installed',16,2,'good',-30,400,'2000-12-15 11:55:00'),(183,1,'installed',16,3,'good',-30,400,'2000-12-15 11:55:00'),(184,1,'installed',16,4,'good',-30,400,'2000-12-15 11:55:00'),(185,1,'installed',16,5,'good',-30,400,'2000-12-15 11:55:00'),(186,1,'installed',16,6,'good',-30,400,'2000-12-15 11:55:00'),(187,1,'installed',16,7,'good',-30,400,'2000-12-15 11:55:00'),(188,1,'installed',16,8,'good',-30,400,'2000-12-15 11:55:00'),(189,1,'installed',16,9,'good',-30,400,'2000-12-15 11:55:00'),(190,1,'installed',16,10,'good',-30,400,'2000-12-15 11:55:00'),(191,1,'installed',16,11,'good',-30,400,'2000-12-15 11:55:00'),(192,1,'installed',16,12,'good',-30,400,'2000-12-15 11:55:00'),(193,1,'installed',17,1,'good',-30,400,'2000-12-15 11:55:00'),(194,1,'installed',17,2,'good',-30,400,'2000-12-15 11:55:00'),(195,1,'installed',17,3,'good',-30,400,'2000-12-15 11:55:00'),(196,1,'installed',17,4,'good',-30,400,'2000-12-15 11:55:00'),(197,1,'installed',17,5,'good',-30,400,'2000-12-15 11:55:00'),(198,1,'installed',17,6,'good',-30,400,'2000-12-15 11:55:00'),(199,1,'installed',17,7,'good',-30,400,'2000-12-15 11:55:00'),(200,1,'installed',17,8,'good',-30,400,'2000-12-15 11:55:00'),(201,1,'installed',17,9,'good',-30,400,'2000-12-15 11:55:00'),(202,1,'installed',17,10,'good',-30,400,'2000-12-15 11:55:00'),(203,1,'installed',17,11,'good',-30,400,'2000-12-15 11:55:00'),(204,1,'installed',17,12,'good',-30,400,'2000-12-15 11:55:00'),(205,1,'installed',18,1,'good',-30,400,'2000-12-15 11:55:00'),(206,1,'installed',18,2,'good',-30,400,'2000-12-15 11:55:00'),(207,1,'installed',18,3,'good',-30,400,'2000-12-15 11:55:00'),(208,1,'installed',18,4,'good',-30,400,'2000-12-15 11:55:00'),(209,1,'installed',18,5,'good',-30,400,'2000-12-15 11:55:00'),(210,1,'installed',18,6,'good',-30,400,'2000-12-15 11:55:00'),(211,1,'installed',18,7,'good',-30,400,'2000-12-15 11:55:00'),(212,1,'installed',18,8,'good',-30,400,'2000-12-15 11:55:00'),(213,1,'installed',18,9,'good',-30,400,'2000-12-15 11:55:00'),(214,1,'installed',18,10,'good',-30,400,'2000-12-15 11:55:00'),(215,1,'installed',18,11,'good',-30,400,'2000-12-15 11:55:00'),(216,1,'installed',18,12,'good',-30,400,'2000-12-15 11:55:00'),(217,1,'installed',19,1,'good',-30,1100,'2000-12-15 11:55:00'),(218,1,'installed',19,2,'good',-30,1100,'2000-12-15 11:55:00'),(219,1,'installed',19,3,'good',-30,1100,'2000-12-15 11:55:00'),(220,1,'installed',19,4,'good',-30,1100,'2000-12-15 11:55:00'),(221,1,'installed',19,5,'good',-30,1100,'2000-12-15 11:55:00'),(222,1,'installed',19,6,'good',-30,1100,'2000-12-15 11:55:00'),(223,1,'installed',19,7,'good',-30,1100,'2000-12-15 11:55:00'),(224,1,'installed',19,8,'good',-30,1100,'2000-12-15 11:55:00'),(225,1,'installed',19,9,'good',-30,1100,'2000-12-15 11:55:00'),(226,1,'installed',19,10,'good',-30,1100,'2000-12-15 11:55:00'),(227,1,'installed',19,11,'good',-30,1100,'2000-12-15 11:55:00'),(228,1,'installed',19,12,'good',-30,1100,'2000-12-15 11:55:00'),(229,1,'installed',20,1,'good',-30,1100,'2000-12-15 11:55:00'),(230,1,'installed',20,2,'good',-30,1100,'2000-12-15 11:55:00'),(231,1,'installed',20,3,'good',-30,1100,'2000-12-15 11:55:00'),(232,1,'installed',20,4,'good',-30,1100,'2000-12-15 11:55:00'),(233,1,'installed',20,5,'good',-30,1100,'2000-12-15 11:55:00'),(234,1,'installed',20,6,'good',-30,1100,'2000-12-15 11:55:00'),(235,1,'installed',20,7,'good',-30,1100,'2000-12-15 11:55:00'),(236,1,'installed',20,8,'good',-30,1100,'2000-12-15 11:55:00'),(237,1,'installed',20,9,'good',-30,1100,'2000-12-15 11:55:00'),(238,1,'installed',20,10,'good',-30,1100,'2000-12-15 11:55:00'),(239,1,'installed',20,11,'good',-30,1100,'2000-12-15 11:55:00'),(240,1,'installed',20,12,'good',-30,1100,'2000-12-15 11:55:00'),(241,1,'installed',21,1,'good',-30,1100,'2000-12-15 11:55:00'),(242,1,'installed',21,2,'good',-30,1100,'2000-12-15 11:55:00'),(243,1,'installed',21,3,'good',-30,1100,'2000-12-15 11:55:00'),(244,1,'installed',21,4,'good',-30,1100,'2000-12-15 11:55:00'),(245,1,'installed',21,5,'good',-30,1100,'2000-12-15 11:55:00'),(246,1,'installed',21,6,'good',-30,1100,'2000-12-15 11:55:00'),(247,1,'installed',21,7,'good',-30,1100,'2000-12-15 11:55:00'),(248,1,'installed',21,8,'good',-30,1100,'2000-12-15 11:55:00'),(249,1,'installed',21,9,'good',-30,1100,'2000-12-15 11:55:00'),(250,1,'installed',21,10,'good',-30,1100,'2000-12-15 11:55:00'),(251,1,'installed',21,11,'good',-30,1100,'2000-12-15 11:55:00'),(252,1,'installed',21,12,'good',-30,1100,'2000-12-15 11:55:00'),(253,1,'installed',22,1,'good',-30,1100,'2000-12-15 11:55:00'),(254,1,'installed',22,2,'good',-30,1100,'2000-12-15 11:55:00'),(255,1,'installed',22,3,'good',-30,1100,'2000-12-15 11:55:00');
/*!40000 ALTER TABLE `adbboard` ENABLE KEYS */;
UNLOCK TABLES;

--
-- Table structure for table `adbcrate`
--

DROP TABLE IF EXISTS `adbcrate`;
/*!40101 SET @saved_cs_client     = @@character_set_client */;
/*!40101 SET character_set_client = utf8 */;
CREATE TABLE `adbcrate` (
  `id` tinyint(3) unsigned NOT NULL DEFAULT '0',
  `statchangeid` int(11) NOT NULL AUTO_INCREMENT,
  `locationkey` enum('shop','cabinet','installed') NOT NULL DEFAULT 'shop',
  `adbcrateloc` tinyint(3) unsigned DEFAULT NULL,
  `status` enum('good','bad') NOT NULL DEFAULT 'good',
  `datebegstatus` datetime DEFAULT NULL,
  PRIMARY KEY (`id`,`statchangeid`)
) ENGINE=MyISAM DEFAULT CHARSET=latin1;
/*!40101 SET character_set_client = @saved_cs_client */;

--
-- Dumping data for table `adbcrate`
--

LOCK TABLES `adbcrate` WRITE;
/*!40000 ALTER TABLE `adbcrate` DISABLE KEYS */;
INSERT INTO `adbcrate` VALUES (1,1,'installed',1,'good','2000-12-15 11:55:00'),(2,1,'installed',2,'good','2000-12-15 11:55:00'),(3,1,'installed',3,'good','2000-12-15 11:55:00'),(4,1,'installed',4,'good','2000-12-15 11:55:00'),(5,1,'installed',5,'good','2000-12-15 11:55:00'),(6,1,'installed',6,'good','2000-12-15 11:55:00'),(7,1,'installed',7,'good','2000-12-15 11:55:00'),(8,1,'installed',8,'good','2000-12-15 11:55:00'),(9,1,'installed',9,'good','2000-12-15 11:55:00'),(10,1,'installed',10,'good','2000-12-15 11:55:00'),(11,1,'installed',11,'good','2000-12-15 11:55:00'),(12,1,'installed',12,'good','2000-12-15 11:55:00'),(13,1,'installed',13,'good','2000-12-15 11:55:00'),(14,1,'installed',14,'good','2000-12-15 11:55:00'),(15,1,'installed',15,'good','2000-12-15 11:55:00'),(16,1,'installed',16,'good','2000-12-15 11:55:00'),(17,1,'installed',17,'good','2000-12-15 11:55:00'),(18,1,'installed',18,'good','2000-12-15 11:55:00'),(19,1,'installed',19,'good','2000-12-15 11:55:00'),(20,1,'installed',20,'good','2000-12-15 11:55:00'),(21,1,'installed',21,'good','2000-12-15 11:55:00'),(22,1,'installed',22,'good','2000-12-15 11:55:00'),(23,1,'installed',23,'good','2000-12-15 11:55:00'),(24,1,'installed',24,'good','2000-12-15 11:55:00'),(25,1,'installed',25,'good','2000-12-15 11:55:00'),(26,1,'installed',26,'good','2000-12-15 11:55:00'),(27,1,'installed',27,'good','2000-12-15 11:55:00'),(28,1,'installed',28,'good','2000-12-15 11:55:00'),(29,1,'installed',29,'good','2000-12-15 11:55:00'),(30,1,'installed',30,'good','2000-12-15 11:55:00'),(31,1,'cabinet',31,'good','2000-12-15 11:55:00');
/*!40000 ALTER TABLE `adbcrate` ENABLE KEYS */;
UNLOCK TABLES;

--
-- Table structure for table `adbcrate_location`
--

DROP TABLE IF EXISTS `adbcrate_location`;
/*!40101 SET @saved_cs_client     = @@character_set_client */;
/*!40101 SET character_set_client = utf8 */;
CREATE TABLE `adbcrate_location` (
  `adbcrateloc` tinyint(3) unsigned NOT NULL DEFAULT '0',
  `spaceframe_location` char(32) DEFAULT NULL,
  PRIMARY KEY (`adbcrateloc`)
) ENGINE=MyISAM DEFAULT CHARSET=latin1;
/*!40101 SET character_set_client = @saved_cs_client */;

--
-- Dumping data for table `adbcrate_location`
--

LOCK TABLES `adbcrate_location` WRITE;
/*!40000 ALTER TABLE `adbcrate_location` DISABLE KEYS */;
INSERT INTO `adbcrate_location` VALUES (1,'spaceframe - Level1 - north'),(2,'spaceframe - Level1 - north'),(3,'spaceframe - Level1 - north'),(4,'spaceframe - Level1 - north'),(5,'spaceframe - Level1 - north'),(6,'spaceframe - Level1 - north'),(7,'spaceframe - Level1 - south'),(8,'spaceframe - Level1 - south'),(9,'spaceframe - Level1 - south'),(10,'spaceframe - Level1 - south'),(11,'spaceframe - Level1 - south'),(12,'spaceframe - Level1 - south'),(13,'spaceframe - Level2 - north'),(14,'spaceframe - Level2 - north'),(15,'spaceframe - Level2 - north'),(16,'spaceframe - Level2 - north'),(17,'spaceframe - Level2 - north'),(18,'spaceframe - Level2 - north'),(19,'spaceframe - Level3 - north'),(20,'spaceframe - Level3 - north'),(21,'spaceframe - Level3 - north'),(22,'spaceframe - Level3 - north'),(23,'spaceframe - Level3 - north'),(24,'spaceframe - Level3 - north'),(25,'spaceframe - Level3 - south'),(26,'spaceframe - Level3 - south'),(27,'spaceframe - Level3 - south'),(28,'spaceframe - Level3 - south'),(29,'spaceframe - Level3 - south'),(30,'spaceframe - Level3 - south');
/*!40000 ALTER TABLE `adbcrate_location` ENABLE KEYS */;
UNLOCK TABLES;

--
-- Table structure for table `adbpin2connhalf`
--

DROP TABLE IF EXISTS `adbpin2connhalf`;
/*!40101 SET @saved_cs_client     = @@character_set_client */;
/*!40101 SET character_set_client = utf8 */;
CREATE TABLE `adbpin2connhalf` (
  `adbpin` tinyint(3) unsigned NOT NULL DEFAULT '0',
  `adbconnhalf` enum('top','bottom') NOT NULL DEFAULT 'top',
  PRIMARY KEY (`adbpin`)
) ENGINE=MyISAM DEFAULT CHARSET=latin1;
/*!40101 SET character_set_client = @saved_cs_client */;

--
-- Dumping data for table `adbpin2connhalf`
--

LOCK TABLES `adbpin2connhalf` WRITE;
/*!40000 ALTER TABLE `adbpin2connhalf` DISABLE KEYS */;
INSERT INTO `adbpin2connhalf` VALUES (1,'top'),(2,'top'),(3,'top'),(4,'top'),(5,'top'),(6,'top'),(7,'top'),(8,'top'),(9,'bottom'),(10,'bottom'),(11,'bottom'),(12,'bottom'),(13,'bottom'),(14,'bottom'),(15,'bottom'),(16,'bottom');
/*!40000 ALTER TABLE `adbpin2connhalf` ENABLE KEYS */;
UNLOCK TABLES;

--
-- Table structure for table `adbpin2muxpin`
--

DROP TABLE IF EXISTS `adbpin2muxpin`;
/*!40101 SET @saved_cs_client     = @@character_set_client */;
/*!40101 SET character_set_client = utf8 */;
CREATE TABLE `adbpin2muxpin` (
  `pinmatch` enum('1','2','3','4') NOT NULL DEFAULT '1',
  `adbpin` tinyint(3) unsigned NOT NULL DEFAULT '0',
  `muxpin` tinyint(3) unsigned NOT NULL DEFAULT '0',
  PRIMARY KEY (`pinmatch`,`adbpin`)
) ENGINE=MyISAM DEFAULT CHARSET=latin1;
/*!40101 SET character_set_client = @saved_cs_client */;

--
-- Dumping data for table `adbpin2muxpin`
--

LOCK TABLES `adbpin2muxpin` WRITE;
/*!40000 ALTER TABLE `adbpin2muxpin` DISABLE KEYS */;
INSERT INTO `adbpin2muxpin` VALUES ('1',1,1),('1',2,2),('1',3,3),('1',4,4),('1',5,5),('1',6,6),('1',7,7),('1',8,8),('2',1,9),('2',2,10),('2',3,11),('2',4,12),('2',5,13),('2',6,14),('2',7,15),('2',8,16),('3',9,1),('3',10,2),('3',11,3),('3',12,4),('3',13,5),('3',14,6),('3',15,7),('3',16,8),('4',9,9),('4',10,10),('4',11,11),('4',12,12),('4',13,13),('4',14,14),('4',15,15),('4',16,16);
/*!40000 ALTER TABLE `adbpin2muxpin` ENABLE KEYS */;
UNLOCK TABLES;

--
-- Table structure for table `dchvchan_status`
--

DROP TABLE IF EXISTS `dchvchan_status`;
/*!40101 SET @saved_cs_client     = @@character_set_client */;
/*!40101 SET character_set_client = utf8 */;
CREATE TABLE `dchvchan_status` (
  `id` int(10) unsigned NOT NULL,
  `statchangeid` smallint(5) unsigned NOT NULL AUTO_INCREMENT,
  `dchvcrateloc` tinyint(3) unsigned NOT NULL,
  `dchvslotloc` tinyint(3) unsigned NOT NULL,
  `dchvchanloc` tinyint(3) unsigned NOT NULL,
  `status` enum('good','bad') NOT NULL DEFAULT 'good',
  `datebegstatus` timestamp NOT NULL DEFAULT CURRENT_TIMESTAMP,
  PRIMARY KEY (`statchangeid`,`id`)
) ENGINE=InnoDB AUTO_INCREMENT=4 DEFAULT CHARSET=latin1;
/*!40101 SET character_set_client = @saved_cs_client */;

--
-- Dumping data for table `dchvchan_status`
--

LOCK TABLES `dchvchan_status` WRITE;
/*!40000 ALTER TABLE `dchvchan_status` DISABLE KEYS */;
INSERT INTO `dchvchan_status` VALUES (1,1,1,1,1,'good','0000-00-00 00:00:00'),(2,1,1,1,2,'good','0000-00-00 00:00:00'),(3,1,1,1,3,'good','0000-00-00 00:00:00'),(4,1,1,1,4,'good','0000-00-00 00:00:00'),(5,1,1,1,5,'good','0000-00-00 00:00:00'),(6,1,1,1,6,'good','0000-00-00 00:00:00'),(7,1,1,1,7,'good','0000-00-00 00:00:00'),(8,1,1,1,8,'good','0000-00-00 00:00:00'),(9,1,1,1,9,'good','0000-00-00 00:00:00'),(10,1,1,1,10,'good','0000-00-00 00:00:00'),(11,1,1,1,11,'good','0000-00-00 00:00:00'),(12,1,1,1,12,'good','0000-00-00 00:00:00'),(13,1,1,1,13,'good','0000-00-00 00:00:00'),(14,1,1,1,14,'good','0000-00-00 00:00:00'),(15,1,1,1,15,'good','0000-00-00 00:00:00'),(16,1,1,1,16,'good','0000-00-00 00:00:00'),(17,1,1,1,17,'good','0000-00-00 00:00:00'),(18,1,1,1,18,'good','0000-00-00 00:00:00'),(19,1,1,1,19,'good','0000-00-00 00:00:00'),(20,1,1,1,20,'good','0000-00-00 00:00:00'),(21,1,1,1,21,'good','0000-00-00 00:00:00'),(22,1,1,1,22,'good','0000-00-00 00:00:00'),(23,1,1,1,23,'good','0000-00-00 00:00:00'),(24,1,1,1,24,'good','0000-00-00 00:00:00'),(25,1,1,2,1,'good','0000-00-00 00:00:00'),(26,1,1,2,2,'good','0000-00-00 00:00:00'),(27,1,1,2,3,'good','0000-00-00 00:00:00'),(28,1,1,2,4,'good','0000-00-00 00:00:00'),(29,1,1,2,5,'good','0000-00-00 00:00:00'),(30,1,1,2,6,'good','0000-00-00 00:00:00'),(31,1,1,2,7,'good','0000-00-00 00:00:00'),(32,1,1,2,8,'good','0000-00-00 00:00:00'),(33,1,1,2,9,'good','0000-00-00 00:00:00'),(34,1,1,2,10,'good','0000-00-00 00:00:00'),(35,1,1,2,11,'good','0000-00-00 00:00:00'),(36,1,1,2,12,'good','0000-00-00 00:00:00'),(37,1,1,2,13,'good','0000-00-00 00:00:00'),(38,1,1,2,14,'good','0000-00-00 00:00:00'),(39,1,1,2,15,'good','0000-00-00 00:00:00'),(40,1,1,2,16,'good','0000-00-00 00:00:00'),(41,1,1,2,17,'good','0000-00-00 00:00:00'),(42,1,1,2,18,'good','0000-00-00 00:00:00'),(43,1,1,2,19,'good','0000-00-00 00:00:00'),(44,1,1,2,20,'good','0000-00-00 00:00:00'),(45,1,1,2,21,'good','0000-00-00 00:00:00'),(46,1,1,2,22,'good','0000-00-00 00:00:00'),(47,1,1,2,23,'good','0000-00-00 00:00:00'),(48,1,1,2,24,'good','0000-00-00 00:00:00'),(49,1,1,3,1,'good','0000-00-00 00:00:00'),(50,1,1,3,2,'good','0000-00-00 00:00:00'),(51,1,1,3,3,'good','0000-00-00 00:00:00'),(52,1,1,3,4,'good','0000-00-00 00:00:00'),(53,1,1,3,5,'good','0000-00-00 00:00:00'),(54,1,1,3,6,'good','0000-00-00 00:00:00'),(55,1,1,3,7,'good','0000-00-00 00:00:00'),(56,1,1,3,8,'good','0000-00-00 00:00:00'),(57,1,1,3,9,'good','0000-00-00 00:00:00'),(58,1,1,3,10,'good','0000-00-00 00:00:00'),(59,1,1,3,11,'good','0000-00-00 00:00:00'),(60,1,1,3,12,'good','0000-00-00 00:00:00'),(61,1,1,3,13,'good','0000-00-00 00:00:00'),(62,1,1,3,14,'good','0000-00-00 00:00:00'),(63,1,1,3,15,'good','0000-00-00 00:00:00'),(64,1,1,3,16,'good','0000-00-00 00:00:00'),(65,1,1,3,17,'good','0000-00-00 00:00:00'),(66,1,1,3,18,'good','0000-00-00 00:00:00'),(67,1,1,3,19,'good','0000-00-00 00:00:00'),(68,1,1,3,20,'good','0000-00-00 00:00:00'),(69,1,1,3,21,'good','0000-00-00 00:00:00'),(70,1,1,3,22,'good','0000-00-00 00:00:00'),(71,1,1,3,23,'good','0000-00-00 00:00:00'),(72,1,1,3,24,'good','0000-00-00 00:00:00'),(73,1,1,4,1,'good','0000-00-00 00:00:00'),(74,1,1,4,2,'good','0000-00-00 00:00:00'),(75,1,1,4,3,'good','0000-00-00 00:00:00'),(76,1,1,4,4,'good','0000-00-00 00:00:00'),(77,1,1,4,5,'good','0000-00-00 00:00:00'),(78,1,1,4,6,'good','0000-00-00 00:00:00'),(79,1,1,4,7,'good','0000-00-00 00:00:00'),(80,1,1,4,8,'good','0000-00-00 00:00:00'),(81,1,1,4,9,'good','0000-00-00 00:00:00'),(82,1,1,4,10,'good','0000-00-00 00:00:00'),(83,1,1,4,11,'good','0000-00-00 00:00:00'),(84,1,1,4,12,'good','0000-00-00 00:00:00'),(85,1,1,4,13,'good','0000-00-00 00:00:00'),(86,1,1,4,14,'good','0000-00-00 00:00:00'),(87,1,1,4,15,'good','0000-00-00 00:00:00'),(88,1,1,4,16,'good','0000-00-00 00:00:00'),(89,1,1,4,17,'good','0000-00-00 00:00:00'),(90,1,1,4,18,'good','0000-00-00 00:00:00'),(91,1,1,4,19,'good','0000-00-00 00:00:00'),(92,1,1,4,20,'good','0000-00-00 00:00:00'),(93,1,1,4,21,'good','0000-00-00 00:00:00'),(94,1,1,4,22,'good','0000-00-00 00:00:00'),(95,1,1,4,23,'good','0000-00-00 00:00:00'),(96,1,1,4,24,'good','0000-00-00 00:00:00'),(97,1,1,5,1,'good','0000-00-00 00:00:00'),(98,1,1,5,2,'good','0000-00-00 00:00:00'),(99,1,1,5,3,'good','0000-00-00 00:00:00'),(100,1,1,5,4,'good','0000-00-00 00:00:00'),(101,1,1,5,5,'good','0000-00-00 00:00:00'),(102,1,1,5,6,'good','0000-00-00 00:00:00'),(103,1,1,5,7,'good','0000-00-00 00:00:00'),(104,1,1,5,8,'good','0000-00-00 00:00:00'),(105,1,1,5,9,'good','0000-00-00 00:00:00'),(106,1,1,5,10,'good','0000-00-00 00:00:00'),(107,1,1,5,11,'good','0000-00-00 00:00:00'),(108,1,1,5,12,'good','0000-00-00 00:00:00'),(109,1,1,5,13,'good','0000-00-00 00:00:00'),(110,1,1,5,14,'good','0000-00-00 00:00:00'),(111,1,1,5,15,'good','0000-00-00 00:00:00'),(112,1,1,5,16,'good','0000-00-00 00:00:00'),(113,1,1,5,17,'good','0000-00-00 00:00:00'),(114,1,1,5,18,'good','0000-00-00 00:00:00'),(115,1,1,5,19,'good','0000-00-00 00:00:00'),(116,1,1,5,20,'good','0000-00-00 00:00:00'),(117,1,1,5,21,'good','0000-00-00 00:00:00'),(118,1,1,5,22,'good','0000-00-00 00:00:00'),(119,1,1,5,23,'good','0000-00-00 00:00:00'),(120,1,1,5,24,'good','0000-00-00 00:00:00'),(121,1,2,1,1,'good','0000-00-00 00:00:00'),(122,1,2,1,2,'good','0000-00-00 00:00:00'),(123,1,2,1,3,'good','0000-00-00 00:00:00'),(124,1,2,1,4,'good','0000-00-00 00:00:00'),(125,1,2,1,5,'good','0000-00-00 00:00:00'),(126,1,2,1,6,'good','0000-00-00 00:00:00'),(127,1,2,1,7,'good','0000-00-00 00:00:00'),(128,1,2,1,8,'good','0000-00-00 00:00:00'),(129,1,2,1,9,'good','0000-00-00 00:00:00'),(130,1,2,1,10,'good','0000-00-00 00:00:00'),(131,1,2,1,11,'good','0000-00-00 00:00:00'),(132,1,2,1,12,'good','0000-00-00 00:00:00'),(133,1,2,1,13,'good','0000-00-00 00:00:00'),(134,1,2,1,14,'good','0000-00-00 00:00:00'),(135,1,2,1,15,'good','0000-00-00 00:00:00'),(136,1,2,1,16,'good','0000-00-00 00:00:00'),(137,1,2,1,17,'good','0000-00-00 00:00:00'),(138,1,2,1,18,'good','0000-00-00 00:00:00'),(139,1,2,1,19,'good','0000-00-00 00:00:00'),(140,1,2,1,20,'good','0000-00-00 00:00:00'),(141,1,2,1,21,'good','0000-00-00 00:00:00'),(142,1,2,1,22,'good','0000-00-00 00:00:00'),(143,1,2,1,23,'good','0000-00-00 00:00:00'),(144,1,2,1,24,'good','0000-00-00 00:00:00'),(145,1,2,2,1,'good','0000-00-00 00:00:00'),(146,1,2,2,2,'good','0000-00-00 00:00:00'),(147,1,2,2,3,'good','0000-00-00 00:00:00'),(148,1,2,2,4,'good','0000-00-00 00:00:00'),(149,1,2,2,5,'good','0000-00-00 00:00:00'),(150,1,2,2,6,'good','0000-00-00 00:00:00'),(151,1,2,2,7,'good','0000-00-00 00:00:00'),(152,1,2,2,8,'good','0000-00-00 00:00:00'),(153,1,2,2,9,'good','0000-00-00 00:00:00'),(154,1,2,2,10,'good','0000-00-00 00:00:00'),(155,1,2,2,11,'good','0000-00-00 00:00:00'),(156,1,2,2,12,'good','0000-00-00 00:00:00'),(157,1,2,2,13,'good','0000-00-00 00:00:00'),(158,1,2,2,14,'good','0000-00-00 00:00:00'),(159,1,2,2,15,'good','0000-00-00 00:00:00'),(160,1,2,2,16,'good','0000-00-00 00:00:00'),(161,1,2,2,17,'good','0000-00-00 00:00:00'),(162,1,2,2,18,'good','0000-00-00 00:00:00'),(163,1,2,2,19,'good','0000-00-00 00:00:00'),(164,1,2,2,20,'good','0000-00-00 00:00:00'),(165,1,2,2,21,'good','0000-00-00 00:00:00'),(166,1,2,2,22,'good','0000-00-00 00:00:00'),(167,1,2,2,23,'good','0000-00-00 00:00:00'),(168,1,2,2,24,'good','0000-00-00 00:00:00'),(169,1,2,3,1,'good','0000-00-00 00:00:00'),(170,1,2,3,2,'good','0000-00-00 00:00:00'),(171,1,2,3,3,'good','0000-00-00 00:00:00'),(172,1,2,3,4,'good','0000-00-00 00:00:00'),(173,1,2,3,5,'good','0000-00-00 00:00:00'),(174,1,2,3,6,'good','0000-00-00 00:00:00'),(175,1,2,3,7,'good','0000-00-00 00:00:00'),(176,1,2,3,8,'good','0000-00-00 00:00:00'),(177,1,2,3,9,'good','0000-00-00 00:00:00'),(178,1,2,3,10,'good','0000-00-00 00:00:00'),(179,1,2,3,11,'good','0000-00-00 00:00:00'),(180,1,2,3,12,'good','0000-00-00 00:00:00'),(181,1,2,3,13,'good','0000-00-00 00:00:00'),(182,1,2,3,14,'good','0000-00-00 00:00:00'),(183,1,2,3,15,'good','0000-00-00 00:00:00'),(184,1,2,3,16,'good','0000-00-00 00:00:00'),(185,1,2,3,17,'good','0000-00-00 00:00:00'),(186,1,2,3,18,'good','0000-00-00 00:00:00'),(187,1,2,3,19,'good','0000-00-00 00:00:00'),(188,1,2,3,20,'good','0000-00-00 00:00:00'),(189,1,2,3,21,'good','0000-00-00 00:00:00'),(190,1,2,3,22,'good','0000-00-00 00:00:00'),(191,1,2,3,23,'good','0000-00-00 00:00:00'),(192,1,2,3,24,'good','0000-00-00 00:00:00'),(193,1,2,4,1,'good','0000-00-00 00:00:00'),(194,1,2,4,2,'good','0000-00-00 00:00:00'),(195,1,2,4,3,'good','0000-00-00 00:00:00'),(196,1,2,4,4,'good','0000-00-00 00:00:00'),(197,1,2,4,5,'good','0000-00-00 00:00:00'),(198,1,2,4,6,'good','0000-00-00 00:00:00'),(199,1,2,4,7,'good','0000-00-00 00:00:00'),(200,1,2,4,8,'good','0000-00-00 00:00:00'),(201,1,2,4,9,'good','0000-00-00 00:00:00'),(202,1,2,4,10,'good','0000-00-00 00:00:00'),(203,1,2,4,11,'good','0000-00-00 00:00:00'),(204,1,2,4,12,'good','0000-00-00 00:00:00'),(205,1,2,4,13,'good','0000-00-00 00:00:00'),(206,1,2,4,14,'good','0000-00-00 00:00:00'),(207,1,2,4,15,'good','0000-00-00 00:00:00'),(208,1,2,4,16,'good','0000-00-00 00:00:00'),(209,1,2,4,17,'good','0000-00-00 00:00:00'),(210,1,2,4,18,'good','0000-00-00 00:00:00'),(211,1,2,4,19,'good','0000-00-00 00:00:00'),(212,1,2,4,20,'good','0000-00-00 00:00:00'),(213,1,2,4,21,'good','0000-00-00 00:00:00'),(214,1,2,4,22,'good','0000-00-00 00:00:00'),(215,1,2,4,23,'good','0000-00-00 00:00:00'),(216,1,2,4,24,'good','0000-00-00 00:00:00'),(217,1,2,5,1,'good','0000-00-00 00:00:00'),(218,1,2,5,2,'good','0000-00-00 00:00:00'),(219,1,2,5,3,'good','0000-00-00 00:00:00'),(220,1,2,5,4,'good','0000-00-00 00:00:00'),(221,1,2,5,5,'good','0000-00-00 00:00:00'),(222,1,2,5,6,'good','0000-00-00 00:00:00'),(223,1,2,5,7,'good','0000-00-00 00:00:00'),(224,1,2,5,8,'good','0000-00-00 00:00:00'),(225,1,2,5,9,'good','0000-00-00 00:00:00'),(226,1,2,5,10,'good','0000-00-00 00:00:00'),(227,1,2,5,11,'good','0000-00-00 00:00:00'),(228,1,2,5,12,'good','0000-00-00 00:00:00'),(229,1,2,5,13,'good','0000-00-00 00:00:00'),(230,1,2,5,14,'good','0000-00-00 00:00:00'),(231,1,2,5,15,'good','0000-00-00 00:00:00'),(232,1,2,5,16,'good','0000-00-00 00:00:00'),(233,1,2,5,17,'good','0000-00-00 00:00:00'),(234,1,2,5,18,'good','0000-00-00 00:00:00'),(235,1,2,5,19,'good','0000-00-00 00:00:00'),(236,1,2,5,20,'good','0000-00-00 00:00:00'),(237,1,2,5,21,'good','0000-00-00 00:00:00'),(238,1,2,5,22,'good','0000-00-00 00:00:00'),(239,1,2,5,23,'good','0000-00-00 00:00:00'),(240,1,2,5,24,'good','0000-00-00 00:00:00'),(241,1,3,1,1,'good','0000-00-00 00:00:00'),(242,1,3,1,2,'good','0000-00-00 00:00:00'),(243,1,3,1,3,'good','0000-00-00 00:00:00'),(244,1,3,1,4,'good','0000-00-00 00:00:00'),(245,1,3,1,5,'good','0000-00-00 00:00:00'),(246,1,3,1,6,'good','0000-00-00 00:00:00'),(247,1,3,1,7,'good','0000-00-00 00:00:00'),(248,1,3,1,8,'good','0000-00-00 00:00:00'),(249,1,3,1,9,'good','0000-00-00 00:00:00'),(250,1,3,1,10,'good','0000-00-00 00:00:00'),(251,1,3,1,11,'good','0000-00-00 00:00:00'),(252,1,3,1,12,'good','0000-00-00 00:00:00'),(253,1,3,1,13,'good','0000-00-00 00:00:00'),(254,1,3,1,14,'good','0000-00-00 00:00:00'),(255,1,3,1,15,'good','0000-00-00 00:00:00'),(256,1,3,1,16,'good','0000-00-00 00:00:00'),(257,1,3,1,17,'good','0000-00-00 00:00:00'),(258,1,3,1,18,'good','0000-00-00 00:00:00'),(259,1,3,1,19,'good','0000-00-00 00:00:00'),(260,1,3,1,20,'good','0000-00-00 00:00:00'),(261,1,3,1,21,'good','0000-00-00 00:00:00'),(262,1,3,1,22,'good','0000-00-00 00:00:00'),(263,1,3,1,23,'good','0000-00-00 00:00:00'),(264,1,3,1,24,'good','0000-00-00 00:00:00'),(265,1,3,2,1,'good','0000-00-00 00:00:00'),(266,1,3,2,2,'good','0000-00-00 00:00:00'),(267,1,3,2,3,'good','0000-00-00 00:00:00'),(268,1,3,2,4,'good','0000-00-00 00:00:00'),(269,1,3,2,5,'good','0000-00-00 00:00:00'),(270,1,3,2,6,'good','0000-00-00 00:00:00'),(271,1,3,2,7,'good','0000-00-00 00:00:00'),(272,1,3,2,8,'good','0000-00-00 00:00:00'),(273,1,3,2,9,'good','0000-00-00 00:00:00'),(274,1,3,2,10,'good','0000-00-00 00:00:00'),(275,1,3,2,11,'good','0000-00-00 00:00:00'),(276,1,3,2,12,'good','0000-00-00 00:00:00'),(277,1,3,2,13,'good','0000-00-00 00:00:00'),(278,1,3,2,14,'good','0000-00-00 00:00:00'),(279,1,3,2,15,'good','0000-00-00 00:00:00'),(280,1,3,2,16,'good','0000-00-00 00:00:00'),(281,1,3,2,17,'good','0000-00-00 00:00:00'),(282,1,3,2,18,'good','0000-00-00 00:00:00'),(283,1,3,2,19,'good','0000-00-00 00:00:00'),(284,1,3,2,20,'good','0000-00-00 00:00:00'),(285,1,3,2,21,'good','0000-00-00 00:00:00'),(286,1,3,2,22,'good','0000-00-00 00:00:00'),(287,1,3,2,23,'good','0000-00-00 00:00:00'),(288,1,3,2,24,'good','0000-00-00 00:00:00'),(289,1,3,3,1,'good','0000-00-00 00:00:00'),(290,1,3,3,2,'good','0000-00-00 00:00:00'),(291,1,3,3,3,'good','0000-00-00 00:00:00'),(292,1,3,3,4,'good','0000-00-00 00:00:00'),(293,1,3,3,5,'good','0000-00-00 00:00:00'),(294,1,3,3,6,'good','0000-00-00 00:00:00'),(295,1,3,3,7,'good','0000-00-00 00:00:00'),(296,1,3,3,8,'good','0000-00-00 00:00:00'),(297,1,3,3,9,'good','0000-00-00 00:00:00'),(298,1,3,3,10,'good','0000-00-00 00:00:00'),(299,1,3,3,11,'good','0000-00-00 00:00:00'),(300,1,3,3,12,'good','0000-00-00 00:00:00'),(301,1,3,3,13,'good','0000-00-00 00:00:00'),(302,1,3,3,14,'good','0000-00-00 00:00:00'),(303,1,3,3,15,'good','0000-00-00 00:00:00'),(304,1,3,3,16,'good','0000-00-00 00:00:00'),(305,1,3,3,17,'good','0000-00-00 00:00:00'),(306,1,3,3,18,'good','0000-00-00 00:00:00'),(307,1,3,3,19,'good','0000-00-00 00:00:00'),(308,1,3,3,20,'good','0000-00-00 00:00:00'),(309,1,3,3,21,'good','0000-00-00 00:00:00'),(310,1,3,3,22,'good','0000-00-00 00:00:00'),(311,1,3,3,23,'good','0000-00-00 00:00:00'),(312,1,3,3,24,'good','0000-00-00 00:00:00'),(313,1,3,4,1,'good','0000-00-00 00:00:00'),(314,1,3,4,2,'good','0000-00-00 00:00:00'),(315,1,3,4,3,'good','0000-00-00 00:00:00'),(316,1,3,4,4,'good','0000-00-00 00:00:00'),(317,1,3,4,5,'good','0000-00-00 00:00:00'),(318,1,3,4,6,'good','0000-00-00 00:00:00'),(319,1,3,4,7,'good','0000-00-00 00:00:00'),(320,1,3,4,8,'good','0000-00-00 00:00:00'),(321,1,3,4,9,'good','0000-00-00 00:00:00'),(322,1,3,4,10,'good','0000-00-00 00:00:00'),(323,1,3,4,11,'good','0000-00-00 00:00:00'),(324,1,3,4,12,'good','0000-00-00 00:00:00'),(325,1,3,4,13,'good','0000-00-00 00:00:00'),(326,1,3,4,14,'good','0000-00-00 00:00:00'),(327,1,3,4,15,'good','0000-00-00 00:00:00'),(328,1,3,4,16,'good','0000-00-00 00:00:00'),(329,1,3,4,17,'good','0000-00-00 00:00:00'),(330,1,3,4,18,'good','0000-00-00 00:00:00'),(331,1,3,4,19,'good','0000-00-00 00:00:00'),(332,1,3,4,20,'good','0000-00-00 00:00:00'),(333,1,3,4,21,'good','0000-00-00 00:00:00'),(334,1,3,4,22,'good','0000-00-00 00:00:00'),(335,1,3,4,23,'good','0000-00-00 00:00:00'),(336,1,3,4,24,'good','0000-00-00 00:00:00'),(337,1,3,5,1,'good','0000-00-00 00:00:00'),(338,1,3,5,2,'good','0000-00-00 00:00:00'),(339,1,3,5,3,'good','0000-00-00 00:00:00'),(340,1,3,5,4,'good','0000-00-00 00:00:00'),(341,1,3,5,5,'good','0000-00-00 00:00:00'),(342,1,3,5,6,'good','0000-00-00 00:00:00'),(343,1,3,5,7,'good','0000-00-00 00:00:00'),(344,1,3,5,8,'good','0000-00-00 00:00:00'),(345,1,3,5,9,'good','0000-00-00 00:00:00'),(346,1,3,5,10,'good','0000-00-00 00:00:00'),(347,1,3,5,11,'good','0000-00-00 00:00:00'),(348,1,3,5,12,'good','0000-00-00 00:00:00'),(349,1,3,5,13,'good','0000-00-00 00:00:00'),(350,1,3,5,14,'good','0000-00-00 00:00:00'),(351,1,3,5,15,'good','0000-00-00 00:00:00'),(352,1,3,5,16,'good','0000-00-00 00:00:00'),(353,1,3,5,17,'good','0000-00-00 00:00:00'),(354,1,3,5,18,'good','0000-00-00 00:00:00'),(355,1,3,5,19,'good','0000-00-00 00:00:00'),(356,1,3,5,20,'good','0000-00-00 00:00:00'),(357,1,3,5,21,'good','0000-00-00 00:00:00'),(358,1,3,5,22,'good','0000-00-00 00:00:00'),(359,1,3,5,23,'good','0000-00-00 00:00:00'),(360,1,3,5,24,'good','0000-00-00 00:00:00'),(361,1,3,6,1,'good','0000-00-00 00:00:00'),(362,1,3,6,2,'good','0000-00-00 00:00:00'),(363,1,3,6,3,'good','0000-00-00 00:00:00'),(364,1,3,6,4,'good','0000-00-00 00:00:00'),(365,1,3,6,5,'good','0000-00-00 00:00:00'),(366,1,3,6,6,'good','0000-00-00 00:00:00'),(367,1,3,6,7,'good','0000-00-00 00:00:00'),(368,1,3,6,8,'good','0000-00-00 00:00:00'),(369,1,3,6,9,'good','0000-00-00 00:00:00'),(370,1,3,6,10,'good','0000-00-00 00:00:00'),(371,1,3,6,11,'good','0000-00-00 00:00:00'),(372,1,3,6,12,'good','0000-00-00 00:00:00'),(373,1,3,6,13,'good','0000-00-00 00:00:00'),(374,1,3,6,14,'good','0000-00-00 00:00:00'),(375,1,3,6,15,'good','0000-00-00 00:00:00'),(376,1,3,6,16,'good','0000-00-00 00:00:00'),(377,1,3,6,17,'good','0000-00-00 00:00:00'),(378,1,3,6,18,'good','0000-00-00 00:00:00'),(379,1,3,6,19,'good','0000-00-00 00:00:00'),(380,1,3,6,20,'good','0000-00-00 00:00:00'),(381,1,3,6,21,'good','0000-00-00 00:00:00'),(382,1,3,6,22,'good','0000-00-00 00:00:00'),(383,1,3,6,23,'good','0000-00-00 00:00:00'),(384,1,3,6,24,'good','0000-00-00 00:00:00'),(385,1,3,7,1,'good','0000-00-00 00:00:00'),(386,1,3,7,2,'good','0000-00-00 00:00:00'),(387,1,3,7,3,'good','0000-00-00 00:00:00'),(388,1,3,7,4,'good','0000-00-00 00:00:00'),(389,1,3,7,5,'good','0000-00-00 00:00:00'),(390,1,3,7,6,'good','0000-00-00 00:00:00'),(391,1,3,7,7,'good','0000-00-00 00:00:00'),(392,1,3,7,8,'good','0000-00-00 00:00:00'),(393,1,3,7,9,'good','0000-00-00 00:00:00'),(394,1,3,7,10,'good','0000-00-00 00:00:00'),(395,1,3,7,11,'good','0000-00-00 00:00:00'),(396,1,3,7,12,'good','0000-00-00 00:00:00'),(397,1,3,7,13,'good','0000-00-00 00:00:00'),(398,1,3,7,14,'good','0000-00-00 00:00:00'),(399,1,3,7,15,'good','0000-00-00 00:00:00'),(400,1,3,7,16,'good','0000-00-00 00:00:00'),(401,1,3,7,17,'good','0000-00-00 00:00:00'),(402,1,3,7,18,'good','0000-00-00 00:00:00'),(403,1,3,7,19,'good','0000-00-00 00:00:00'),(404,1,3,7,20,'good','0000-00-00 00:00:00'),(405,1,3,7,21,'good','0000-00-00 00:00:00'),(406,1,3,7,22,'good','0000-00-00 00:00:00'),(407,1,3,7,23,'good','0000-00-00 00:00:00'),(408,1,3,7,24,'good','0000-00-00 00:00:00'),(409,1,3,8,1,'good','0000-00-00 00:00:00'),(410,1,3,8,2,'good','0000-00-00 00:00:00'),(411,1,3,8,3,'good','0000-00-00 00:00:00'),(412,1,3,8,4,'good','0000-00-00 00:00:00'),(413,1,3,8,5,'good','0000-00-00 00:00:00'),(414,1,3,8,6,'good','0000-00-00 00:00:00'),(415,1,3,8,7,'good','0000-00-00 00:00:00'),(416,1,3,8,8,'good','0000-00-00 00:00:00'),(417,1,3,8,9,'good','0000-00-00 00:00:00'),(418,1,3,8,10,'good','0000-00-00 00:00:00'),(419,1,3,8,11,'good','0000-00-00 00:00:00'),(420,1,3,8,12,'good','0000-00-00 00:00:00'),(421,1,3,8,13,'good','0000-00-00 00:00:00'),(422,1,3,8,14,'good','0000-00-00 00:00:00'),(423,1,3,8,15,'good','0000-00-00 00:00:00'),(424,1,3,8,16,'good','0000-00-00 00:00:00'),(425,1,3,8,17,'good','0000-00-00 00:00:00'),(426,1,3,8,18,'good','0000-00-00 00:00:00'),(427,1,3,8,19,'good','0000-00-00 00:00:00'),(428,1,3,8,20,'good','0000-00-00 00:00:00'),(429,1,3,8,21,'good','0000-00-00 00:00:00'),(430,1,3,8,22,'good','0000-00-00 00:00:00'),(431,1,3,8,23,'good','0000-00-00 00:00:00'),(432,1,3,8,24,'good','0000-00-00 00:00:00'),(433,1,3,9,1,'good','0000-00-00 00:00:00'),(434,1,3,9,2,'good','0000-00-00 00:00:00'),(435,1,3,9,3,'good','0000-00-00 00:00:00'),(436,1,3,9,4,'good','0000-00-00 00:00:00'),(437,1,3,9,5,'good','0000-00-00 00:00:00'),(438,1,3,9,6,'good','0000-00-00 00:00:00'),(439,1,3,9,7,'good','0000-00-00 00:00:00'),(440,1,3,9,8,'good','0000-00-00 00:00:00'),(441,1,3,9,9,'good','0000-00-00 00:00:00'),(442,1,3,9,10,'good','0000-00-00 00:00:00'),(443,1,3,9,11,'good','0000-00-00 00:00:00'),(444,1,3,9,12,'good','0000-00-00 00:00:00'),(445,1,3,9,13,'good','0000-00-00 00:00:00'),(446,1,3,9,14,'good','0000-00-00 00:00:00'),(447,1,3,9,15,'good','0000-00-00 00:00:00'),(448,1,3,9,16,'good','0000-00-00 00:00:00'),(449,1,3,9,17,'good','0000-00-00 00:00:00'),(450,1,3,9,18,'good','0000-00-00 00:00:00'),(451,1,3,9,19,'good','0000-00-00 00:00:00'),(452,1,3,9,20,'good','0000-00-00 00:00:00'),(453,1,3,9,21,'good','0000-00-00 00:00:00'),(454,1,3,9,22,'good','0000-00-00 00:00:00'),(455,1,3,9,23,'good','0000-00-00 00:00:00'),(456,1,3,9,24,'good','0000-00-00 00:00:00'),(457,1,3,10,1,'good','0000-00-00 00:00:00'),(458,1,3,10,2,'good','0000-00-00 00:00:00'),(459,1,3,10,3,'good','0000-00-00 00:00:00'),(460,1,3,10,4,'good','0000-00-00 00:00:00'),(461,1,3,10,5,'good','0000-00-00 00:00:00'),(462,1,3,10,6,'good','0000-00-00 00:00:00'),(463,1,3,10,7,'good','0000-00-00 00:00:00'),(464,1,3,10,8,'good','0000-00-00 00:00:00'),(465,1,3,10,9,'good','0000-00-00 00:00:00'),(466,1,3,10,10,'good','0000-00-00 00:00:00'),(467,1,3,10,11,'good','0000-00-00 00:00:00'),(468,1,3,10,12,'good','0000-00-00 00:00:00'),(469,1,3,10,13,'good','0000-00-00 00:00:00'),(470,1,3,10,14,'good','0000-00-00 00:00:00'),(471,1,3,10,15,'good','0000-00-00 00:00:00'),(472,1,3,10,16,'good','0000-00-00 00:00:00'),(473,1,3,10,17,'good','0000-00-00 00:00:00'),(474,1,3,10,18,'good','0000-00-00 00:00:00'),(475,1,3,10,19,'good','0000-00-00 00:00:00'),(476,1,3,10,20,'good','0000-00-00 00:00:00'),(477,1,3,10,21,'good','0000-00-00 00:00:00'),(478,1,3,10,22,'good','0000-00-00 00:00:00'),(479,1,3,10,23,'good','0000-00-00 00:00:00'),(480,1,3,10,24,'good','0000-00-00 00:00:00'),(481,1,4,1,1,'good','0000-00-00 00:00:00'),(482,1,4,1,2,'good','0000-00-00 00:00:00'),(483,1,4,1,3,'good','0000-00-00 00:00:00'),(484,1,4,1,4,'good','0000-00-00 00:00:00'),(485,1,4,1,5,'good','0000-00-00 00:00:00'),(486,1,4,1,6,'good','0000-00-00 00:00:00'),(487,1,4,1,7,'good','0000-00-00 00:00:00'),(488,1,4,1,8,'good','0000-00-00 00:00:00'),(489,1,4,1,9,'good','0000-00-00 00:00:00'),(490,1,4,1,10,'good','0000-00-00 00:00:00'),(491,1,4,1,11,'good','0000-00-00 00:00:00'),(492,1,4,1,12,'good','0000-00-00 00:00:00'),(493,1,4,1,13,'good','0000-00-00 00:00:00'),(494,1,4,1,14,'good','0000-00-00 00:00:00'),(495,1,4,1,15,'good','0000-00-00 00:00:00'),(496,1,4,1,16,'good','0000-00-00 00:00:00'),(497,1,4,1,17,'good','0000-00-00 00:00:00'),(498,1,4,1,18,'good','0000-00-00 00:00:00'),(499,1,4,1,19,'good','0000-00-00 00:00:00'),(500,1,4,1,20,'good','0000-00-00 00:00:00'),(501,1,4,1,21,'good','0000-00-00 00:00:00'),(502,1,4,1,22,'good','0000-00-00 00:00:00'),(503,1,4,1,23,'good','0000-00-00 00:00:00'),(504,1,4,1,24,'good','0000-00-00 00:00:00'),(505,1,4,2,1,'good','0000-00-00 00:00:00'),(506,1,4,2,2,'good','0000-00-00 00:00:00'),(507,1,4,2,3,'good','0000-00-00 00:00:00'),(508,1,4,2,4,'good','0000-00-00 00:00:00'),(509,1,4,2,5,'good','0000-00-00 00:00:00'),(510,1,4,2,6,'good','0000-00-00 00:00:00'),(511,1,4,2,7,'good','0000-00-00 00:00:00'),(512,1,4,2,8,'good','0000-00-00 00:00:00'),(513,1,4,2,9,'good','0000-00-00 00:00:00'),(514,1,4,2,10,'good','0000-00-00 00:00:00'),(515,1,4,2,11,'good','0000-00-00 00:00:00'),(516,1,4,2,12,'good','0000-00-00 00:00:00'),(517,1,4,2,13,'good','0000-00-00 00:00:00'),(518,1,4,2,14,'good','0000-00-00 00:00:00'),(519,1,4,2,15,'good','0000-00-00 00:00:00'),(520,1,4,2,16,'good','0000-00-00 00:00:00'),(521,1,4,2,17,'good','0000-00-00 00:00:00'),(522,1,4,2,18,'good','0000-00-00 00:00:00'),(523,1,4,2,19,'good','0000-00-00 00:00:00'),(524,1,4,2,20,'good','0000-00-00 00:00:00'),(525,1,4,2,21,'good','0000-00-00 00:00:00'),(526,1,4,2,22,'good','0000-00-00 00:00:00'),(527,1,4,2,23,'good','0000-00-00 00:00:00'),(528,1,4,2,24,'good','0000-00-00 00:00:00'),(529,1,4,3,1,'good','0000-00-00 00:00:00'),(530,1,4,3,2,'good','0000-00-00 00:00:00'),(531,1,4,3,3,'good','0000-00-00 00:00:00'),(532,1,4,3,4,'good','0000-00-00 00:00:00'),(533,1,4,3,5,'good','0000-00-00 00:00:00'),(534,1,4,3,6,'good','0000-00-00 00:00:00'),(535,1,4,3,7,'good','0000-00-00 00:00:00'),(536,1,4,3,8,'good','0000-00-00 00:00:00'),(537,1,4,3,9,'good','0000-00-00 00:00:00'),(538,1,4,3,10,'good','0000-00-00 00:00:00'),(539,1,4,3,11,'good','0000-00-00 00:00:00'),(540,1,4,3,12,'good','0000-00-00 00:00:00'),(541,1,4,3,13,'good','0000-00-00 00:00:00'),(542,1,4,3,14,'good','0000-00-00 00:00:00'),(543,1,4,3,15,'good','0000-00-00 00:00:00'),(544,1,4,3,16,'good','0000-00-00 00:00:00'),(545,1,4,3,17,'good','0000-00-00 00:00:00'),(546,1,4,3,18,'good','0000-00-00 00:00:00'),(547,1,4,3,19,'good','0000-00-00 00:00:00'),(548,1,4,3,20,'good','0000-00-00 00:00:00'),(549,1,4,3,21,'good','0000-00-00 00:00:00'),(550,1,4,3,22,'good','0000-00-00 00:00:00'),(551,1,4,3,23,'good','0000-00-00 00:00:00'),(552,1,4,3,24,'good','0000-00-00 00:00:00'),(553,1,4,4,1,'good','0000-00-00 00:00:00'),(554,1,4,4,2,'good','0000-00-00 00:00:00'),(555,1,4,4,3,'good','0000-00-00 00:00:00'),(556,1,4,4,4,'good','0000-00-00 00:00:00'),(557,1,4,4,5,'good','0000-00-00 00:00:00'),(558,1,4,4,6,'good','0000-00-00 00:00:00'),(559,1,4,4,7,'good','0000-00-00 00:00:00'),(560,1,4,4,8,'good','0000-00-00 00:00:00'),(561,1,4,4,9,'good','0000-00-00 00:00:00'),(562,1,4,4,10,'good','0000-00-00 00:00:00'),(563,1,4,4,11,'good','0000-00-00 00:00:00'),(564,1,4,4,12,'good','0000-00-00 00:00:00'),(565,1,4,4,13,'good','0000-00-00 00:00:00'),(566,1,4,4,14,'good','0000-00-00 00:00:00'),(567,1,4,4,15,'good','0000-00-00 00:00:00'),(568,1,4,4,16,'good','0000-00-00 00:00:00'),(569,1,4,4,17,'good','0000-00-00 00:00:00'),(570,1,4,4,18,'good','0000-00-00 00:00:00'),(571,1,4,4,19,'good','0000-00-00 00:00:00'),(572,1,4,4,20,'good','0000-00-00 00:00:00'),(573,1,4,4,21,'good','0000-00-00 00:00:00'),(574,1,4,4,22,'good','0000-00-00 00:00:00'),(575,1,4,4,23,'good','0000-00-00 00:00:00'),(576,1,4,4,24,'good','0000-00-00 00:00:00'),(577,1,4,5,1,'good','0000-00-00 00:00:00'),(578,1,4,5,2,'good','0000-00-00 00:00:00'),(579,1,4,5,3,'good','0000-00-00 00:00:00'),(580,1,4,5,4,'good','0000-00-00 00:00:00'),(581,1,4,5,5,'good','0000-00-00 00:00:00'),(582,1,4,5,6,'good','0000-00-00 00:00:00'),(583,1,4,5,7,'good','0000-00-00 00:00:00'),(584,1,4,5,8,'good','0000-00-00 00:00:00'),(585,1,4,5,9,'good','0000-00-00 00:00:00'),(586,1,4,5,10,'good','0000-00-00 00:00:00'),(587,1,4,5,11,'good','0000-00-00 00:00:00'),(588,1,4,5,12,'good','0000-00-00 00:00:00'),(589,1,4,5,13,'good','0000-00-00 00:00:00'),(590,1,4,5,14,'good','0000-00-00 00:00:00'),(591,1,4,5,15,'good','0000-00-00 00:00:00'),(592,1,4,5,16,'good','0000-00-00 00:00:00'),(593,1,4,5,17,'good','0000-00-00 00:00:00'),(594,1,4,5,18,'good','0000-00-00 00:00:00'),(595,1,4,5,19,'good','0000-00-00 00:00:00'),(596,1,4,5,20,'good','0000-00-00 00:00:00'),(597,1,4,5,21,'good','0000-00-00 00:00:00'),(598,1,4,5,22,'good','0000-00-00 00:00:00'),(599,1,4,5,23,'good','0000-00-00 00:00:00'),(600,1,4,5,24,'good','0000-00-00 00:00:00'),(601,1,4,6,1,'good','0000-00-00 00:00:00'),(602,1,4,6,2,'good','0000-00-00 00:00:00'),(603,1,4,6,3,'good','0000-00-00 00:00:00'),(604,1,4,6,4,'good','0000-00-00 00:00:00'),(605,1,4,6,5,'good','0000-00-00 00:00:00'),(606,1,4,6,6,'good','0000-00-00 00:00:00'),(607,1,4,6,7,'good','0000-00-00 00:00:00'),(608,1,4,6,8,'good','0000-00-00 00:00:00'),(609,1,4,6,9,'good','0000-00-00 00:00:00'),(610,1,4,6,10,'good','0000-00-00 00:00:00'),(611,1,4,6,11,'good','0000-00-00 00:00:00'),(612,1,4,6,12,'good','0000-00-00 00:00:00'),(613,1,4,6,13,'good','0000-00-00 00:00:00'),(614,1,4,6,14,'good','0000-00-00 00:00:00'),(615,1,4,6,15,'good','0000-00-00 00:00:00'),(616,1,4,6,16,'good','0000-00-00 00:00:00'),(617,1,4,6,17,'good','0000-00-00 00:00:00'),(618,1,4,6,18,'good','0000-00-00 00:00:00'),(619,1,4,6,19,'good','0000-00-00 00:00:00'),(620,1,4,6,20,'good','0000-00-00 00:00:00'),(621,1,4,6,21,'good','0000-00-00 00:00:00'),(622,1,4,6,22,'good','0000-00-00 00:00:00'),(623,1,4,6,23,'good','0000-00-00 00:00:00'),(624,1,4,6,24,'good','0000-00-00 00:00:00'),(625,1,4,7,1,'good','0000-00-00 00:00:00'),(626,1,4,7,2,'good','0000-00-00 00:00:00'),(627,1,4,7,3,'good','0000-00-00 00:00:00'),(628,1,4,7,4,'good','0000-00-00 00:00:00'),(629,1,4,7,5,'good','0000-00-00 00:00:00'),(630,1,4,7,6,'good','0000-00-00 00:00:00'),(631,1,4,7,7,'good','0000-00-00 00:00:00'),(632,1,4,7,8,'good','0000-00-00 00:00:00'),(633,1,4,7,9,'good','0000-00-00 00:00:00'),(634,1,4,7,10,'good','0000-00-00 00:00:00'),(635,1,4,7,11,'good','0000-00-00 00:00:00'),(636,1,4,7,12,'good','0000-00-00 00:00:00'),(637,1,4,7,13,'good','0000-00-00 00:00:00'),(638,1,4,7,14,'good','0000-00-00 00:00:00'),(639,1,4,7,15,'good','0000-00-00 00:00:00'),(640,1,4,7,16,'good','0000-00-00 00:00:00'),(641,1,4,7,17,'good','0000-00-00 00:00:00'),(642,1,4,7,18,'good','0000-00-00 00:00:00'),(643,1,4,7,19,'good','0000-00-00 00:00:00'),(644,1,4,7,20,'good','0000-00-00 00:00:00'),(645,1,4,7,21,'good','0000-00-00 00:00:00'),(646,1,4,7,22,'good','0000-00-00 00:00:00'),(647,1,4,7,23,'good','0000-00-00 00:00:00'),(648,1,4,7,24,'good','0000-00-00 00:00:00'),(649,1,4,8,1,'good','0000-00-00 00:00:00'),(650,1,4,8,2,'good','0000-00-00 00:00:00'),(651,1,4,8,3,'good','0000-00-00 00:00:00'),(652,1,4,8,4,'good','0000-00-00 00:00:00'),(653,1,4,8,5,'good','0000-00-00 00:00:00'),(654,1,4,8,6,'good','0000-00-00 00:00:00'),(655,1,4,8,7,'good','0000-00-00 00:00:00'),(656,1,4,8,8,'good','0000-00-00 00:00:00'),(657,1,4,8,9,'good','0000-00-00 00:00:00'),(658,1,4,8,10,'good','0000-00-00 00:00:00'),(659,1,4,8,11,'good','0000-00-00 00:00:00'),(660,1,4,8,12,'good','0000-00-00 00:00:00'),(661,1,4,8,13,'good','0000-00-00 00:00:00'),(662,1,4,8,14,'good','0000-00-00 00:00:00'),(663,1,4,8,15,'good','0000-00-00 00:00:00'),(664,1,4,8,16,'good','0000-00-00 00:00:00'),(665,1,4,8,17,'good','0000-00-00 00:00:00'),(666,1,4,8,18,'good','0000-00-00 00:00:00'),(667,1,4,8,19,'good','0000-00-00 00:00:00'),(668,1,4,8,20,'good','0000-00-00 00:00:00'),(669,1,4,8,21,'good','0000-00-00 00:00:00'),(670,1,4,8,22,'good','0000-00-00 00:00:00'),(671,1,4,8,23,'good','0000-00-00 00:00:00'),(672,1,4,8,24,'good','0000-00-00 00:00:00'),(673,1,4,9,1,'good','0000-00-00 00:00:00'),(674,1,4,9,2,'good','0000-00-00 00:00:00'),(675,1,4,9,3,'good','0000-00-00 00:00:00'),(676,1,4,9,4,'good','0000-00-00 00:00:00'),(677,1,4,9,5,'good','0000-00-00 00:00:00'),(678,1,4,9,6,'good','0000-00-00 00:00:00'),(679,1,4,9,7,'good','0000-00-00 00:00:00'),(680,1,4,9,8,'good','0000-00-00 00:00:00'),(681,1,4,9,9,'good','0000-00-00 00:00:00'),(682,1,4,9,10,'good','0000-00-00 00:00:00'),(683,1,4,9,11,'good','0000-00-00 00:00:00'),(684,1,4,9,12,'good','0000-00-00 00:00:00'),(685,1,4,9,13,'good','0000-00-00 00:00:00'),(686,1,4,9,14,'good','0000-00-00 00:00:00'),(687,1,4,9,15,'good','0000-00-00 00:00:00'),(688,1,4,9,16,'good','0000-00-00 00:00:00'),(689,1,4,9,17,'good','0000-00-00 00:00:00'),(690,1,4,9,18,'good','0000-00-00 00:00:00'),(691,1,4,9,19,'good','0000-00-00 00:00:00'),(692,1,4,9,20,'good','0000-00-00 00:00:00'),(693,1,4,9,21,'good','0000-00-00 00:00:00'),(694,1,4,9,22,'good','0000-00-00 00:00:00'),(695,1,4,9,23,'good','0000-00-00 00:00:00'),(696,1,4,9,24,'good','0000-00-00 00:00:00'),(697,1,4,10,1,'good','0000-00-00 00:00:00'),(698,1,4,10,2,'good','0000-00-00 00:00:00'),(699,1,4,10,3,'good','0000-00-00 00:00:00'),(700,1,4,10,4,'good','0000-00-00 00:00:00'),(701,1,4,10,5,'good','0000-00-00 00:00:00'),(702,1,4,10,6,'good','0000-00-00 00:00:00'),(703,1,4,10,7,'good','0000-00-00 00:00:00'),(704,1,4,10,8,'good','0000-00-00 00:00:00'),(705,1,4,10,9,'good','0000-00-00 00:00:00'),(706,1,4,10,10,'good','0000-00-00 00:00:00'),(707,1,4,10,11,'good','0000-00-00 00:00:00'),(708,1,4,10,12,'good','0000-00-00 00:00:00'),(709,1,4,10,13,'good','0000-00-00 00:00:00'),(710,1,4,10,14,'good','0000-00-00 00:00:00'),(711,1,4,10,15,'good','0000-00-00 00:00:00'),(712,1,4,10,16,'good','0000-00-00 00:00:00'),(713,1,4,10,17,'good','0000-00-00 00:00:00'),(714,1,4,10,18,'good','0000-00-00 00:00:00'),(715,1,4,10,19,'good','0000-00-00 00:00:00'),(716,1,4,10,20,'good','0000-00-00 00:00:00'),(717,1,4,10,21,'good','0000-00-00 00:00:00'),(718,1,4,10,22,'good','0000-00-00 00:00:00'),(719,1,4,10,23,'good','0000-00-00 00:00:00'),(720,1,4,10,24,'good','0000-00-00 00:00:00'),(721,2,1,1,17,'bad','0000-00-00 00:00:00'),(722,3,4,2,24,'bad','0000-00-00 00:00:00');
/*!40000 ALTER TABLE `dchvchan_status` ENABLE KEYS */;
UNLOCK TABLES;

--
-- Table structure for table `dchvstatus`
--

DROP TABLE IF EXISTS `dchvstatus`;
/*!40101 SET @saved_cs_client     = @@character_set_client */;
/*!40101 SET character_set_client = utf8 */;
CREATE TABLE `dchvstatus` (
  `id` int(10) unsigned NOT NULL,
  `statchangeid` smallint(5) unsigned NOT NULL AUTO_INCREMENT,
  `locationkey` enum('installed','cabinet') NOT NULL DEFAULT 'installed',
  `dchvcrateloc` tinyint(3) unsigned DEFAULT NULL,
  `dchvslotloc` tinyint(3) unsigned DEFAULT NULL,
  `dchvchanloc` tinyint(3) unsigned DEFAULT NULL,
  `status` enum('good','bad') NOT NULL DEFAULT 'good',
  `datebegstatus` timestamp NOT NULL DEFAULT CURRENT_TIMESTAMP,
  PRIMARY KEY (`statchangeid`,`id`)
) ENGINE=InnoDB AUTO_INCREMENT=2020 DEFAULT CHARSET=latin1;
/*!40101 SET character_set_client = @saved_cs_client */;

--
-- Dumping data for table `dchvstatus`
--

LOCK TABLES `dchvstatus` WRITE;
/*!40000 ALTER TABLE `dchvstatus` DISABLE KEYS */;
INSERT INTO `dchvstatus` VALUES (1001,1,'installed',1,1,1,'good','2014-07-22 17:33:40'),(1002,1,'installed',1,1,2,'good','2014-07-22 17:33:40'),(1003,1,'installed',1,1,3,'good','2014-07-22 17:33:40'),(1004,1,'installed',1,1,4,'good','2014-07-22 17:33:40'),(1005,1,'installed',1,1,5,'good','2014-07-22 17:33:40'),(1006,1,'installed',1,1,6,'good','2014-07-22 17:33:40'),(1007,1,'installed',1,1,7,'good','2014-07-22 17:33:40'),(1008,1,'installed',1,1,8,'good','2014-07-22 17:33:40'),(1009,1,'installed',1,1,9,'good','2014-07-22 17:33:40'),(1010,1,'installed',1,1,10,'good','2014-07-22 17:33:40'),(1011,1,'installed',1,1,11,'good','2014-07-22 17:33:40'),(1012,1,'installed',1,1,12,'good','2014-07-22 17:33:40'),(1013,1,'installed',1,1,13,'good','2014-07-22 17:33:40'),(1014,1,'installed',1,1,14,'good','2014-07-22 17:33:40'),(1015,1,'installed',1,1,15,'good','2014-07-22 17:33:40'),(1016,1,'installed',1,1,16,'good','2014-07-22 17:33:40'),(1017,1,'installed',1,1,17,'good','2014-07-22 17:33:40'),(1018,1,'installed',1,1,18,'good','2014-07-22 17:33:40'),(1019,1,'installed',1,1,19,'good','2014-07-22 17:33:40'),(1020,1,'installed',1,1,20,'good','2014-07-22 17:33:40'),(1021,1,'installed',1,1,21,'good','2014-07-22 17:33:40'),(1022,1,'installed',1,1,22,'good','2014-07-22 17:33:40'),(1023,1,'installed',1,1,23,'good','2014-07-22 17:33:40'),(1024,1,'installed',1,1,24,'good','2014-07-22 17:33:40'),(1025,1,'installed',1,2,1,'good','2014-07-22 17:33:40'),(1026,1,'installed',1,2,2,'good','2014-07-22 17:33:40'),(1027,1,'installed',1,2,3,'good','2014-07-22 17:33:40'),(1028,1,'installed',1,2,4,'good','2014-07-22 17:33:40'),(1029,1,'installed',1,2,5,'good','2014-07-22 17:33:40'),(1030,1,'installed',1,2,6,'good','2014-07-22 17:33:40'),(1031,1,'installed',1,2,7,'good','2014-07-22 17:33:40'),(1032,1,'installed',1,2,8,'good','2014-07-22 17:33:40'),(1033,1,'installed',1,2,9,'good','2014-07-22 17:33:40'),(1034,1,'installed',1,2,10,'good','2014-07-22 17:33:40'),(1035,1,'installed',1,2,11,'good','2014-07-22 17:33:40'),(1036,1,'installed',1,2,12,'good','2014-07-22 17:33:40'),(1037,1,'installed',1,2,13,'good','2014-07-22 17:33:40'),(1038,1,'installed',1,2,14,'good','2014-07-22 17:33:40'),(1039,1,'installed',1,2,15,'good','2014-07-22 17:33:40'),(1040,1,'installed',1,2,16,'good','2014-07-22 17:33:40'),(1041,1,'installed',1,2,17,'good','2014-07-22 17:33:40'),(1042,1,'installed',1,2,18,'good','2014-07-22 17:33:40'),(1043,1,'installed',1,2,19,'good','2014-07-22 17:33:40'),(1044,1,'installed',1,2,20,'good','2014-07-22 17:33:40'),(1045,1,'installed',1,2,21,'good','2014-07-22 17:33:40'),(1046,1,'installed',1,2,22,'good','2014-07-22 17:33:40'),(1047,1,'installed',1,2,23,'good','2014-07-22 17:33:40'),(1048,1,'installed',1,2,24,'good','2014-07-22 17:33:40'),(1049,1,'installed',1,3,1,'good','2014-07-22 17:33:40'),(1050,1,'installed',1,3,2,'good','2014-07-22 17:33:40'),(1051,1,'installed',1,3,3,'good','2014-07-22 17:33:40'),(1052,1,'installed',1,3,4,'good','2014-07-22 17:33:40'),(1053,1,'installed',1,3,5,'good','2014-07-22 17:33:40'),(1054,1,'installed',1,3,6,'good','2014-07-22 17:33:40'),(1055,1,'installed',1,3,7,'good','2014-07-22 17:33:40'),(1056,1,'installed',1,3,8,'good','2014-07-22 17:33:40'),(1057,1,'installed',1,3,9,'good','2014-07-22 17:33:40'),(1058,1,'installed',1,3,10,'good','2014-07-22 17:33:40'),(1059,1,'installed',1,3,11,'good','2014-07-22 17:33:40'),(1060,1,'installed',1,3,12,'good','2014-07-22 17:33:40'),(1061,1,'installed',1,3,13,'good','2014-07-22 17:33:40'),(1062,1,'installed',1,3,14,'good','2014-07-22 17:33:40'),(1063,1,'installed',1,3,15,'good','2014-07-22 17:33:40'),(1064,1,'installed',1,3,16,'good','2014-07-22 17:33:40'),(1065,1,'installed',1,3,17,'good','2014-07-22 17:33:40'),(1066,1,'installed',1,3,18,'good','2014-07-22 17:33:40'),(1067,1,'installed',1,3,19,'good','2014-07-22 17:33:40'),(1068,1,'installed',1,3,20,'good','2014-07-22 17:33:40'),(1069,1,'installed',1,3,21,'good','2014-07-22 17:33:40'),(1070,1,'installed',1,3,22,'good','2014-07-22 17:33:40'),(1071,1,'installed',1,3,23,'good','2014-07-22 17:33:40'),(1072,1,'installed',1,3,24,'good','2014-07-22 17:33:40'),(1073,1,'installed',1,4,1,'good','2014-07-22 17:33:40'),(1074,1,'installed',1,4,2,'good','2014-07-22 17:33:40'),(1075,1,'installed',1,4,3,'good','2014-07-22 17:33:40'),(1076,1,'installed',1,4,4,'good','2014-07-22 17:33:40'),(1077,1,'installed',1,4,5,'good','2014-07-22 17:33:40'),(1078,1,'installed',1,4,6,'good','2014-07-22 17:33:40'),(1079,1,'installed',1,4,7,'good','2014-07-22 17:33:40'),(1080,1,'installed',1,4,8,'good','2014-07-22 17:33:40'),(1081,1,'installed',1,4,9,'good','2014-07-22 17:33:40'),(1082,1,'installed',1,4,10,'good','2014-07-22 17:33:40'),(1083,1,'installed',1,4,11,'good','2014-07-22 17:33:40'),(1084,1,'installed',1,4,12,'good','2014-07-22 17:33:40'),(1085,1,'installed',1,4,13,'good','2014-07-22 17:33:40'),(1086,1,'installed',1,4,14,'good','2014-07-22 17:33:40'),(1087,1,'installed',1,4,15,'good','2014-07-22 17:33:40'),(1088,1,'installed',1,4,16,'good','2014-07-22 17:33:40'),(1089,1,'installed',1,4,17,'good','2014-07-22 17:33:40'),(1090,1,'installed',1,4,18,'good','2014-07-22 17:33:40'),(1091,1,'installed',1,4,19,'good','2014-07-22 17:33:40'),(1092,1,'installed',1,4,20,'good','2014-07-22 17:33:40'),(1093,1,'installed',1,4,21,'good','2014-07-22 17:33:40'),(1094,1,'installed',1,4,22,'good','2014-07-22 17:33:40'),(1095,1,'installed',1,4,23,'good','2014-07-22 17:33:40'),(1096,1,'installed',1,4,24,'good','2014-07-22 17:33:40'),(1097,1,'installed',1,5,1,'good','2014-07-22 17:33:40'),(1098,1,'installed',1,5,2,'good','2014-07-22 17:33:40'),(1099,1,'installed',1,5,3,'good','2014-07-22 17:33:40'),(1100,1,'installed',1,5,4,'good','2014-07-22 17:33:40'),(1101,1,'installed',1,5,5,'good','2014-07-22 17:33:40'),(1102,1,'installed',1,5,6,'good','2014-07-22 17:33:40'),(1103,1,'installed',1,5,7,'good','2014-07-22 17:33:40'),(1104,1,'installed',1,5,8,'good','2014-07-22 17:33:40'),(1105,1,'installed',1,5,9,'good','2014-07-22 17:33:40'),(1106,1,'installed',1,5,10,'good','2014-07-22 17:33:40'),(1107,1,'installed',1,5,11,'good','2014-07-22 17:33:40'),(1108,1,'installed',1,5,12,'good','2014-07-22 17:33:40'),(1109,1,'installed',1,5,13,'good','2014-07-22 17:33:40'),(1110,1,'installed',1,5,14,'good','2014-07-22 17:33:40'),(1111,1,'installed',1,5,15,'good','2014-07-22 17:33:40'),(1112,1,'installed',1,5,16,'good','2014-07-22 17:33:40'),(1113,1,'installed',1,5,17,'good','2014-07-22 17:33:40'),(1114,1,'installed',1,5,18,'good','2014-07-22 17:33:40'),(1115,1,'installed',1,5,19,'good','2014-07-22 17:33:40'),(1116,1,'installed',1,5,20,'good','2014-07-22 17:33:40'),(1117,1,'installed',1,5,21,'good','2014-07-22 17:33:40'),(1118,1,'installed',1,5,22,'good','2014-07-22 17:33:40'),(1119,1,'installed',1,5,23,'good','2014-07-22 17:33:40'),(1120,1,'installed',1,5,24,'good','2014-07-22 17:33:40'),(1121,1,'installed',1,6,1,'good','2014-07-22 17:33:40'),(1122,1,'installed',1,6,2,'good','2014-07-22 17:33:40'),(1123,1,'installed',1,6,3,'good','2014-07-22 17:33:40'),(1124,1,'installed',1,6,4,'good','2014-07-22 17:33:40'),(1125,1,'installed',1,6,5,'good','2014-07-22 17:33:40'),(1126,1,'installed',1,6,6,'good','2014-07-22 17:33:40'),(1127,1,'installed',1,6,7,'good','2014-07-22 17:33:40'),(1128,1,'installed',1,6,8,'good','2014-07-22 17:33:40'),(1129,1,'installed',1,6,9,'good','2014-07-22 17:33:40'),(1130,1,'installed',1,6,10,'good','2014-07-22 17:33:40'),(1131,1,'installed',1,6,11,'good','2014-07-22 17:33:40'),(1132,1,'installed',1,6,12,'good','2014-07-22 17:33:40'),(1133,1,'installed',1,6,13,'good','2014-07-22 17:33:40'),(1134,1,'installed',1,6,14,'good','2014-07-22 17:33:40'),(1135,1,'installed',1,6,15,'good','2014-07-22 17:33:40'),(1136,1,'installed',1,6,16,'good','2014-07-22 17:33:40'),(1137,1,'installed',1,6,17,'good','2014-07-22 17:33:40'),(1138,1,'installed',1,6,18,'good','2014-07-22 17:33:40'),(1139,1,'installed',1,6,19,'good','2014-07-22 17:33:40'),(1140,1,'installed',1,6,20,'good','2014-07-22 17:33:40'),(1141,1,'installed',1,6,21,'good','2014-07-22 17:33:40'),(1142,1,'installed',1,6,22,'good','2014-07-22 17:33:40'),(1143,1,'installed',1,6,23,'good','2014-07-22 17:33:40'),(1144,1,'installed',1,6,24,'good','2014-07-22 17:33:40'),(1145,1,'installed',1,7,1,'good','2014-07-22 17:33:40'),(1146,1,'installed',1,7,2,'good','2014-07-22 17:33:40'),(1147,1,'installed',1,7,3,'good','2014-07-22 17:33:40'),(1148,1,'installed',1,7,4,'good','2014-07-22 17:33:40'),(1149,1,'installed',1,7,5,'good','2014-07-22 17:33:40'),(1150,1,'installed',1,7,6,'good','2014-07-22 17:33:40'),(1151,1,'installed',1,7,7,'good','2014-07-22 17:33:40'),(1152,1,'installed',1,7,8,'good','2014-07-22 17:33:40'),(1153,1,'installed',1,7,9,'good','2014-07-22 17:33:40'),(1154,1,'installed',1,7,10,'good','2014-07-22 17:33:40'),(1155,1,'installed',1,7,11,'good','2014-07-22 17:33:40'),(1156,1,'installed',1,7,12,'good','2014-07-22 17:33:40'),(1157,1,'installed',1,7,13,'good','2014-07-22 17:33:40'),(1158,1,'installed',1,7,14,'good','2014-07-22 17:33:40'),(1159,1,'installed',1,7,15,'good','2014-07-22 17:33:40'),(1160,1,'installed',1,7,16,'good','2014-07-22 17:33:40'),(1161,1,'installed',1,7,17,'good','2014-07-22 17:33:40'),(1162,1,'installed',1,7,18,'good','2014-07-22 17:33:40'),(1163,1,'installed',1,7,19,'good','2014-07-22 17:33:40'),(1164,1,'installed',1,7,20,'good','2014-07-22 17:33:40'),(1165,1,'installed',1,7,21,'good','2014-07-22 17:33:40'),(1166,1,'installed',1,7,22,'good','2014-07-22 17:33:40'),(1167,1,'installed',1,7,23,'good','2014-07-22 17:33:40'),(1168,1,'installed',1,7,24,'good','2014-07-22 17:33:40'),(1169,1,'installed',1,8,1,'good','2014-07-22 17:33:40'),(1170,1,'installed',1,8,2,'good','2014-07-22 17:33:40'),(1171,1,'installed',1,8,3,'good','2014-07-22 17:33:40'),(1172,1,'installed',1,8,4,'good','2014-07-22 17:33:40'),(1173,1,'installed',1,8,5,'good','2014-07-22 17:33:40'),(1174,1,'installed',1,8,6,'good','2014-07-22 17:33:40'),(1175,1,'installed',1,8,7,'good','2014-07-22 17:33:40'),(1176,1,'installed',1,8,8,'good','2014-07-22 17:33:40'),(1177,1,'installed',1,8,9,'good','2014-07-22 17:33:40'),(1178,1,'installed',1,8,10,'good','2014-07-22 17:33:40'),(1179,1,'installed',1,8,11,'good','2014-07-22 17:33:40'),(1180,1,'installed',1,8,12,'good','2014-07-22 17:33:40'),(1181,1,'installed',1,8,13,'good','2014-07-22 17:33:40'),(1182,1,'installed',1,8,14,'good','2014-07-22 17:33:40'),(1183,1,'installed',1,8,15,'good','2014-07-22 17:33:40'),(1184,1,'installed',1,8,16,'good','2014-07-22 17:33:40'),(1185,1,'installed',1,8,17,'good','2014-07-22 17:33:40'),(1186,1,'installed',1,8,18,'good','2014-07-22 17:33:40'),(1187,1,'installed',1,8,19,'good','2014-07-22 17:33:40'),(1188,1,'installed',1,8,20,'good','2014-07-22 17:33:40'),(1189,1,'installed',1,8,21,'good','2014-07-22 17:33:40'),(1190,1,'installed',1,8,22,'good','2014-07-22 17:33:40'),(1191,1,'installed',1,8,23,'good','2014-07-22 17:33:40'),(1192,1,'installed',1,8,24,'good','2014-07-22 17:33:40'),(1193,1,'installed',1,9,1,'good','2014-07-22 17:33:40'),(1194,1,'installed',1,9,2,'good','2014-07-22 17:33:40'),(1195,1,'installed',1,9,3,'good','2014-07-22 17:33:40'),(1196,1,'installed',1,9,4,'good','2014-07-22 17:33:40'),(1197,1,'installed',1,9,5,'good','2014-07-22 17:33:40'),(1198,1,'installed',1,9,6,'good','2014-07-22 17:33:40'),(1199,1,'installed',1,9,7,'good','2014-07-22 17:33:40'),(1200,1,'installed',1,9,8,'good','2014-07-22 17:33:40'),(1201,1,'installed',1,9,9,'good','2014-07-22 17:33:40'),(1202,1,'installed',1,9,10,'good','2014-07-22 17:33:40'),(1203,1,'installed',1,9,11,'good','2014-07-22 17:33:40'),(1204,1,'installed',1,9,12,'good','2014-07-22 17:33:40'),(1205,1,'installed',1,9,13,'good','2014-07-22 17:33:40'),(1206,1,'installed',1,9,14,'good','2014-07-22 17:33:40'),(1207,1,'installed',1,9,15,'good','2014-07-22 17:33:40'),(1208,1,'installed',1,9,16,'good','2014-07-22 17:33:40'),(1209,1,'installed',1,9,17,'good','2014-07-22 17:33:40'),(1210,1,'installed',1,9,18,'good','2014-07-22 17:33:40'),(1211,1,'installed',1,9,19,'good','2014-07-22 17:33:40'),(1212,1,'installed',1,9,20,'good','2014-07-22 17:33:40'),(1213,1,'installed',1,9,21,'good','2014-07-22 17:33:40'),(1214,1,'installed',1,9,22,'good','2014-07-22 17:33:40'),(1215,1,'installed',1,9,23,'good','2014-07-22 17:33:40'),(1216,1,'installed',1,9,24,'good','2014-07-22 17:33:40'),(1217,1,'installed',1,10,1,'good','2014-07-22 17:33:40'),(1218,1,'installed',1,10,2,'good','2014-07-22 17:33:40'),(1219,1,'installed',1,10,3,'good','2014-07-22 17:33:40'),(1220,1,'installed',1,10,4,'good','2014-07-22 17:33:40'),(1221,1,'installed',1,10,5,'good','2014-07-22 17:33:40'),(1222,1,'installed',1,10,6,'good','2014-07-22 17:33:40'),(1223,1,'installed',1,10,7,'good','2014-07-22 17:33:40'),(1224,1,'installed',1,10,8,'good','2014-07-22 17:33:40'),(1225,1,'installed',1,10,9,'good','2014-07-22 17:33:40'),(1226,1,'installed',1,10,10,'good','2014-07-22 17:33:40'),(1227,1,'installed',1,10,11,'good','2014-07-22 17:33:40'),(1228,1,'installed',1,10,12,'good','2014-07-22 17:33:40'),(1229,1,'installed',1,10,13,'good','2014-07-22 17:33:40'),(1230,1,'installed',1,10,14,'good','2014-07-22 17:33:40'),(1231,1,'installed',1,10,15,'good','2014-07-22 17:33:40'),(1232,1,'installed',1,10,16,'good','2014-07-22 17:33:40'),(1233,1,'installed',1,10,17,'good','2014-07-22 17:33:40'),(1234,1,'installed',1,10,18,'good','2014-07-22 17:33:40'),(1235,1,'installed',1,10,19,'good','2014-07-22 17:33:40'),(1236,1,'installed',1,10,20,'good','2014-07-22 17:33:40'),(1237,1,'installed',1,10,21,'good','2014-07-22 17:33:40'),(1238,1,'installed',1,10,22,'good','2014-07-22 17:33:40'),(1239,1,'installed',1,10,23,'good','2014-07-22 17:33:40'),(1240,1,'installed',1,10,24,'good','2014-07-22 17:33:40'),(1001,2015,'installed',1,1,1,'bad','0000-00-00 00:00:00'),(1001,2016,'installed',1,1,1,'bad','0000-00-00 00:00:00'),(1001,2017,'installed',1,1,1,'bad','2014-07-22 18:29:06'),(2415,2018,'installed',1,1,1,'good','2014-07-22 18:31:20'),(2415,2019,'installed',1,1,1,'good','2014-07-22 18:36:41');
/*!40000 ALTER TABLE `dchvstatus` ENABLE KEYS */;
UNLOCK TABLES;

--
-- Table structure for table `fusebox`
--

DROP TABLE IF EXISTS `fusebox`;
/*!40101 SET @saved_cs_client     = @@character_set_client */;
/*!40101 SET character_set_client = utf8 */;
CREATE TABLE `fusebox` (
  `sector` tinyint(3) unsigned NOT NULL DEFAULT '0',
  `region` tinyint(3) unsigned NOT NULL DEFAULT '0',
  `fusenum` tinyint(3) unsigned NOT NULL DEFAULT '0',
  `statchangeid` int(11) NOT NULL AUTO_INCREMENT,
  `status` enum('good','bad') NOT NULL DEFAULT 'good',
  `datebegstatus` datetime DEFAULT NULL,
  PRIMARY KEY (`sector`,`region`,`fusenum`,`statchangeid`)
) ENGINE=MyISAM DEFAULT CHARSET=latin1;
/*!40101 SET character_set_client = @saved_cs_client */;

--
-- Dumping data for table `fusebox`
--

LOCK TABLES `fusebox` WRITE;
/*!40000 ALTER TABLE `fusebox` DISABLE KEYS */;
INSERT INTO `fusebox` VALUES (1,1,1,5,'bad','2010-08-03 11:17:17'),(1,1,2,1,'good','2003-01-14 10:45:00'),(1,1,3,1,'good','2003-01-14 10:45:00'),(1,1,4,1,'good','2003-01-14 10:45:00'),(1,1,5,1,'good','2003-01-14 10:45:00'),(1,1,6,1,'good','2003-01-14 10:45:00'),(1,1,7,1,'good','2003-01-14 10:45:00'),(1,1,8,1,'good','2003-01-14 10:45:00'),(1,1,9,1,'good','2003-01-14 10:45:00'),(1,1,10,1,'good','2003-01-14 10:45:00'),(1,1,11,1,'good','2003-01-14 10:45:00'),(1,1,12,1,'good','2003-01-14 10:45:00'),(1,1,13,1,'good','2003-01-14 10:45:00'),(1,1,14,1,'good','2003-01-14 10:45:00'),(1,1,15,1,'good','2003-01-14 10:45:00'),(1,1,16,1,'good','2003-01-14 10:45:00'),(1,1,17,1,'good','2003-01-14 10:45:00'),(1,1,18,1,'good','2003-01-14 10:45:00'),(1,1,19,1,'good','2003-01-14 10:45:00'),(1,1,20,1,'good','2003-01-14 10:45:00'),(1,1,21,1,'good','2003-01-14 10:45:00'),(1,1,22,1,'good','2003-01-14 10:45:00'),(1,1,23,1,'good','2003-01-14 10:45:00'),(1,1,24,1,'good','2003-01-14 10:45:00'),(1,2,1,1,'good','2003-01-14 10:45:00'),(1,2,2,1,'good','2003-01-14 10:45:00'),(1,2,3,1,'good','2003-01-14 10:45:00'),(1,2,4,1,'good','2003-01-14 10:45:00'),(1,2,5,1,'good','2003-01-14 10:45:00'),(1,2,6,1,'good','2003-01-14 10:45:00'),(1,2,7,1,'good','2003-01-14 10:45:00'),(1,2,8,1,'good','2003-01-14 10:45:00'),(1,2,9,1,'good','2003-01-14 10:45:00'),(1,2,10,1,'good','2003-01-14 10:45:00'),(1,2,11,1,'good','2003-01-14 10:45:00'),(1,2,12,1,'good','2003-01-14 10:45:00'),(1,2,13,1,'good','2003-01-14 10:45:00'),(1,2,14,1,'good','2003-01-14 10:45:00'),(1,2,15,1,'good','2003-01-14 10:45:00'),(1,2,16,1,'good','2003-01-14 10:45:00'),(1,2,17,1,'good','2003-01-14 10:45:00'),(1,2,18,1,'good','2003-01-14 10:45:00'),(1,2,19,1,'good','2003-01-14 10:45:00'),(1,2,20,1,'good','2003-01-14 10:45:00'),(1,2,21,1,'good','2003-01-14 10:45:00'),(1,2,22,1,'good','2003-01-14 10:45:00'),(1,2,23,1,'good','2003-01-14 10:45:00'),(1,2,24,1,'good','2003-01-14 10:45:00'),(1,3,1,1,'good','2003-01-14 10:45:00'),(1,3,2,1,'good','2003-01-14 10:45:00'),(1,3,3,1,'good','2003-01-14 10:45:00'),(1,3,4,1,'good','2003-01-14 10:45:00'),(1,3,5,1,'good','2003-01-14 10:45:00'),(1,3,6,1,'good','2003-01-14 10:45:00'),(1,3,7,1,'good','2003-01-14 10:45:00'),(1,3,8,1,'good','2003-01-14 10:45:00'),(1,3,9,1,'good','2003-01-14 10:45:00'),(1,3,10,1,'good','2003-01-14 10:45:00'),(1,3,11,1,'good','2003-01-14 10:45:00'),(1,3,12,1,'good','2003-01-14 10:45:00'),(1,3,13,1,'good','2003-01-14 10:45:00'),(1,3,14,1,'good','2003-01-14 10:45:00'),(1,3,15,1,'good','2003-01-14 10:45:00'),(1,3,16,1,'good','2003-01-14 10:45:00'),(1,3,17,1,'good','2003-01-14 10:45:00'),(1,3,18,1,'good','2003-01-14 10:45:00'),(1,3,19,1,'good','2003-01-14 10:45:00'),(1,3,20,1,'good','2003-01-14 10:45:00'),(1,3,21,1,'good','2003-01-14 10:45:00'),(1,3,22,1,'good','2003-01-14 10:45:00'),(1,3,23,1,'good','2003-01-14 10:45:00'),(1,3,24,1,'good','2003-01-14 10:45:00'),(2,1,1,1,'good','2003-01-14 10:45:00'),(2,1,2,1,'good','2003-01-14 10:45:00'),(2,1,3,1,'good','2003-01-14 10:45:00'),(2,1,4,1,'good','2003-01-14 10:45:00'),(2,1,5,1,'good','2003-01-14 10:45:00'),(2,1,6,1,'good','2003-01-14 10:45:00'),(2,1,7,1,'good','2003-01-14 10:45:00'),(2,1,8,1,'good','2003-01-14 10:45:00'),(2,1,9,1,'good','2003-01-14 10:45:00'),(2,1,10,1,'good','2003-01-14 10:45:00'),(2,1,11,1,'good','2003-01-14 10:45:00'),(2,1,12,1,'good','2003-01-14 10:45:00'),(2,1,13,1,'good','2003-01-14 10:45:00'),(2,1,14,1,'good','2003-01-14 10:45:00'),(2,1,15,1,'good','2003-01-14 10:45:00'),(2,1,16,1,'good','2003-01-14 10:45:00'),(2,1,17,1,'good','2003-01-14 10:45:00'),(2,1,18,1,'good','2003-01-14 10:45:00'),(2,1,19,1,'good','2003-01-14 10:45:00'),(2,1,20,1,'good','2003-01-14 10:45:00'),(2,1,21,1,'good','2003-01-14 10:45:00'),(2,1,22,1,'good','2003-01-14 10:45:00'),(2,1,23,1,'good','2003-01-14 10:45:00'),(2,1,24,1,'good','2003-01-14 10:45:00'),(2,2,1,1,'good','2003-01-14 10:45:00'),(2,2,2,1,'good','2003-01-14 10:45:00'),(2,2,3,1,'good','2003-01-14 10:45:00'),(2,2,4,1,'good','2003-01-14 10:45:00'),(2,2,5,1,'good','2003-01-14 10:45:00'),(2,2,6,1,'good','2003-01-14 10:45:00'),(2,2,7,1,'good','2003-01-14 10:45:00'),(2,2,8,1,'good','2003-01-14 10:45:00'),(2,2,9,1,'good','2003-01-14 10:45:00'),(2,2,10,1,'good','2003-01-14 10:45:00'),(2,2,11,1,'good','2003-01-14 10:45:00'),(2,2,12,1,'good','2003-01-14 10:45:00'),(2,2,13,1,'good','2003-01-14 10:45:00'),(2,2,14,1,'good','2003-01-14 10:45:00'),(2,2,15,1,'good','2003-01-14 10:45:00'),(2,2,16,1,'good','2003-01-14 10:45:00'),(2,2,17,1,'good','2003-01-14 10:45:00'),(2,2,18,1,'good','2003-01-14 10:45:00'),(2,2,19,1,'good','2003-01-14 10:45:00'),(2,2,20,1,'good','2003-01-14 10:45:00'),(2,2,21,1,'good','2003-01-14 10:45:00'),(2,2,22,1,'good','2003-01-14 10:45:00'),(2,2,23,1,'good','2003-01-14 10:45:00'),(2,2,24,1,'good','2003-01-14 10:45:00'),(2,3,1,1,'good','2003-01-14 10:45:00'),(2,3,2,1,'good','2003-01-14 10:45:00'),(2,3,3,2,'bad','2003-03-07 13:05:31'),(2,3,4,1,'good','2003-01-14 10:45:00'),(2,3,5,1,'good','2003-01-14 10:45:00'),(2,3,6,1,'good','2003-01-14 10:45:00'),(2,3,7,1,'good','2003-01-14 10:45:00'),(2,3,8,1,'good','2003-01-14 10:45:00'),(2,3,9,1,'good','2003-01-14 10:45:00'),(2,3,10,1,'good','2003-01-14 10:45:00'),(2,3,11,1,'good','2003-01-14 10:45:00'),(2,3,12,1,'good','2003-01-14 10:45:00'),(2,3,13,1,'good','2003-01-14 10:45:00'),(2,3,14,1,'good','2003-01-14 10:45:00'),(2,3,15,1,'good','2003-01-14 10:45:00'),(2,3,16,1,'good','2003-01-14 10:45:00'),(2,3,17,1,'good','2003-01-14 10:45:00'),(2,3,18,1,'good','2003-01-14 10:45:00'),(2,3,19,1,'good','2003-01-14 10:45:00'),(2,3,20,1,'good','2003-01-14 10:45:00'),(2,3,21,1,'good','2003-01-14 10:45:00'),(2,3,22,1,'good','2003-01-14 10:45:00'),(2,3,23,1,'good','2003-01-14 10:45:00'),(2,3,24,1,'good','2003-01-14 10:45:00'),(3,1,1,1,'good','2003-01-14 10:45:00'),(3,1,2,1,'good','2003-01-14 10:45:00'),(3,1,3,1,'good','2003-01-14 10:45:00'),(3,1,4,1,'good','2003-01-14 10:45:00'),(3,1,5,1,'good','2003-01-14 10:45:00'),(3,1,6,1,'good','2003-01-14 10:45:00'),(3,1,7,1,'good','2003-01-14 10:45:00'),(3,1,8,1,'good','2003-01-14 10:45:00'),(3,1,9,1,'good','2003-01-14 10:45:00'),(3,1,10,1,'good','2003-01-14 10:45:00'),(3,1,11,1,'good','2003-01-14 10:45:00'),(3,1,12,1,'good','2003-01-14 10:45:00'),(3,1,13,1,'good','2003-01-14 10:45:00'),(3,1,14,1,'good','2003-01-14 10:45:00'),(3,1,15,1,'good','2003-01-14 10:45:00'),(3,1,16,1,'good','2003-01-14 10:45:00'),(3,1,17,1,'good','2003-01-14 10:45:00'),(3,1,18,1,'good','2003-01-14 10:45:00'),(3,1,19,1,'good','2003-01-14 10:45:00'),(3,1,20,1,'good','2003-01-14 10:45:00'),(3,1,21,1,'good','2003-01-14 10:45:00'),(3,1,22,1,'good','2003-01-14 10:45:00'),(3,1,23,2,'bad','2003-03-07 13:38:37'),(3,1,24,1,'good','2003-01-14 10:45:00'),(3,2,1,1,'good','2003-01-14 10:45:00'),(3,2,2,2,'bad','2003-03-07 13:16:30'),(3,2,3,2,'bad','2003-06-27 11:42:13'),(3,2,4,1,'good','2003-01-14 10:45:00'),(3,2,5,1,'good','2003-01-14 10:45:00'),(3,2,6,1,'good','2003-01-14 10:45:00'),(3,2,7,1,'good','2003-01-14 10:45:00'),(3,2,8,1,'good','2003-01-14 10:45:00'),(3,2,9,1,'good','2003-01-14 10:45:00'),(3,2,10,1,'good','2003-01-14 10:45:00'),(3,2,11,1,'good','2003-01-14 10:45:00'),(3,2,12,1,'good','2003-01-14 10:45:00'),(3,2,13,1,'good','2003-01-14 10:45:00'),(3,2,14,1,'good','2003-01-14 10:45:00'),(3,2,15,1,'good','2003-01-14 10:45:00'),(3,2,16,1,'good','2003-01-14 10:45:00'),(3,2,17,1,'good','2003-01-14 10:45:00'),(3,2,18,1,'good','2003-01-14 10:45:00'),(3,2,19,1,'good','2003-01-14 10:45:00'),(3,2,20,1,'good','2003-01-14 10:45:00'),(3,2,21,1,'good','2003-01-14 10:45:00'),(3,2,22,1,'good','2003-01-14 10:45:00'),(3,2,23,1,'good','2003-01-14 10:45:00'),(3,2,24,1,'good','2003-01-14 10:45:00'),(3,3,1,1,'good','2003-01-14 10:45:00'),(3,3,2,1,'good','2003-01-14 10:45:00'),(3,3,3,1,'good','2003-01-14 10:45:00'),(3,3,4,1,'good','2003-01-14 10:45:00'),(3,3,5,1,'good','2003-01-14 10:45:00'),(3,3,6,1,'good','2003-01-14 10:45:00'),(3,3,7,1,'good','2003-01-14 10:45:00'),(3,3,8,1,'good','2003-01-14 10:45:00'),(3,3,9,1,'good','2003-01-14 10:45:00'),(3,3,10,1,'good','2003-01-14 10:45:00'),(3,3,11,1,'good','2003-01-14 10:45:00'),(3,3,12,1,'good','2003-01-14 10:45:00'),(3,3,13,1,'good','2003-01-14 10:45:00'),(3,3,14,1,'good','2003-01-14 10:45:00'),(3,3,15,1,'good','2003-01-14 10:45:00'),(3,3,16,1,'good','2003-01-14 10:45:00'),(3,3,17,1,'good','2003-01-14 10:45:00'),(3,3,18,1,'good','2003-01-14 10:45:00'),(3,3,19,1,'good','2003-01-14 10:45:00'),(3,3,20,2,'bad','2003-07-30 14:03:02'),(3,3,21,1,'good','2003-01-14 10:45:00'),(3,3,22,1,'good','2003-01-14 10:45:00'),(3,3,23,1,'good','2003-01-14 10:45:00'),(3,3,24,1,'good','2003-01-14 10:45:00'),(4,1,1,1,'good','2003-01-14 10:45:00'),(4,1,2,1,'good','2003-01-14 10:45:00'),(4,1,3,1,'good','2003-01-14 10:45:00'),(4,1,4,1,'good','2003-01-14 10:45:00'),(4,1,5,1,'good','2003-01-14 10:45:00'),(4,1,6,1,'good','2003-01-14 10:45:00'),(4,1,7,1,'good','2003-01-14 10:45:00'),(4,1,8,1,'good','2003-01-14 10:45:00'),(4,1,9,1,'good','2003-01-14 10:45:00'),(4,1,10,1,'good','2003-01-14 10:45:00'),(4,1,11,1,'good','2003-01-14 10:45:00'),(4,1,12,1,'good','2003-01-14 10:45:00'),(4,1,13,1,'good','2003-01-14 10:45:00'),(4,1,14,1,'good','2003-01-14 10:45:00'),(4,1,15,1,'good','2003-01-14 10:45:00'),(4,1,16,1,'good','2003-01-14 10:45:00'),(4,1,17,1,'good','2003-01-14 10:45:00'),(4,1,18,1,'good','2003-01-14 10:45:00'),(4,1,19,1,'good','2003-01-14 10:45:00'),(4,1,20,1,'good','2003-01-14 10:45:00'),(4,1,21,1,'good','2003-01-14 10:45:00'),(4,1,22,1,'good','2003-01-14 10:45:00'),(4,1,23,1,'good','2003-01-14 10:45:00'),(4,1,24,1,'good','2003-01-14 10:45:00'),(4,2,1,1,'good','2003-01-14 10:45:00'),(4,2,2,1,'good','2003-01-14 10:45:00'),(4,2,3,1,'good','2003-01-14 10:45:00'),(4,2,4,1,'good','2003-01-14 10:45:00'),(4,2,5,1,'good','2003-01-14 10:45:00'),(4,2,6,1,'good','2003-01-14 10:45:00'),(4,2,7,1,'good','2003-01-14 10:45:00'),(4,2,8,1,'good','2003-01-14 10:45:00'),(4,2,9,1,'good','2003-01-14 10:45:00'),(4,2,10,1,'good','2003-01-14 10:45:00'),(4,2,11,1,'good','2003-01-14 10:45:00'),(4,2,12,1,'good','2003-01-14 10:45:00'),(4,2,13,1,'good','2003-01-14 10:45:00'),(4,2,14,1,'good','2003-01-14 10:45:00'),(4,2,15,1,'good','2003-01-14 10:45:00'),(4,2,16,1,'good','2003-01-14 10:45:00'),(4,2,17,1,'good','2003-01-14 10:45:00'),(4,2,18,1,'good','2003-01-14 10:45:00'),(4,2,19,1,'good','2003-01-14 10:45:00'),(4,2,20,1,'good','2003-01-14 10:45:00'),(4,2,21,1,'good','2003-01-14 10:45:00'),(4,2,22,1,'good','2003-01-14 10:45:00'),(4,2,23,1,'good','2003-01-14 10:45:00'),(4,2,24,1,'good','2003-01-14 10:45:00'),(4,3,1,1,'good','2003-01-14 10:45:00'),(4,3,2,1,'good','2003-01-14 10:45:00'),(4,3,3,1,'good','2003-01-14 10:45:00'),(4,3,4,2,'bad','2003-07-29 11:52:21'),(4,3,5,1,'good','2003-01-14 10:45:00'),(4,3,6,1,'good','2003-01-14 10:45:00'),(4,3,7,1,'good','2003-01-14 10:45:00'),(4,3,8,1,'good','2003-01-14 10:45:00'),(4,3,9,1,'good','2003-01-14 10:45:00'),(4,3,10,1,'good','2003-01-14 10:45:00'),(4,3,11,1,'good','2003-01-14 10:45:00'),(4,3,12,1,'good','2003-01-14 10:45:00'),(4,3,13,1,'good','2003-01-14 10:45:00'),(4,3,14,1,'good','2003-01-14 10:45:00'),(4,3,15,1,'good','2003-01-14 10:45:00'),(4,3,16,1,'good','2003-01-14 10:45:00'),(4,3,17,1,'good','2003-01-14 10:45:00'),(4,3,18,1,'good','2003-01-14 10:45:00'),(4,3,19,1,'good','2003-01-14 10:45:00'),(4,3,20,1,'good','2003-01-14 10:45:00'),(4,3,21,1,'good','2003-01-14 10:45:00'),(4,3,22,1,'good','2003-01-14 10:45:00'),(4,3,23,1,'good','2003-01-14 10:45:00'),(4,3,24,1,'good','2003-01-14 10:45:00'),(5,1,1,1,'good','2003-01-14 10:45:00'),(5,1,2,1,'good','2003-01-14 10:45:00'),(5,1,3,1,'good','2003-01-14 10:45:00'),(5,1,4,1,'good','2003-01-14 10:45:00'),(5,1,5,1,'good','2003-01-14 10:45:00'),(5,1,6,1,'good','2003-01-14 10:45:00'),(5,1,7,1,'good','2003-01-14 10:45:00'),(5,1,8,1,'good','2003-01-14 10:45:00'),(5,1,9,1,'good','2003-01-14 10:45:00'),(5,1,10,1,'good','2003-01-14 10:45:00'),(5,1,11,1,'good','2003-01-14 10:45:00'),(5,1,12,1,'good','2003-01-14 10:45:00'),(5,1,13,1,'good','2003-01-14 10:45:00'),(5,1,14,1,'good','2003-01-14 10:45:00'),(5,1,15,1,'good','2003-01-14 10:45:00'),(5,1,16,1,'good','2003-01-14 10:45:00'),(5,1,17,1,'good','2003-01-14 10:45:00'),(5,1,18,1,'good','2003-01-14 10:45:00'),(5,1,19,1,'good','2003-01-14 10:45:00'),(5,1,20,1,'good','2003-01-14 10:45:00'),(5,1,21,1,'good','2003-01-14 10:45:00'),(5,1,22,1,'good','2003-01-14 10:45:00'),(5,1,23,1,'good','2003-01-14 10:45:00'),(5,1,24,1,'good','2003-01-14 10:45:00'),(5,2,1,1,'good','2003-01-14 10:45:00'),(5,2,2,1,'good','2003-01-14 10:45:00'),(5,2,3,1,'good','2003-01-14 10:45:00'),(5,2,4,1,'good','2003-01-14 10:45:00'),(5,2,5,1,'good','2003-01-14 10:45:00'),(5,2,6,1,'good','2003-01-14 10:45:00'),(5,2,7,1,'good','2003-01-14 10:45:00'),(5,2,8,1,'good','2003-01-14 10:45:00'),(5,2,9,1,'good','2003-01-14 10:45:00'),(5,2,10,1,'good','2003-01-14 10:45:00'),(5,2,11,1,'good','2003-01-14 10:45:00'),(5,2,12,1,'good','2003-01-14 10:45:00'),(5,2,13,1,'good','2003-01-14 10:45:00'),(5,2,14,1,'good','2003-01-14 10:45:00'),(5,2,15,1,'good','2003-01-14 10:45:00'),(5,2,16,1,'good','2003-01-14 10:45:00'),(5,2,17,1,'good','2003-01-14 10:45:00'),(5,2,18,1,'good','2003-01-14 10:45:00'),(5,2,19,1,'good','2003-01-14 10:45:00'),(5,2,20,1,'good','2003-01-14 10:45:00'),(5,2,21,1,'good','2003-01-14 10:45:00'),(5,2,22,1,'good','2003-01-14 10:45:00'),(5,2,23,1,'good','2003-01-14 10:45:00'),(5,2,24,1,'good','2003-01-14 10:45:00'),(5,3,1,1,'good','2003-01-14 10:45:00'),(5,3,2,1,'good','2003-01-14 10:45:00'),(5,3,3,1,'good','2003-01-14 10:45:00'),(5,3,4,1,'good','2003-01-14 10:45:00'),(5,3,5,1,'good','2003-01-14 10:45:00'),(5,3,6,1,'good','2003-01-14 10:45:00'),(5,3,7,1,'good','2003-01-14 10:45:00'),(5,3,8,1,'good','2003-01-14 10:45:00'),(5,3,9,1,'good','2003-01-14 10:45:00'),(5,3,10,1,'good','2003-01-14 10:45:00'),(5,3,11,1,'good','2003-01-14 10:45:00'),(5,3,12,1,'good','2003-01-14 10:45:00'),(5,3,13,1,'good','2003-01-14 10:45:00'),(5,3,14,1,'good','2003-01-14 10:45:00'),(5,3,15,1,'good','2003-01-14 10:45:00'),(5,3,16,1,'good','2003-01-14 10:45:00'),(5,3,17,1,'good','2003-01-14 10:45:00'),(5,3,18,1,'good','2003-01-14 10:45:00'),(5,3,19,1,'good','2003-01-14 10:45:00'),(5,3,20,1,'good','2003-01-14 10:45:00'),(5,3,21,1,'good','2003-01-14 10:45:00'),(5,3,22,1,'good','2003-01-14 10:45:00'),(5,3,23,1,'good','2003-01-14 10:45:00'),(5,3,24,1,'good','2003-01-14 10:45:00'),(6,1,1,1,'good','2003-01-14 10:45:00'),(6,1,2,1,'good','2003-01-14 10:45:00'),(6,1,3,1,'good','2003-01-14 10:45:00'),(6,1,4,1,'good','2003-01-14 10:45:00'),(6,1,5,1,'good','2003-01-14 10:45:00'),(6,1,6,1,'good','2003-01-14 10:45:00'),(6,1,7,1,'good','2003-01-14 10:45:00'),(6,1,8,1,'good','2003-01-14 10:45:00'),(6,1,9,1,'good','2003-01-14 10:45:00'),(6,1,10,1,'good','2003-01-14 10:45:00'),(6,1,11,1,'good','2003-01-14 10:45:00'),(6,1,12,1,'good','2003-01-14 10:45:00'),(6,1,13,1,'good','2003-01-14 10:45:00'),(6,1,14,1,'good','2003-01-14 10:45:00'),(6,1,15,1,'good','2003-01-14 10:45:00'),(6,1,16,1,'good','2003-01-14 10:45:00'),(6,1,17,1,'good','2003-01-14 10:45:00'),(6,1,18,1,'good','2003-01-14 10:45:00'),(6,1,19,1,'good','2003-01-14 10:45:00'),(6,1,20,1,'good','2003-01-14 10:45:00'),(6,1,21,1,'good','2003-01-14 10:45:00'),(6,1,22,1,'good','2003-01-14 10:45:00'),(6,1,23,1,'good','2003-01-14 10:45:00'),(6,1,24,1,'good','2003-01-14 10:45:00'),(6,2,1,1,'good','2003-01-14 10:45:00'),(6,2,2,1,'good','2003-01-14 10:45:00'),(6,2,3,1,'good','2003-01-14 10:45:00'),(6,2,4,1,'good','2003-01-14 10:45:00'),(6,2,5,1,'good','2003-01-14 10:45:00'),(6,2,6,1,'good','2003-01-14 10:45:00'),(6,2,7,1,'good','2003-01-14 10:45:00'),(6,2,8,1,'good','2003-01-14 10:45:00'),(6,2,9,1,'good','2003-01-14 10:45:00'),(6,2,10,1,'good','2003-01-14 10:45:00'),(6,2,11,1,'good','2003-01-14 10:45:00'),(6,2,12,1,'good','2003-01-14 10:45:00'),(6,2,13,1,'good','2003-01-14 10:45:00'),(6,2,14,1,'good','2003-01-14 10:45:00'),(6,2,15,1,'good','2003-01-14 10:45:00'),(6,2,16,1,'good','2003-01-14 10:45:00'),(6,2,17,1,'good','2003-01-14 10:45:00'),(6,2,18,1,'good','2003-01-14 10:45:00'),(6,2,19,1,'good','2003-01-14 10:45:00'),(6,2,20,1,'good','2003-01-14 10:45:00'),(6,2,21,1,'good','2003-01-14 10:45:00'),(6,2,22,1,'good','2003-01-14 10:45:00'),(6,2,23,1,'good','2003-01-14 10:45:00'),(6,2,24,1,'good','2003-01-14 10:45:00'),(6,3,1,1,'good','2003-01-14 10:45:00'),(6,3,2,1,'good','2003-01-14 10:45:00'),(6,3,3,1,'good','2003-01-14 10:45:00'),(6,3,4,1,'good','2003-01-14 10:45:00'),(6,3,5,1,'good','2003-01-14 10:45:00'),(6,3,6,1,'good','2003-01-14 10:45:00'),(6,3,7,1,'good','2003-01-14 10:45:00'),(6,3,8,1,'good','2003-01-14 10:45:00'),(6,3,9,1,'good','2003-01-14 10:45:00'),(6,3,10,1,'good','2003-01-14 10:45:00'),(6,3,11,1,'good','2003-01-14 10:45:00'),(6,3,12,1,'good','2003-01-14 10:45:00'),(6,3,13,1,'good','2003-01-14 10:45:00'),(6,3,14,1,'good','2003-01-14 10:45:00'),(6,3,15,1,'good','2003-01-14 10:45:00'),(6,3,16,1,'good','2003-01-14 10:45:00'),(6,3,17,1,'good','2003-01-14 10:45:00'),(6,3,18,1,'good','2003-01-14 10:45:00'),(6,3,19,1,'good','2003-01-14 10:45:00'),(6,3,20,1,'good','2003-01-14 10:45:00'),(6,3,21,1,'good','2003-01-14 10:45:00'),(6,3,22,1,'good','2003-01-14 10:45:00'),(6,3,23,1,'good','2003-01-14 10:45:00'),(6,3,24,1,'good','2003-01-14 10:45:00'),(5,3,22,2,'bad','2003-01-14 15:45:50'),(3,3,21,2,'bad',NULL),(3,3,21,3,'bad','0000-00-00 00:00:00'),(3,3,21,4,'bad','2003-11-03 14:03:17'),(3,3,21,5,'bad','2003-11-03 14:11:48'),(3,3,21,6,'bad','2003-11-03 14:12:46'),(3,3,21,7,'bad','2003-11-03 14:13:28'),(1,1,1,6,'bad','2010-08-03 11:17:17'),(1,1,1,7,'bad','2010-08-03 11:17:17'),(1,1,1,8,'bad','2010-08-03 11:17:17'),(3,3,23,2,'bad','2003-11-05 09:50:50');
/*!40000 ALTER TABLE `fusebox` ENABLE KEYS */;
UNLOCK TABLES;

--
-- Table structure for table `hvcrateslot`
--

DROP TABLE IF EXISTS `hvcrateslot`;
/*!40101 SET @saved_cs_client     = @@character_set_client */;
/*!40101 SET character_set_client = utf8 */;
CREATE TABLE `hvcrateslot` (
  `hvcrate` tinyint(3) unsigned NOT NULL,
  `hvslot` tinyint(3) unsigned NOT NULL,
  `hvsubslot` tinyint(3) unsigned NOT NULL,
  `wiretype` char(1) NOT NULL,
  `sector` tinyint(3) unsigned NOT NULL,
  `suplayer` tinyint(3) unsigned NOT NULL,
  PRIMARY KEY (`hvcrate`,`hvslot`,`hvsubslot`)
) ENGINE=InnoDB DEFAULT CHARSET=latin1;
/*!40101 SET character_set_client = @saved_cs_client */;

--
-- Dumping data for table `hvcrateslot`
--

LOCK TABLES `hvcrateslot` WRITE;
/*!40000 ALTER TABLE `hvcrateslot` DISABLE KEYS */;
INSERT INTO `hvcrateslot` VALUES (1,1,1,'S',6,1),(1,1,2,'S',6,2),(1,1,3,'S',1,1),(1,2,1,'S',1,2),(1,2,2,'S',2,1),(1,2,3,'S',2,2),(1,3,1,'F',6,1),(1,3,2,'F',6,2),(1,3,3,'F',1,1),(1,4,1,'F',1,2),(1,4,2,'F',2,1),(1,4,3,'F',2,2),(1,5,1,'G',6,1),(1,5,2,'G',6,2),(1,5,3,'G',1,1),(1,5,4,'G',1,2),(1,5,5,'G',2,1),(1,5,6,'G',2,2),(2,1,1,'S',5,1),(2,1,2,'S',5,2),(2,1,3,'S',4,1),(2,2,1,'S',4,2),(2,2,2,'S',3,1),(2,2,3,'S',3,2),(2,3,1,'F',5,1),(2,3,2,'F',5,2),(2,3,3,'F',4,1),(2,4,1,'F',4,2),(2,4,2,'F',3,1),(2,4,3,'F',3,2),(2,5,1,'G',5,1),(2,5,2,'G',5,2),(2,5,3,'G',4,1),(2,5,4,'G',4,2),(2,5,5,'G',3,1),(2,5,6,'G',3,2),(3,1,1,'S',6,3),(3,1,2,'S',6,4),(3,1,3,'S',1,3),(3,2,1,'S',1,4),(3,2,2,'S',2,3),(3,2,3,'S',2,4),(3,3,1,'F',6,3),(3,3,2,'F',6,4),(3,3,3,'F',1,3),(3,4,1,'F',1,4),(3,4,2,'F',2,3),(3,4,3,'F',2,4),(3,5,1,'G',6,3),(3,5,2,'G',6,4),(3,5,3,'G',1,3),(3,5,4,'G',1,4),(3,5,5,'G',2,3),(3,5,6,'G',2,4),(3,6,1,'S',6,5),(3,6,2,'S',6,6),(3,6,3,'S',1,5),(3,7,1,'S',1,6),(3,7,2,'S',2,5),(3,7,3,'S',2,6),(3,8,1,'F',6,5),(3,8,2,'F',6,6),(3,8,3,'F',1,5),(3,9,1,'F',1,6),(3,9,2,'F',2,5),(3,9,3,'F',2,6),(3,10,1,'G',6,5),(3,10,2,'G',6,6),(3,10,3,'G',1,5),(3,10,4,'G',1,6),(3,10,5,'G',2,5),(3,10,6,'G',2,6),(4,1,1,'S',5,3),(4,1,2,'S',5,4),(4,1,3,'S',4,3),(4,2,1,'S',4,4),(4,2,2,'S',3,3),(4,2,3,'S',3,4),(4,3,1,'F',5,3),(4,3,2,'F',5,4),(4,3,3,'F',4,3),(4,4,1,'F',4,4),(4,4,2,'F',3,3),(4,4,3,'F',3,4),(4,5,1,'G',5,3),(4,5,2,'G',5,4),(4,5,3,'G',4,3),(4,5,4,'G',4,4),(4,5,5,'G',3,3),(4,5,6,'G',3,4),(4,6,1,'S',5,5),(4,6,2,'S',5,6),(4,6,3,'S',4,5),(4,7,1,'S',4,6),(4,7,2,'S',3,5),(4,7,3,'S',3,6),(4,8,1,'F',5,5),(4,8,2,'F',5,6),(4,8,3,'F',4,5),(4,9,1,'F',4,6),(4,9,2,'F',3,5),(4,9,3,'F',3,6),(4,10,1,'G',5,5),(4,10,2,'G',5,6),(4,10,3,'G',4,5),(4,10,4,'G',4,6),(4,10,5,'G',3,5),(4,10,6,'G',3,6);
/*!40000 ALTER TABLE `hvcrateslot` ENABLE KEYS */;
UNLOCK TABLES;

--
-- Table structure for table `hvdbtohvtb`
--

DROP TABLE IF EXISTS `hvdbtohvtb`;
/*!40101 SET @saved_cs_client     = @@character_set_client */;
/*!40101 SET character_set_client = utf8 */;
CREATE TABLE `hvdbtohvtb` (
  `hvdbtype` char(1) NOT NULL,
  `quad` tinyint(3) unsigned NOT NULL,
  `doublet` tinyint(3) unsigned NOT NULL,
  `stbboardloc` tinyint(3) unsigned NOT NULL,
  `stbboardhalf` tinyint(3) unsigned NOT NULL,
  `wireoffset` tinyint(3) unsigned NOT NULL,
  `hvlocchansf` tinyint(3) unsigned NOT NULL,
  `hvlocchang` tinyint(3) unsigned NOT NULL
) ENGINE=InnoDB DEFAULT CHARSET=latin1;
/*!40101 SET character_set_client = @saved_cs_client */;

--
-- Dumping data for table `hvdbtohvtb`
--

LOCK TABLES `hvdbtohvtb` WRITE;
/*!40000 ALTER TABLE `hvdbtohvtb` DISABLE KEYS */;
INSERT INTO `hvdbtohvtb` VALUES ('F',1,1,1,1,0,1,1),('F',1,2,1,2,8,2,1),('F',2,1,2,1,16,3,1),('F',2,2,2,2,24,4,1),('F',3,1,3,1,32,5,1),('F',3,2,3,2,40,5,1),('B',1,1,4,1,48,6,2),('B',1,2,4,2,56,6,2),('B',2,1,5,1,64,7,2),('B',2,2,5,2,72,7,2),('B',3,1,6,0,80,8,2),('B',3,2,7,0,96,8,2);
/*!40000 ALTER TABLE `hvdbtohvtb` ENABLE KEYS */;
UNLOCK TABLES;

--
-- Table structure for table `hvpintolayer`
--

DROP TABLE IF EXISTS `hvpintolayer`;
/*!40101 SET @saved_cs_client     = @@character_set_client */;
/*!40101 SET character_set_client = utf8 */;
CREATE TABLE `hvpintolayer` (
  `doublethalf` tinyint(3) unsigned NOT NULL,
  `locquadpin` tinyint(3) unsigned NOT NULL,
  `hvtbpin` tinyint(3) unsigned NOT NULL,
  `wirename` char(8) NOT NULL,
  `colorleft` char(8) NOT NULL,
  `colorright` char(8) NOT NULL,
  `senselayerlow` tinyint(3) unsigned NOT NULL,
  `senselayerhigh` tinyint(3) unsigned NOT NULL
) ENGINE=InnoDB DEFAULT CHARSET=latin1;
/*!40101 SET character_set_client = @saved_cs_client */;

--
-- Dumping data for table `hvpintolayer`
--

LOCK TABLES `hvpintolayer` WRITE;
/*!40000 ALTER TABLE `hvpintolayer` DISABLE KEYS */;
INSERT INTO `hvpintolayer` VALUES (1,1,1,'F1/2','Brown','Brown',1,1),(1,2,2,'F3/4','Red','Red',1,2),(1,3,3,'F5/6','Orange','Orange',2,3),(1,4,4,'F7/8','Yellow','Yellow',3,4),(1,5,5,'F9/10','Green','Green',4,5),(1,6,6,'F11/12','Blue','Blue',5,6),(1,7,7,'F13/14','Purple','Purple',6,6),(1,8,8,'n/c','-','-',0,0),(1,9,9,'GRND','Black','Black',0,0),(2,1,10,'S1','Brown','Purple',1,1),(2,2,11,'S2','Red','Grey',2,2),(2,3,12,'S3','Orange','White',3,3),(2,4,13,'S4','Yellow','WhiteBlk',4,0),(2,5,14,'S5','Green','WhiteRed',5,0),(2,6,15,'S6','Blue','Black',6,6),(2,7,16,'G1','Grey','Grey',1,1),(2,8,17,'G2','White','White',6,6),(2,9,18,'n/c','-','-',0,0);
/*!40000 ALTER TABLE `hvpintolayer` ENABLE KEYS */;
UNLOCK TABLES;

--
-- Table structure for table `hvsubslotchang`
--

DROP TABLE IF EXISTS `hvsubslotchang`;
/*!40101 SET @saved_cs_client     = @@character_set_client */;
/*!40101 SET character_set_client = utf8 */;
CREATE TABLE `hvsubslotchang` (
  `chan` tinyint(3) unsigned NOT NULL,
  `wiretype` char(1) NOT NULL,
  `subslot` tinyint(3) unsigned NOT NULL,
  `locchan` tinyint(3) unsigned NOT NULL
) ENGINE=InnoDB DEFAULT CHARSET=latin1;
/*!40101 SET character_set_client = @saved_cs_client */;

--
-- Dumping data for table `hvsubslotchang`
--

LOCK TABLES `hvsubslotchang` WRITE;
/*!40000 ALTER TABLE `hvsubslotchang` DISABLE KEYS */;
INSERT INTO `hvsubslotchang` VALUES (1,'G',1,1),(2,'G',1,2),(3,'G',2,1),(4,'G',2,2),(5,'G',3,1),(6,'G',3,2),(7,'G',4,1),(8,'G',4,2),(9,'G',5,1),(10,'G',5,2),(11,'G',6,1),(12,'G',6,2);
/*!40000 ALTER TABLE `hvsubslotchang` ENABLE KEYS */;
UNLOCK TABLES;

--
-- Table structure for table `hvsubslotchansf`
--

DROP TABLE IF EXISTS `hvsubslotchansf`;
/*!40101 SET @saved_cs_client     = @@character_set_client */;
/*!40101 SET character_set_client = utf8 */;
CREATE TABLE `hvsubslotchansf` (
  `chan` tinyint(3) unsigned NOT NULL,
  `wiretype` char(1) NOT NULL,
  `subslot` tinyint(3) unsigned NOT NULL,
  `locchan` tinyint(3) unsigned NOT NULL
) ENGINE=InnoDB DEFAULT CHARSET=latin1;
/*!40101 SET character_set_client = @saved_cs_client */;

--
-- Dumping data for table `hvsubslotchansf`
--

LOCK TABLES `hvsubslotchansf` WRITE;
/*!40000 ALTER TABLE `hvsubslotchansf` DISABLE KEYS */;
INSERT INTO `hvsubslotchansf` VALUES (1,'S',1,1),(2,'S',1,2),(3,'S',1,3),(4,'S',1,4),(5,'S',1,5),(6,'S',1,6),(7,'S',1,7),(8,'S',1,8),(9,'S',2,1),(10,'S',2,2),(11,'S',2,3),(12,'S',2,4),(13,'S',2,5),(14,'S',2,6),(15,'S',2,7),(16,'S',2,8),(17,'S',3,1),(18,'S',3,2),(19,'S',3,3),(20,'S',3,4),(21,'S',3,5),(22,'S',3,6),(23,'S',3,7),(24,'S',3,8),(1,'F',1,1),(2,'F',1,2),(3,'F',1,3),(4,'F',1,4),(5,'F',1,5),(6,'F',1,6),(7,'F',1,7),(8,'F',1,8),(9,'F',2,1),(10,'F',2,2),(11,'F',2,3),(12,'F',2,4),(13,'F',2,5),(14,'F',2,6),(15,'F',2,7),(16,'F',2,8),(17,'F',3,1),(18,'F',3,2),(19,'F',3,3),(20,'F',3,4),(21,'F',3,5),(22,'F',3,6),(23,'F',3,7),(24,'F',3,8);
/*!40000 ALTER TABLE `hvsubslotchansf` ENABLE KEYS */;
UNLOCK TABLES;

--
-- Table structure for table `layer`
--

DROP TABLE IF EXISTS `layer`;
/*!40101 SET @saved_cs_client     = @@character_set_client */;
/*!40101 SET character_set_client = utf8 */;
CREATE TABLE `layer` (
  `layer` tinyint(3) unsigned NOT NULL,
  `region` tinyint(3) unsigned NOT NULL,
  `suplayer` tinyint(3) unsigned NOT NULL,
  `locsuplayer` tinyint(3) unsigned NOT NULL,
  `loclayer` tinyint(3) unsigned NOT NULL,
  PRIMARY KEY (`layer`)
) ENGINE=InnoDB DEFAULT CHARSET=latin1;
/*!40101 SET character_set_client = @saved_cs_client */;

--
-- Dumping data for table `layer`
--

LOCK TABLES `layer` WRITE;
/*!40000 ALTER TABLE `layer` DISABLE KEYS */;
INSERT INTO `layer` VALUES (1,1,1,1,1),(2,1,1,1,2),(3,1,1,1,3),(4,1,1,1,4),(5,1,1,1,5),(6,1,1,1,6),(7,1,2,2,1),(8,1,2,2,2),(9,1,2,2,3),(10,1,2,2,4),(11,1,2,2,5),(12,1,2,2,6),(13,2,3,1,1),(14,2,3,1,2),(15,2,3,1,3),(16,2,3,1,4),(17,2,3,1,5),(18,2,3,1,6),(19,2,4,2,1),(20,2,4,2,2),(21,2,4,2,3),(22,2,4,2,4),(23,2,4,2,5),(24,2,4,2,6),(25,3,5,1,1),(26,3,5,1,2),(27,3,5,1,3),(28,3,5,1,4),(29,3,5,1,5),(30,3,5,1,6),(31,3,6,2,1),(32,3,6,2,2),(33,3,6,2,3),(34,3,6,2,4),(35,3,6,2,5),(36,3,6,2,6);
/*!40000 ALTER TABLE `layer` ENABLE KEYS */;
UNLOCK TABLES;

--
-- Table structure for table `layer2loclayer`
--

DROP TABLE IF EXISTS `layer2loclayer`;
/*!40101 SET @saved_cs_client     = @@character_set_client */;
/*!40101 SET character_set_client = utf8 */;
CREATE TABLE `layer2loclayer` (
  `layer` tinyint(3) unsigned NOT NULL DEFAULT '0',
  `region` tinyint(3) unsigned NOT NULL DEFAULT '0',
  `suplayer` tinyint(3) unsigned NOT NULL DEFAULT '0',
  `loclayer` tinyint(3) unsigned NOT NULL DEFAULT '0',
  PRIMARY KEY (`layer`)
) ENGINE=MyISAM DEFAULT CHARSET=latin1;
/*!40101 SET character_set_client = @saved_cs_client */;

--
-- Dumping data for table `layer2loclayer`
--

LOCK TABLES `layer2loclayer` WRITE;
/*!40000 ALTER TABLE `layer2loclayer` DISABLE KEYS */;
INSERT INTO `layer2loclayer` VALUES (1,1,1,1),(2,1,1,2),(3,1,1,3),(4,1,1,4),(7,1,2,1),(8,1,2,2),(9,1,2,3),(10,1,2,4),(11,1,2,5),(12,1,2,6),(13,2,3,1),(14,2,3,2),(15,2,3,3),(16,2,3,4),(17,2,3,5),(18,2,3,6),(19,2,4,1),(20,2,4,2),(21,2,4,3),(22,2,4,4),(23,2,4,5),(24,2,4,6),(25,3,5,1),(26,3,5,2),(27,3,5,3),(28,3,5,4),(29,3,5,5),(30,3,5,6),(31,3,6,1),(32,3,6,2),(33,3,6,3),(34,3,6,4),(35,3,6,5),(36,3,6,6);
/*!40000 ALTER TABLE `layer2loclayer` ENABLE KEYS */;
UNLOCK TABLES;

--
-- Table structure for table `locwire2stb`
--

DROP TABLE IF EXISTS `locwire2stb`;
/*!40101 SET @saved_cs_client     = @@character_set_client */;
/*!40101 SET character_set_client = utf8 */;
CREATE TABLE `locwire2stb` (
  `suplayer` tinyint(3) unsigned NOT NULL DEFAULT '0',
  `loclayer` tinyint(3) unsigned NOT NULL DEFAULT '0',
  `locwire` tinyint(3) unsigned NOT NULL DEFAULT '0',
  `stbconnector` tinyint(3) unsigned NOT NULL DEFAULT '0',
  `stbpin` tinyint(3) unsigned NOT NULL DEFAULT '0',
  PRIMARY KEY (`suplayer`,`loclayer`,`locwire`)
) ENGINE=MyISAM DEFAULT CHARSET=latin1;
/*!40101 SET character_set_client = @saved_cs_client */;

--
-- Dumping data for table `locwire2stb`
--

LOCK TABLES `locwire2stb` WRITE;
/*!40000 ALTER TABLE `locwire2stb` DISABLE KEYS */;
INSERT INTO `locwire2stb` VALUES (1,1,1,1,1),(1,2,1,1,2),(1,3,1,1,3),(1,4,1,1,4),(1,1,2,1,5),(1,2,2,1,6),(1,3,2,1,7),(1,4,2,1,8),(1,1,3,1,9),(1,2,3,1,10),(1,3,3,1,11),(1,4,3,1,12),(1,1,4,1,13),(1,2,4,1,14),(1,3,4,1,15),(1,4,4,1,16),(1,1,5,2,1),(1,2,5,2,2),(1,3,5,2,3),(1,4,5,2,4),(1,1,6,2,5),(1,2,6,2,6),(1,3,6,2,7),(1,4,6,2,8),(1,1,7,2,9),(1,2,7,2,10),(1,3,7,2,11),(1,4,7,2,12),(1,1,8,2,13),(1,2,8,2,14),(1,3,8,2,15),(1,4,8,2,16),(1,1,9,3,1),(1,2,9,3,2),(1,3,9,3,3),(1,4,9,3,4),(1,1,10,3,5),(1,2,10,3,6),(1,3,10,3,7),(1,4,10,3,8),(1,1,11,3,9),(1,2,11,3,10),(1,3,11,3,11),(1,4,11,3,12),(1,1,12,3,13),(1,2,12,3,14),(1,3,12,3,15),(1,4,12,3,16),(2,1,1,1,1),(2,3,1,1,2),(2,5,1,1,3),(2,6,1,1,4),(2,4,1,1,5),(2,2,1,1,6),(2,1,2,1,7),(2,3,2,1,8),(2,5,2,1,9),(2,6,2,1,10),(2,4,2,1,11),(2,2,2,1,12),(2,1,3,1,13),(2,3,3,1,14),(2,5,3,1,15),(2,6,3,1,16),(2,4,3,2,1),(2,2,3,2,2),(2,1,4,2,3),(2,3,4,2,4),(2,5,4,2,5),(2,6,4,2,6),(2,4,4,2,7),(2,2,4,2,8),(2,1,5,2,9),(2,3,5,2,10),(2,5,5,2,11),(2,6,5,2,12),(2,4,5,2,13),(2,2,5,2,14),(2,1,6,2,15),(2,3,6,2,16),(2,5,6,3,1),(2,6,6,3,2),(2,4,6,3,3),(2,2,6,3,4),(2,1,7,3,5),(2,3,7,3,6),(2,5,7,3,7),(2,6,7,3,8),(2,4,7,3,9),(2,2,7,3,10),(2,1,8,3,11),(2,3,8,3,12),(2,5,8,3,13),(2,6,8,3,14),(2,4,8,3,15),(2,2,8,3,16),(3,1,1,1,1),(3,3,1,1,2),(3,5,1,1,3),(3,6,1,1,4),(3,4,1,1,5),(3,2,1,1,6),(3,1,2,1,7),(3,3,2,1,8),(3,5,2,1,9),(3,6,2,1,10),(3,4,2,1,11),(3,2,2,1,12),(3,1,3,1,13),(3,3,3,1,14),(3,5,3,1,15),(3,6,3,1,16),(3,4,3,2,1),(3,2,3,2,2),(3,1,4,2,3),(3,3,4,2,4),(3,5,4,2,5),(3,6,4,2,6),(3,4,4,2,7),(3,2,4,2,8),(3,1,5,2,9),(3,3,5,2,10),(3,5,5,2,11),(3,6,5,2,12),(3,4,5,2,13),(3,2,5,2,14),(3,1,6,2,15),(3,3,6,2,16),(3,5,6,3,1),(3,6,6,3,2),(3,4,6,3,3),(3,2,6,3,4),(3,1,7,3,5),(3,3,7,3,6),(3,5,7,3,7),(3,6,7,3,8),(3,4,7,3,9),(3,2,7,3,10),(3,1,8,3,11),(3,3,8,3,12),(3,5,8,3,13),(3,6,8,3,14),(3,4,8,3,15),(3,2,8,3,16),(4,1,1,1,1),(4,3,1,1,2),(4,5,1,1,3),(4,6,1,1,4),(4,4,1,1,5),(4,2,1,1,6),(4,1,2,1,7),(4,3,2,1,8),(4,5,2,1,9),(4,6,2,1,10),(4,4,2,1,11),(4,2,2,1,12),(4,1,3,1,13),(4,3,3,1,14),(4,5,3,1,15),(4,6,3,1,16),(4,4,3,2,1),(4,2,3,2,2),(4,1,4,2,3),(4,3,4,2,4),(4,5,4,2,5),(4,6,4,2,6),(4,4,4,2,7),(4,2,4,2,8),(4,1,5,2,9),(4,3,5,2,10),(4,5,5,2,11),(4,6,5,2,12),(4,4,5,2,13),(4,2,5,2,14),(4,1,6,2,15),(4,3,6,2,16),(4,5,6,3,1),(4,6,6,3,2),(4,4,6,3,3),(4,2,6,3,4),(4,1,7,3,5),(4,3,7,3,6),(4,5,7,3,7),(4,6,7,3,8),(4,4,7,3,9),(4,2,7,3,10),(4,1,8,3,11),(4,3,8,3,12),(4,5,8,3,13),(4,6,8,3,14),(4,4,8,3,15),(4,2,8,3,16),(5,1,1,1,1),(5,3,1,1,2),(5,5,1,1,3),(5,6,1,1,4),(5,4,1,1,5),(5,2,1,1,6),(5,1,2,1,7),(5,3,2,1,8),(5,5,2,1,9),(5,6,2,1,10),(5,4,2,1,11),(5,2,2,1,12),(5,1,3,1,13),(5,3,3,1,14),(5,5,3,1,15),(5,6,3,1,16),(5,4,3,2,1),(5,2,3,2,2),(5,1,4,2,3),(5,3,4,2,4),(5,5,4,2,5),(5,6,4,2,6),(5,4,4,2,7),(5,2,4,2,8),(5,1,5,2,9),(5,3,5,2,10),(5,5,5,2,11),(5,6,5,2,12),(5,4,5,2,13),(5,2,5,2,14),(5,1,6,2,15),(5,3,6,2,16),(5,5,6,3,1),(5,6,6,3,2),(5,4,6,3,3),(5,2,6,3,4),(5,1,7,3,5),(5,3,7,3,6),(5,5,7,3,7),(5,6,7,3,8),(5,4,7,3,9),(5,2,7,3,10),(5,1,8,3,11),(5,3,8,3,12),(5,5,8,3,13),(5,6,8,3,14),(5,4,8,3,15),(5,2,8,3,16),(6,1,1,1,1),(6,3,1,1,2),(6,5,1,1,3),(6,6,1,1,4),(6,4,1,1,5),(6,2,1,1,6),(6,1,2,1,7),(6,3,2,1,8),(6,5,2,1,9),(6,6,2,1,10),(6,4,2,1,11),(6,2,2,1,12),(6,1,3,1,13),(6,3,3,1,14),(6,5,3,1,15),(6,6,3,1,16),(6,4,3,2,1),(6,2,3,2,2),(6,1,4,2,3),(6,3,4,2,4),(6,5,4,2,5),(6,6,4,2,6),(6,4,4,2,7),(6,2,4,2,8),(6,1,5,2,9),(6,3,5,2,10),(6,5,5,2,11),(6,6,5,2,12),(6,4,5,2,13),(6,2,5,2,14),(6,1,6,2,15),(6,3,6,2,16),(6,5,6,3,1),(6,6,6,3,2),(6,4,6,3,3),(6,2,6,3,4),(6,1,7,3,5),(6,3,7,3,6),(6,5,7,3,7),(6,6,7,3,8),(6,4,7,3,9),(6,2,7,3,10),(6,1,8,3,11),(6,3,8,3,12),(6,5,8,3,13),(6,6,8,3,14),(6,4,8,3,15),(6,2,8,3,16),(0,0,0,0,0);
/*!40000 ALTER TABLE `locwire2stb` ENABLE KEYS */;
UNLOCK TABLES;

--
-- Table structure for table `muxboard`
--

DROP TABLE IF EXISTS `muxboard`;
/*!40101 SET @saved_cs_client     = @@character_set_client */;
/*!40101 SET character_set_client = utf8 */;
CREATE TABLE `muxboard` (
  `id` tinyint(3) unsigned NOT NULL DEFAULT '0',
  `statchangeid` int(11) NOT NULL AUTO_INCREMENT,
  `locationkey` enum('shop','cabinet','installed') NOT NULL DEFAULT 'shop',
  `adbcrateloc` tinyint(3) unsigned DEFAULT NULL,
  `adbslot` tinyint(3) unsigned DEFAULT NULL,
  `status` enum('good','bad') NOT NULL DEFAULT 'good',
  `datebegstatus` datetime DEFAULT NULL,
  PRIMARY KEY (`id`,`statchangeid`)
) ENGINE=MyISAM DEFAULT CHARSET=latin1;
/*!40101 SET character_set_client = @saved_cs_client */;

--
-- Dumping data for table `muxboard`
--

LOCK TABLES `muxboard` WRITE;
/*!40000 ALTER TABLE `muxboard` DISABLE KEYS */;
INSERT INTO `muxboard` VALUES (1,1,'installed',1,1,'good','2000-12-15 11:55:00'),(2,1,'installed',1,2,'good','2000-12-15 11:55:00'),(3,1,'installed',1,3,'good','2000-12-15 11:55:00'),(4,1,'installed',1,4,'good','2000-12-15 11:55:00'),(5,1,'installed',1,5,'good','2000-12-15 11:55:00'),(6,1,'installed',1,6,'good','2000-12-15 11:55:00'),(7,1,'installed',1,7,'good','2000-12-15 11:55:00'),(8,1,'installed',1,8,'good','2000-12-15 11:55:00'),(9,1,'installed',1,9,'good','2000-12-15 11:55:00'),(10,1,'installed',1,10,'good','2000-12-15 11:55:00'),(11,1,'installed',1,11,'good','2000-12-15 11:55:00'),(12,1,'installed',1,12,'good','2000-12-15 11:55:00'),(13,1,'installed',2,1,'good','2000-12-15 11:55:00'),(14,1,'installed',2,2,'good','2000-12-15 11:55:00'),(15,1,'installed',2,3,'good','2000-12-15 11:55:00'),(16,1,'installed',2,4,'good','2000-12-15 11:55:00'),(17,1,'installed',2,5,'good','2000-12-15 11:55:00'),(18,1,'installed',2,6,'good','2000-12-15 11:55:00'),(19,1,'installed',2,7,'good','2000-12-15 11:55:00'),(20,1,'installed',2,8,'good','2000-12-15 11:55:00'),(21,1,'installed',2,9,'good','2000-12-15 11:55:00'),(22,1,'installed',2,10,'good','2000-12-15 11:55:00'),(23,1,'installed',2,11,'good','2000-12-15 11:55:00'),(24,1,'installed',2,12,'good','2000-12-15 11:55:00'),(25,1,'installed',3,1,'good','2000-12-15 11:55:00'),(26,1,'installed',3,2,'good','2000-12-15 11:55:00'),(27,1,'installed',3,3,'good','2000-12-15 11:55:00'),(28,1,'installed',3,4,'good','2000-12-15 11:55:00'),(29,1,'installed',3,5,'good','2000-12-15 11:55:00'),(30,1,'installed',3,6,'good','2000-12-15 11:55:00'),(31,1,'installed',3,7,'good','2000-12-15 11:55:00'),(32,1,'installed',3,8,'good','2000-12-15 11:55:00'),(33,1,'installed',3,9,'good','2000-12-15 11:55:00'),(34,1,'installed',3,10,'good','2000-12-15 11:55:00'),(35,1,'installed',3,11,'good','2000-12-15 11:55:00'),(36,1,'installed',3,12,'good','2000-12-15 11:55:00'),(37,1,'installed',4,1,'good','2000-12-15 11:55:00'),(38,1,'installed',4,2,'good','2000-12-15 11:55:00'),(39,1,'installed',4,3,'good','2000-12-15 11:55:00'),(40,1,'installed',4,4,'good','2000-12-15 11:55:00'),(41,1,'installed',4,5,'good','2000-12-15 11:55:00'),(42,1,'installed',4,6,'good','2000-12-15 11:55:00'),(43,1,'installed',4,7,'good','2000-12-15 11:55:00'),(44,1,'installed',4,8,'good','2000-12-15 11:55:00'),(45,1,'installed',4,9,'good','2000-12-15 11:55:00'),(46,1,'installed',4,10,'good','2000-12-15 11:55:00'),(47,1,'installed',4,11,'good','2000-12-15 11:55:00'),(48,1,'installed',4,12,'good','2000-12-15 11:55:00'),(49,1,'installed',5,1,'good','2000-12-15 11:55:00'),(50,1,'installed',5,2,'good','2000-12-15 11:55:00'),(51,1,'installed',5,3,'good','2000-12-15 11:55:00'),(52,1,'installed',5,4,'good','2000-12-15 11:55:00'),(53,1,'installed',5,5,'good','2000-12-15 11:55:00'),(54,1,'installed',5,6,'good','2000-12-15 11:55:00'),(55,1,'installed',5,7,'good','2000-12-15 11:55:00'),(56,1,'installed',5,8,'good','2000-12-15 11:55:00'),(57,1,'installed',5,9,'good','2000-12-15 11:55:00'),(58,1,'installed',5,10,'good','2000-12-15 11:55:00'),(59,1,'installed',5,11,'good','2000-12-15 11:55:00'),(60,1,'installed',5,12,'good','2000-12-15 11:55:00'),(61,1,'installed',6,1,'good','2000-12-15 11:55:00'),(62,1,'installed',6,2,'good','2000-12-15 11:55:00'),(63,1,'installed',6,3,'good','2000-12-15 11:55:00'),(64,1,'installed',6,4,'good','2000-12-15 11:55:00'),(65,1,'installed',6,5,'good','2000-12-15 11:55:00'),(66,1,'installed',6,6,'good','2000-12-15 11:55:00'),(67,1,'installed',6,7,'good','2000-12-15 11:55:00'),(68,1,'installed',6,8,'good','2000-12-15 11:55:00'),(69,1,'installed',6,9,'good','2000-12-15 11:55:00'),(70,1,'installed',6,10,'good','2000-12-15 11:55:00'),(71,1,'installed',6,11,'good','2000-12-15 11:55:00'),(72,1,'installed',6,12,'good','2000-12-15 11:55:00'),(73,1,'installed',7,1,'good','2000-12-15 11:55:00'),(74,1,'installed',7,2,'good','2000-12-15 11:55:00'),(75,1,'installed',7,3,'good','2000-12-15 11:55:00'),(76,1,'installed',7,4,'good','2000-12-15 11:55:00'),(77,1,'installed',7,5,'good','2000-12-15 11:55:00'),(78,1,'installed',7,6,'good','2000-12-15 11:55:00'),(79,1,'installed',7,7,'good','2000-12-15 11:55:00'),(80,1,'installed',7,8,'good','2000-12-15 11:55:00'),(81,1,'installed',7,9,'good','2000-12-15 11:55:00'),(82,1,'installed',7,10,'good','2000-12-15 11:55:00'),(83,1,'installed',7,11,'good','2000-12-15 11:55:00'),(84,1,'installed',7,12,'good','2000-12-15 11:55:00'),(85,1,'installed',8,1,'good','2000-12-15 11:55:00'),(86,1,'installed',8,2,'good','2000-12-15 11:55:00'),(87,1,'installed',8,3,'good','2000-12-15 11:55:00'),(88,1,'installed',8,4,'good','2000-12-15 11:55:00'),(89,1,'installed',8,5,'good','2000-12-15 11:55:00'),(90,1,'installed',8,6,'good','2000-12-15 11:55:00'),(91,1,'installed',8,7,'good','2000-12-15 11:55:00'),(92,1,'installed',8,8,'good','2000-12-15 11:55:00'),(93,1,'installed',8,9,'good','2000-12-15 11:55:00'),(94,1,'installed',8,10,'good','2000-12-15 11:55:00'),(95,1,'installed',8,11,'good','2000-12-15 11:55:00'),(96,1,'installed',8,12,'good','2000-12-15 11:55:00'),(97,1,'installed',9,1,'good','2000-12-15 11:55:00'),(98,1,'installed',9,2,'good','2000-12-15 11:55:00'),(99,1,'installed',9,3,'good','2000-12-15 11:55:00'),(100,1,'installed',9,4,'good','2000-12-15 11:55:00'),(101,1,'installed',9,5,'good','2000-12-15 11:55:00'),(102,1,'installed',9,6,'good','2000-12-15 11:55:00'),(103,1,'installed',9,7,'good','2000-12-15 11:55:00'),(104,1,'installed',9,8,'good','2000-12-15 11:55:00'),(105,1,'installed',9,9,'good','2000-12-15 11:55:00'),(106,1,'installed',9,10,'good','2000-12-15 11:55:00'),(107,1,'installed',9,11,'good','2000-12-15 11:55:00'),(108,1,'installed',9,12,'good','2000-12-15 11:55:00'),(109,1,'installed',10,1,'good','2000-12-15 11:55:00'),(110,1,'installed',10,2,'good','2000-12-15 11:55:00'),(111,1,'installed',10,3,'good','2000-12-15 11:55:00'),(112,1,'installed',10,4,'good','2000-12-15 11:55:00'),(113,1,'installed',10,5,'good','2000-12-15 11:55:00'),(114,1,'installed',10,6,'good','2000-12-15 11:55:00'),(115,1,'installed',10,7,'good','2000-12-15 11:55:00'),(116,1,'installed',10,8,'good','2000-12-15 11:55:00'),(117,1,'installed',10,9,'good','2000-12-15 11:55:00'),(118,1,'installed',10,10,'good','2000-12-15 11:55:00'),(119,1,'installed',10,11,'good','2000-12-15 11:55:00'),(120,1,'installed',10,12,'good','2000-12-15 11:55:00'),(121,1,'installed',11,1,'good','2000-12-15 11:55:00'),(122,1,'installed',11,2,'good','2000-12-15 11:55:00'),(123,1,'installed',11,3,'good','2000-12-15 11:55:00'),(124,1,'installed',11,4,'good','2000-12-15 11:55:00'),(125,1,'installed',11,5,'good','2000-12-15 11:55:00'),(126,1,'installed',11,6,'good','2000-12-15 11:55:00'),(127,1,'installed',11,7,'good','2000-12-15 11:55:00'),(128,1,'installed',11,8,'good','2000-12-15 11:55:00'),(129,1,'installed',11,9,'good','2000-12-15 11:55:00'),(130,1,'installed',11,10,'good','2000-12-15 11:55:00'),(131,1,'installed',11,11,'good','2000-12-15 11:55:00'),(132,1,'installed',11,12,'good','2000-12-15 11:55:00'),(133,1,'installed',12,1,'good','2000-12-15 11:55:00'),(134,1,'installed',12,2,'good','2000-12-15 11:55:00'),(135,1,'installed',12,3,'good','2000-12-15 11:55:00'),(136,1,'installed',12,4,'good','2000-12-15 11:55:00'),(137,1,'installed',12,5,'good','2000-12-15 11:55:00'),(138,1,'installed',12,6,'good','2000-12-15 11:55:00'),(139,1,'installed',12,7,'good','2000-12-15 11:55:00'),(140,1,'installed',12,8,'good','2000-12-15 11:55:00'),(141,1,'installed',12,9,'good','2000-12-15 11:55:00'),(142,1,'installed',12,10,'good','2000-12-15 11:55:00'),(143,1,'installed',12,11,'good','2000-12-15 11:55:00'),(144,1,'installed',12,12,'good','2000-12-15 11:55:00'),(145,1,'installed',13,1,'good','2000-12-15 11:55:00'),(146,1,'installed',13,2,'good','2000-12-15 11:55:00'),(147,1,'installed',13,3,'good','2000-12-15 11:55:00'),(148,1,'installed',13,4,'good','2000-12-15 11:55:00'),(149,1,'installed',13,5,'good','2000-12-15 11:55:00'),(150,1,'installed',13,6,'good','2000-12-15 11:55:00'),(151,1,'installed',13,7,'good','2000-12-15 11:55:00'),(152,1,'installed',13,8,'good','2000-12-15 11:55:00'),(153,1,'installed',13,9,'good','2000-12-15 11:55:00'),(154,1,'installed',13,10,'good','2000-12-15 11:55:00'),(155,1,'installed',13,11,'good','2000-12-15 11:55:00'),(156,1,'installed',13,12,'good','2000-12-15 11:55:00'),(157,1,'installed',14,1,'good','2000-12-15 11:55:00'),(158,1,'installed',14,2,'good','2000-12-15 11:55:00'),(159,1,'installed',14,3,'good','2000-12-15 11:55:00'),(160,1,'installed',14,4,'good','2000-12-15 11:55:00'),(161,1,'installed',14,5,'good','2000-12-15 11:55:00'),(162,1,'installed',14,6,'good','2000-12-15 11:55:00'),(163,1,'installed',14,7,'good','2000-12-15 11:55:00'),(164,1,'installed',14,8,'good','2000-12-15 11:55:00'),(165,1,'installed',14,9,'good','2000-12-15 11:55:00'),(166,1,'installed',14,10,'good','2000-12-15 11:55:00'),(167,1,'installed',14,11,'good','2000-12-15 11:55:00'),(168,1,'installed',14,12,'good','2000-12-15 11:55:00'),(169,1,'installed',15,1,'good','2000-12-15 11:55:00'),(170,1,'installed',15,2,'good','2000-12-15 11:55:00'),(171,1,'installed',15,3,'good','2000-12-15 11:55:00'),(172,1,'installed',15,4,'good','2000-12-15 11:55:00'),(173,1,'installed',15,5,'good','2000-12-15 11:55:00'),(174,1,'installed',15,6,'good','2000-12-15 11:55:00'),(175,1,'installed',15,7,'good','2000-12-15 11:55:00'),(176,1,'installed',15,8,'good','2000-12-15 11:55:00'),(177,1,'installed',15,9,'good','2000-12-15 11:55:00'),(178,1,'installed',15,10,'good','2000-12-15 11:55:00'),(179,1,'installed',15,11,'good','2000-12-15 11:55:00'),(180,1,'installed',15,12,'good','2000-12-15 11:55:00'),(181,1,'installed',16,1,'good','2000-12-15 11:55:00'),(182,1,'installed',16,2,'good','2000-12-15 11:55:00'),(183,1,'installed',16,3,'good','2000-12-15 11:55:00'),(184,1,'installed',16,4,'good','2000-12-15 11:55:00'),(185,1,'installed',16,5,'good','2000-12-15 11:55:00'),(186,1,'installed',16,6,'good','2000-12-15 11:55:00'),(187,1,'installed',16,7,'good','2000-12-15 11:55:00'),(188,1,'installed',16,8,'good','2000-12-15 11:55:00'),(189,1,'installed',16,9,'good','2000-12-15 11:55:00'),(190,1,'installed',16,10,'good','2000-12-15 11:55:00'),(191,1,'installed',16,11,'good','2000-12-15 11:55:00'),(192,1,'installed',16,12,'good','2000-12-15 11:55:00'),(193,1,'installed',17,1,'good','2000-12-15 11:55:00'),(194,1,'installed',17,2,'good','2000-12-15 11:55:00'),(195,1,'installed',17,3,'good','2000-12-15 11:55:00'),(196,1,'installed',17,4,'good','2000-12-15 11:55:00'),(197,1,'installed',17,5,'good','2000-12-15 11:55:00'),(198,1,'installed',17,6,'good','2000-12-15 11:55:00'),(199,1,'installed',17,7,'good','2000-12-15 11:55:00'),(200,1,'installed',17,8,'good','2000-12-15 11:55:00'),(201,1,'installed',17,9,'good','2000-12-15 11:55:00'),(202,1,'installed',17,10,'good','2000-12-15 11:55:00'),(203,1,'installed',17,11,'good','2000-12-15 11:55:00'),(204,1,'installed',17,12,'good','2000-12-15 11:55:00'),(205,1,'installed',18,1,'good','2000-12-15 11:55:00'),(206,1,'installed',18,2,'good','2000-12-15 11:55:00'),(207,1,'installed',18,3,'good','2000-12-15 11:55:00'),(208,1,'installed',18,4,'good','2000-12-15 11:55:00'),(209,1,'installed',18,5,'good','2000-12-15 11:55:00'),(210,1,'installed',18,6,'good','2000-12-15 11:55:00'),(211,1,'installed',18,7,'good','2000-12-15 11:55:00'),(212,1,'installed',18,8,'good','2000-12-15 11:55:00'),(213,1,'installed',18,9,'good','2000-12-15 11:55:00'),(214,1,'installed',18,10,'good','2000-12-15 11:55:00'),(215,1,'installed',18,11,'good','2000-12-15 11:55:00'),(216,1,'installed',18,12,'good','2000-12-15 11:55:00'),(217,1,'installed',19,1,'good','2000-12-15 11:55:00'),(218,1,'installed',19,2,'good','2000-12-15 11:55:00'),(219,1,'installed',19,3,'good','2000-12-15 11:55:00'),(220,1,'installed',19,4,'good','2000-12-15 11:55:00'),(221,1,'installed',19,5,'good','2000-12-15 11:55:00'),(222,1,'installed',19,6,'good','2000-12-15 11:55:00'),(223,1,'installed',19,7,'good','2000-12-15 11:55:00'),(224,1,'installed',19,8,'good','2000-12-15 11:55:00'),(225,1,'installed',19,9,'good','2000-12-15 11:55:00'),(226,1,'installed',19,10,'good','2000-12-15 11:55:00'),(227,1,'installed',19,11,'good','2000-12-15 11:55:00'),(228,1,'installed',19,12,'good','2000-12-15 11:55:00'),(229,1,'installed',20,1,'good','2000-12-15 11:55:00'),(230,1,'installed',20,2,'good','2000-12-15 11:55:00'),(231,1,'installed',20,3,'good','2000-12-15 11:55:00'),(232,1,'installed',20,4,'good','2000-12-15 11:55:00'),(233,1,'installed',20,5,'good','2000-12-15 11:55:00'),(234,1,'installed',20,6,'good','2000-12-15 11:55:00'),(235,1,'installed',20,7,'good','2000-12-15 11:55:00'),(236,1,'installed',20,8,'good','2000-12-15 11:55:00'),(237,1,'installed',20,9,'good','2000-12-15 11:55:00'),(238,1,'installed',20,10,'good','2000-12-15 11:55:00'),(239,1,'installed',20,11,'good','2000-12-15 11:55:00'),(240,1,'installed',20,12,'good','2000-12-15 11:55:00'),(241,1,'installed',21,1,'good','2000-12-15 11:55:00'),(242,1,'installed',21,2,'good','2000-12-15 11:55:00'),(243,1,'installed',21,3,'good','2000-12-15 11:55:00'),(244,1,'installed',21,4,'good','2000-12-15 11:55:00'),(245,1,'installed',21,5,'good','2000-12-15 11:55:00'),(246,1,'installed',21,6,'good','2000-12-15 11:55:00'),(247,1,'installed',21,7,'good','2000-12-15 11:55:00'),(248,1,'installed',21,8,'good','2000-12-15 11:55:00'),(249,1,'installed',21,9,'good','2000-12-15 11:55:00'),(250,1,'installed',21,10,'good','2000-12-15 11:55:00'),(251,1,'installed',21,11,'good','2000-12-15 11:55:00'),(252,1,'installed',21,12,'good','2000-12-15 11:55:00'),(253,1,'installed',22,1,'good','2000-12-15 11:55:00'),(254,1,'installed',22,2,'good','2000-12-15 11:55:00'),(255,1,'installed',22,3,'good','2000-12-15 11:55:00');
/*!40000 ALTER TABLE `muxboard` ENABLE KEYS */;
UNLOCK TABLES;

--
-- Table structure for table `muxpin2tdcpin`
--

DROP TABLE IF EXISTS `muxpin2tdcpin`;
/*!40101 SET @saved_cs_client     = @@character_set_client */;
/*!40101 SET character_set_client = utf8 */;
CREATE TABLE `muxpin2tdcpin` (
  `muxpin` tinyint(3) unsigned NOT NULL DEFAULT '0',
  `tdcpin` tinyint(3) unsigned NOT NULL DEFAULT '0',
  PRIMARY KEY (`muxpin`)
) ENGINE=MyISAM DEFAULT CHARSET=latin1;
/*!40101 SET character_set_client = @saved_cs_client */;

--
-- Dumping data for table `muxpin2tdcpin`
--

LOCK TABLES `muxpin2tdcpin` WRITE;
/*!40000 ALTER TABLE `muxpin2tdcpin` DISABLE KEYS */;
INSERT INTO `muxpin2tdcpin` VALUES (1,1),(2,2),(3,3),(4,4),(5,5),(6,6),(7,7),(8,8),(9,9),(10,10),(11,11),(12,12),(13,13),(14,14),(15,15),(16,16);
/*!40000 ALTER TABLE `muxpin2tdcpin` ENABLE KEYS */;
UNLOCK TABLES;

--
-- Table structure for table `sec2adbcrate`
--

DROP TABLE IF EXISTS `sec2adbcrate`;
/*!40101 SET @saved_cs_client     = @@character_set_client */;
/*!40101 SET character_set_client = utf8 */;
CREATE TABLE `sec2adbcrate` (
  `sector` tinyint(3) unsigned NOT NULL DEFAULT '0',
  `suplayer` tinyint(3) unsigned NOT NULL DEFAULT '0',
  `adbcrateloc` tinyint(3) unsigned NOT NULL DEFAULT '0',
  `adbcratename` char(6) DEFAULT NULL,
  PRIMARY KEY (`sector`,`suplayer`)
) ENGINE=MyISAM DEFAULT CHARSET=latin1;
/*!40101 SET character_set_client = @saved_cs_client */;

--
-- Dumping data for table `sec2adbcrate`
--

LOCK TABLES `sec2adbcrate` WRITE;
/*!40000 ALTER TABLE `sec2adbcrate` DISABLE KEYS */;
INSERT INTO `sec2adbcrate` VALUES (1,1,17,'r1s1'),(1,2,17,'r1s1'),(1,3,29,'r2s1ax'),(1,4,26,'r2s1st'),(1,5,11,'r3s1ax'),(1,6,8,'r3s1st'),(2,1,16,'r1s2'),(2,2,16,'r1s2'),(2,3,28,'r2s2ax'),(2,4,25,'r2s2st'),(2,5,10,'r3s2ax'),(2,6,7,'r3s2st'),(3,1,13,'r1s3'),(3,2,13,'r1s3'),(3,3,22,'r2s3ax'),(3,4,19,'r2s3st'),(3,5,4,'r3s3ax'),(3,6,1,'r3s3st'),(4,1,14,'r1s4'),(4,2,14,'r1s4'),(4,3,23,'r2s4ax'),(4,4,20,'r2s4st'),(4,5,5,'r3s4ax'),(4,6,2,'r3s4st'),(5,1,15,'r1s5'),(5,2,15,'r1s5'),(5,3,24,'r2s5ax'),(5,4,21,'r2s5st'),(5,5,6,'r3s5ax'),(5,6,3,'r3s5st'),(6,1,18,'r1s6'),(6,2,18,'r1s6'),(6,3,30,'r2s6ax'),(6,4,27,'r2s6st'),(6,5,12,'r3s6ax'),(6,6,9,'r3s6st');
/*!40000 ALTER TABLE `sec2adbcrate` ENABLE KEYS */;
UNLOCK TABLES;

--
-- Table structure for table `senselayerrange`
--

DROP TABLE IF EXISTS `senselayerrange`;
/*!40101 SET @saved_cs_client     = @@character_set_client */;
/*!40101 SET character_set_client = utf8 */;
CREATE TABLE `senselayerrange` (
  `senselow` tinyint(3) unsigned NOT NULL,
  `sensehigh` tinyint(3) unsigned NOT NULL,
  `senselayer` tinyint(3) unsigned NOT NULL
) ENGINE=InnoDB DEFAULT CHARSET=latin1;
/*!40101 SET character_set_client = @saved_cs_client */;

--
-- Dumping data for table `senselayerrange`
--

LOCK TABLES `senselayerrange` WRITE;
/*!40000 ALTER TABLE `senselayerrange` DISABLE KEYS */;
INSERT INTO `senselayerrange` VALUES (0,0,0),(1,1,1),(1,2,1),(1,2,2),(2,2,2),(2,3,2),(2,3,3),(3,3,3),(3,4,3),(3,4,4),(4,4,4),(4,5,4),(4,5,5),(5,5,5),(5,6,5),(5,6,6),(6,6,6);
/*!40000 ALTER TABLE `senselayerrange` ENABLE KEYS */;
UNLOCK TABLES;

--
-- Table structure for table `sensewirerange`
--

DROP TABLE IF EXISTS `sensewirerange`;
/*!40101 SET @saved_cs_client     = @@character_set_client */;
/*!40101 SET character_set_client = utf8 */;
CREATE TABLE `sensewirerange` (
  `sensewirelow` tinyint(3) unsigned NOT NULL,
  `sensewirehigh` tinyint(3) unsigned NOT NULL,
  `sensewire` tinyint(3) unsigned NOT NULL
) ENGINE=InnoDB DEFAULT CHARSET=latin1;
/*!40101 SET character_set_client = @saved_cs_client */;

--
-- Dumping data for table `sensewirerange`
--

LOCK TABLES `sensewirerange` WRITE;
/*!40000 ALTER TABLE `sensewirerange` DISABLE KEYS */;
INSERT INTO `sensewirerange` VALUES (0,0,0),(1,8,1),(1,8,2),(1,8,3),(1,8,4),(1,8,5),(1,8,6),(1,8,7),(1,8,8),(9,16,9),(9,16,10),(9,16,11),(9,16,12),(9,16,13),(9,16,14),(9,16,15),(9,16,16);
/*!40000 ALTER TABLE `sensewirerange` ENABLE KEYS */;
UNLOCK TABLES;

--
-- Table structure for table `sigcable`
--

DROP TABLE IF EXISTS `sigcable`;
/*!40101 SET @saved_cs_client     = @@character_set_client */;
/*!40101 SET character_set_client = utf8 */;
CREATE TABLE `sigcable` (
  `id` smallint(5) unsigned NOT NULL DEFAULT '0',
  `sector` tinyint(3) unsigned NOT NULL DEFAULT '0',
  `statchangeid` int(11) NOT NULL AUTO_INCREMENT,
  `length` float unsigned DEFAULT NULL,
  `status` enum('good','bad','swapped') NOT NULL DEFAULT 'good',
  `datebegstatus` datetime DEFAULT NULL,
  PRIMARY KEY (`id`,`sector`,`statchangeid`)
) ENGINE=MyISAM DEFAULT CHARSET=latin1;
/*!40101 SET character_set_client = @saved_cs_client */;

--
-- Dumping data for table `sigcable`
--

LOCK TABLES `sigcable` WRITE;
/*!40000 ALTER TABLE `sigcable` DISABLE KEYS */;
INSERT INTO `sigcable` VALUES (1,1,1,60,'good','2000-12-15 11:55:00'),(2,1,1,60,'good','2000-12-15 11:55:00'),(3,1,1,60,'good','2000-12-15 11:55:00'),(4,1,1,60,'good','2000-12-15 11:55:00'),(5,1,1,60,'good','2000-12-15 11:55:00'),(6,1,1,60,'good','2000-12-15 11:55:00'),(7,1,1,60,'good','2000-12-15 11:55:00'),(8,1,1,60,'good','2000-12-15 11:55:00'),(9,1,1,60,'good','2000-12-15 11:55:00'),(10,1,1,60,'good','2000-12-15 11:55:00'),(11,1,1,60,'good','2000-12-15 11:55:00'),(12,1,1,60,'good','2000-12-15 11:55:00'),(13,1,1,60,'good','2000-12-15 11:55:00'),(14,1,1,60,'good','2000-12-15 11:55:00'),(15,1,1,60,'good','2000-12-15 11:55:00'),(16,1,1,60,'good','2000-12-15 11:55:00'),(17,1,1,60,'good','2000-12-15 11:55:00'),(18,1,1,60,'good','2000-12-15 11:55:00'),(19,1,1,60,'good','2000-12-15 11:55:00'),(20,1,1,60,'good','2000-12-15 11:55:00'),(21,1,1,60,'good','2000-12-15 11:55:00'),(22,1,1,60,'good','2000-12-15 11:55:00'),(23,1,1,60,'good','2000-12-15 11:55:00'),(24,1,1,60,'good','2000-12-15 11:55:00'),(25,1,1,60,'good','2000-12-15 11:55:00'),(26,1,1,60,'good','2000-12-15 11:55:00'),(27,1,1,60,'good','2000-12-15 11:55:00'),(28,1,1,60,'good','2000-12-15 11:55:00'),(29,1,1,60,'good','2000-12-15 11:55:00'),(30,1,1,60,'good','2000-12-15 11:55:00'),(31,1,1,60,'good','2000-12-15 11:55:00'),(32,1,1,60,'good','2000-12-15 11:55:00'),(33,1,1,60,'good','2000-12-15 11:55:00'),(34,1,1,60,'good','2000-12-15 11:55:00'),(35,1,1,60,'good','2000-12-15 11:55:00'),(36,1,1,60,'good','2000-12-15 11:55:00'),(37,1,1,60,'good','2000-12-15 11:55:00'),(38,1,1,60,'good','2000-12-15 11:55:00'),(39,1,1,60,'good','2000-12-15 11:55:00'),(40,1,1,60,'good','2000-12-15 11:55:00'),(41,1,1,60,'good','2000-12-15 11:55:00'),(42,1,1,60,'good','2000-12-15 11:55:00'),(43,1,1,60,'good','2000-12-15 11:55:00'),(44,1,1,60,'good','2000-12-15 11:55:00'),(45,1,1,60,'good','2000-12-15 11:55:00'),(46,1,1,60,'good','2000-12-15 11:55:00'),(47,1,1,60,'good','2000-12-15 11:55:00'),(48,1,1,60,'good','2000-12-15 11:55:00'),(49,1,1,60,'good','2000-12-15 11:55:00'),(50,1,1,60,'good','2000-12-15 11:55:00'),(51,1,1,60,'good','2000-12-15 11:55:00'),(52,1,1,60,'good','2000-12-15 11:55:00'),(53,1,1,60,'good','2000-12-15 11:55:00'),(54,1,1,60,'good','2000-12-15 11:55:00'),(55,1,1,60,'good','2000-12-15 11:55:00'),(56,1,1,60,'good','2000-12-15 11:55:00'),(57,1,1,60,'good','2000-12-15 11:55:00'),(58,1,1,60,'good','2000-12-15 11:55:00'),(59,1,1,60,'good','2000-12-15 11:55:00'),(60,1,1,60,'good','2000-12-15 11:55:00'),(61,1,1,60,'good','2000-12-15 11:55:00'),(62,1,1,60,'good','2000-12-15 11:55:00'),(63,1,1,60,'good','2000-12-15 11:55:00'),(64,1,1,60,'good','2000-12-15 11:55:00'),(65,1,1,60,'good','2000-12-15 11:55:00'),(66,1,1,60,'good','2000-12-15 11:55:00'),(67,1,1,60,'good','2000-12-15 11:55:00'),(68,1,1,60,'good','2000-12-15 11:55:00'),(69,1,1,60,'good','2000-12-15 11:55:00'),(70,1,1,60,'good','2000-12-15 11:55:00'),(71,1,1,60,'good','2000-12-15 11:55:00'),(72,1,1,60,'good','2000-12-15 11:55:00'),(73,1,1,60,'good','2000-12-15 11:55:00'),(74,1,1,60,'good','2000-12-15 11:55:00'),(75,1,1,60,'good','2000-12-15 11:55:00'),(76,1,1,60,'good','2000-12-15 11:55:00'),(77,1,1,60,'good','2000-12-15 11:55:00'),(78,1,1,60,'good','2000-12-15 11:55:00'),(79,1,1,60,'good','2000-12-15 11:55:00'),(80,1,1,60,'good','2000-12-15 11:55:00'),(81,1,1,60,'good','2000-12-15 11:55:00'),(82,1,1,60,'good','2000-12-15 11:55:00'),(83,1,1,60,'good','2000-12-15 11:55:00'),(84,1,1,60,'good','2000-12-15 11:55:00'),(85,1,1,60,'good','2000-12-15 11:55:00'),(86,1,1,60,'good','2000-12-15 11:55:00'),(87,1,1,60,'good','2000-12-15 11:55:00'),(88,1,1,60,'good','2000-12-15 11:55:00'),(89,1,1,60,'good','2000-12-15 11:55:00'),(90,1,1,60,'good','2000-12-15 11:55:00'),(91,1,1,60,'good','2000-12-15 11:55:00'),(92,1,1,60,'good','2000-12-15 11:55:00'),(93,1,1,60,'good','2000-12-15 11:55:00'),(94,1,1,60,'good','2000-12-15 11:55:00'),(95,1,1,60,'good','2000-12-15 11:55:00'),(96,1,1,60,'good','2000-12-15 11:55:00'),(97,1,1,60,'good','2000-12-15 11:55:00'),(98,1,1,60,'good','2000-12-15 11:55:00'),(99,1,1,60,'good','2000-12-15 11:55:00'),(100,1,1,60,'good','2000-12-15 11:55:00'),(101,1,1,60,'good','2000-12-15 11:55:00'),(102,1,1,60,'good','2000-12-15 11:55:00'),(103,1,1,60,'good','2000-12-15 11:55:00'),(104,1,1,60,'good','2000-12-15 11:55:00'),(105,1,1,60,'good','2000-12-15 11:55:00'),(106,1,1,60,'good','2000-12-15 11:55:00'),(107,1,1,60,'good','2000-12-15 11:55:00'),(108,1,1,60,'good','2000-12-15 11:55:00'),(109,1,1,60,'good','2000-12-15 11:55:00'),(110,1,1,60,'good','2000-12-15 11:55:00'),(111,1,1,60,'good','2000-12-15 11:55:00'),(112,1,1,60,'good','2000-12-15 11:55:00'),(113,1,1,60,'good','2000-12-15 11:55:00'),(114,1,1,60,'good','2000-12-15 11:55:00'),(115,1,1,60,'good','2000-12-15 11:55:00'),(116,1,1,60,'good','2000-12-15 11:55:00'),(117,1,1,60,'good','2000-12-15 11:55:00'),(118,1,1,60,'good','2000-12-15 11:55:00'),(119,1,1,60,'good','2000-12-15 11:55:00'),(120,1,1,60,'good','2000-12-15 11:55:00'),(121,1,1,60,'good','2000-12-15 11:55:00'),(122,1,1,60,'good','2000-12-15 11:55:00'),(123,1,1,60,'good','2000-12-15 11:55:00'),(124,1,1,60,'good','2000-12-15 11:55:00'),(125,1,1,60,'good','2000-12-15 11:55:00'),(126,1,1,60,'good','2000-12-15 11:55:00'),(127,1,1,60,'good','2000-12-15 11:55:00'),(128,1,1,60,'good','2000-12-15 11:55:00'),(129,1,1,60,'good','2000-12-15 11:55:00'),(130,1,1,60,'good','2000-12-15 11:55:00'),(131,1,1,60,'good','2000-12-15 11:55:00'),(132,1,1,60,'good','2000-12-15 11:55:00'),(133,1,1,60,'good','2000-12-15 11:55:00'),(134,1,1,60,'good','2000-12-15 11:55:00'),(135,1,1,60,'good','2000-12-15 11:55:00'),(136,1,1,60,'good','2000-12-15 11:55:00'),(137,1,1,60,'good','2000-12-15 11:55:00'),(138,1,1,60,'good','2000-12-15 11:55:00'),(139,1,1,60,'good','2000-12-15 11:55:00'),(140,1,1,60,'good','2000-12-15 11:55:00'),(141,1,1,60,'good','2000-12-15 11:55:00'),(142,1,1,60,'good','2000-12-15 11:55:00'),(143,1,1,60,'good','2000-12-15 11:55:00'),(144,1,1,60,'good','2000-12-15 11:55:00'),(145,1,1,60,'good','2000-12-15 11:55:00'),(146,1,1,60,'good','2000-12-15 11:55:00'),(147,1,1,60,'good','2000-12-15 11:55:00'),(148,1,1,60,'good','2000-12-15 11:55:00'),(149,1,1,60,'good','2000-12-15 11:55:00'),(150,1,1,60,'good','2000-12-15 11:55:00'),(151,1,1,60,'good','2000-12-15 11:55:00'),(152,1,1,60,'good','2000-12-15 11:55:00'),(153,1,1,60,'good','2000-12-15 11:55:00'),(154,1,1,60,'good','2000-12-15 11:55:00'),(155,1,1,60,'good','2000-12-15 11:55:00'),(156,1,1,60,'good','2000-12-15 11:55:00'),(157,1,1,60,'good','2000-12-15 11:55:00'),(158,1,1,60,'good','2000-12-15 11:55:00'),(159,1,1,60,'good','2000-12-15 11:55:00'),(160,1,1,60,'good','2000-12-15 11:55:00'),(161,1,1,60,'good','2000-12-15 11:55:00'),(162,1,1,60,'good','2000-12-15 11:55:00'),(163,1,1,60,'good','2000-12-15 11:55:00'),(164,1,1,60,'good','2000-12-15 11:55:00'),(165,1,1,60,'good','2000-12-15 11:55:00'),(166,1,1,60,'good','2000-12-15 11:55:00'),(167,1,1,60,'good','2000-12-15 11:55:00'),(168,1,1,60,'good','2000-12-15 11:55:00'),(169,1,1,60,'good','2000-12-15 11:55:00'),(170,1,1,60,'good','2000-12-15 11:55:00'),(171,1,1,60,'good','2000-12-15 11:55:00'),(172,1,1,60,'good','2000-12-15 11:55:00'),(173,1,1,60,'good','2000-12-15 11:55:00'),(174,1,1,60,'good','2000-12-15 11:55:00'),(175,1,1,60,'good','2000-12-15 11:55:00'),(176,1,1,60,'good','2000-12-15 11:55:00'),(177,1,1,60,'good','2000-12-15 11:55:00'),(178,1,1,60,'good','2000-12-15 11:55:00'),(179,1,1,60,'good','2000-12-15 11:55:00'),(180,1,1,60,'good','2000-12-15 11:55:00'),(181,1,1,60,'good','2000-12-15 11:55:00'),(182,1,1,60,'good','2000-12-15 11:55:00'),(183,1,1,60,'good','2000-12-15 11:55:00'),(184,1,1,60,'good','2000-12-15 11:55:00'),(185,1,1,60,'good','2000-12-15 11:55:00'),(186,1,1,60,'good','2000-12-15 11:55:00'),(187,1,1,60,'good','2000-12-15 11:55:00'),(188,1,1,60,'good','2000-12-15 11:55:00'),(189,1,1,60,'good','2000-12-15 11:55:00'),(190,1,1,60,'good','2000-12-15 11:55:00'),(191,1,1,60,'good','2000-12-15 11:55:00'),(192,1,1,60,'good','2000-12-15 11:55:00'),(193,1,1,60,'good','2000-12-15 11:55:00'),(194,1,1,60,'good','2000-12-15 11:55:00'),(195,1,1,60,'good','2000-12-15 11:55:00'),(196,1,1,60,'good','2000-12-15 11:55:00'),(197,1,1,60,'good','2000-12-15 11:55:00'),(198,1,1,60,'good','2000-12-15 11:55:00'),(199,1,1,60,'good','2000-12-15 11:55:00'),(200,1,1,60,'good','2000-12-15 11:55:00'),(201,1,1,60,'good','2000-12-15 11:55:00'),(202,1,1,60,'good','2000-12-15 11:55:00'),(203,1,1,60,'good','2000-12-15 11:55:00'),(204,1,1,60,'good','2000-12-15 11:55:00'),(205,1,1,60,'good','2000-12-15 11:55:00'),(206,1,1,60,'good','2000-12-15 11:55:00'),(207,1,1,60,'good','2000-12-15 11:55:00'),(208,1,1,60,'good','2000-12-15 11:55:00'),(209,1,1,60,'good','2000-12-15 11:55:00'),(210,1,1,60,'good','2000-12-15 11:55:00'),(211,1,1,60,'good','2000-12-15 11:55:00'),(212,1,1,60,'good','2000-12-15 11:55:00'),(213,1,1,60,'good','2000-12-15 11:55:00'),(214,1,1,60,'good','2000-12-15 11:55:00'),(215,1,1,60,'good','2000-12-15 11:55:00'),(216,1,1,60,'good','2000-12-15 11:55:00'),(217,1,1,60,'good','2000-12-15 11:55:00'),(218,1,1,60,'good','2000-12-15 11:55:00'),(219,1,1,60,'good','2000-12-15 11:55:00'),(220,1,1,60,'good','2000-12-15 11:55:00'),(221,1,1,60,'good','2000-12-15 11:55:00'),(222,1,1,60,'good','2000-12-15 11:55:00'),(223,1,1,60,'good','2000-12-15 11:55:00'),(224,1,1,60,'good','2000-12-15 11:55:00'),(225,1,1,60,'good','2000-12-15 11:55:00'),(226,1,1,60,'good','2000-12-15 11:55:00'),(227,1,1,60,'good','2000-12-15 11:55:00'),(228,1,1,60,'good','2000-12-15 11:55:00'),(229,1,1,60,'good','2000-12-15 11:55:00'),(230,1,1,60,'good','2000-12-15 11:55:00'),(231,1,1,60,'good','2000-12-15 11:55:00'),(232,1,1,60,'good','2000-12-15 11:55:00'),(233,1,1,60,'good','2000-12-15 11:55:00'),(234,1,1,60,'good','2000-12-15 11:55:00'),(235,1,1,60,'good','2000-12-15 11:55:00'),(236,1,1,60,'good','2000-12-15 11:55:00'),(237,1,1,60,'good','2000-12-15 11:55:00'),(238,1,1,60,'good','2000-12-15 11:55:00'),(239,1,1,60,'good','2000-12-15 11:55:00'),(240,1,1,60,'good','2000-12-15 11:55:00'),(241,1,1,60,'good','2000-12-15 11:55:00'),(242,1,1,60,'good','2000-12-15 11:55:00'),(243,1,1,60,'good','2000-12-15 11:55:00'),(244,1,1,60,'good','2000-12-15 11:55:00'),(245,1,1,60,'good','2000-12-15 11:55:00'),(246,1,1,60,'good','2000-12-15 11:55:00'),(247,1,1,60,'good','2000-12-15 11:55:00'),(248,1,1,60,'good','2000-12-15 11:55:00'),(249,1,1,60,'good','2000-12-15 11:55:00'),(250,1,1,60,'good','2000-12-15 11:55:00'),(251,1,1,60,'good','2000-12-15 11:55:00'),(252,1,1,60,'good','2000-12-15 11:55:00'),(253,1,1,60,'good','2000-12-15 11:55:00'),(254,1,1,60,'good','2000-12-15 11:55:00'),(255,1,1,60,'good','2000-12-15 11:55:00'),(256,1,1,60,'good','2000-12-15 11:55:00'),(257,1,1,60,'good','2000-12-15 11:55:00'),(258,1,1,60,'good','2000-12-15 11:55:00'),(259,1,1,60,'good','2000-12-15 11:55:00'),(260,1,1,60,'good','2000-12-15 11:55:00'),(261,1,1,60,'good','2000-12-15 11:55:00'),(262,1,1,60,'good','2000-12-15 11:55:00'),(263,1,1,60,'good','2000-12-15 11:55:00'),(264,1,1,60,'good','2000-12-15 11:55:00'),(265,1,1,60,'good','2000-12-15 11:55:00'),(266,1,1,60,'good','2000-12-15 11:55:00'),(267,1,1,60,'good','2000-12-15 11:55:00'),(268,1,1,60,'good','2000-12-15 11:55:00'),(269,1,1,60,'good','2000-12-15 11:55:00'),(270,1,1,60,'good','2000-12-15 11:55:00'),(271,1,1,60,'good','2000-12-15 11:55:00'),(272,1,1,60,'good','2000-12-15 11:55:00'),(273,1,1,60,'good','2000-12-15 11:55:00'),(274,1,1,60,'good','2000-12-15 11:55:00'),(275,1,1,60,'good','2000-12-15 11:55:00'),(276,1,1,60,'good','2000-12-15 11:55:00'),(277,1,1,60,'good','2000-12-15 11:55:00'),(278,1,1,60,'good','2000-12-15 11:55:00'),(279,1,1,60,'good','2000-12-15 11:55:00'),(280,1,1,60,'good','2000-12-15 11:55:00'),(281,1,1,60,'good','2000-12-15 11:55:00'),(282,1,1,60,'good','2000-12-15 11:55:00'),(283,1,1,60,'good','2000-12-15 11:55:00'),(284,1,1,60,'good','2000-12-15 11:55:00'),(285,1,1,60,'good','2000-12-15 11:55:00'),(286,1,1,60,'good','2000-12-15 11:55:00'),(287,1,1,60,'good','2000-12-15 11:55:00'),(288,1,1,60,'good','2000-12-15 11:55:00'),(289,1,1,60,'good','2000-12-15 11:55:00'),(290,1,1,60,'good','2000-12-15 11:55:00'),(291,1,1,60,'good','2000-12-15 11:55:00'),(292,1,1,60,'good','2000-12-15 11:55:00'),(293,1,1,60,'good','2000-12-15 11:55:00'),(294,1,1,60,'good','2000-12-15 11:55:00'),(295,1,1,60,'good','2000-12-15 11:55:00'),(296,1,1,60,'good','2000-12-15 11:55:00'),(297,1,1,60,'good','2000-12-15 11:55:00'),(298,1,1,60,'good','2000-12-15 11:55:00'),(299,1,1,60,'good','2000-12-15 11:55:00'),(300,1,1,60,'good','2000-12-15 11:55:00'),(301,1,1,60,'good','2000-12-15 11:55:00'),(302,1,1,60,'good','2000-12-15 11:55:00'),(303,1,1,60,'good','2000-12-15 11:55:00'),(304,1,1,60,'good','2000-12-15 11:55:00'),(305,1,1,60,'good','2000-12-15 11:55:00'),(306,1,1,60,'good','2000-12-15 11:55:00'),(307,1,1,60,'good','2000-12-15 11:55:00'),(308,1,1,60,'good','2000-12-15 11:55:00'),(309,1,1,60,'good','2000-12-15 11:55:00'),(310,1,1,60,'good','2000-12-15 11:55:00'),(311,1,1,60,'good','2000-12-15 11:55:00'),(312,1,1,60,'good','2000-12-15 11:55:00'),(313,1,1,60,'good','2000-12-15 11:55:00'),(314,1,1,60,'good','2000-12-15 11:55:00'),(315,1,1,60,'good','2000-12-15 11:55:00'),(316,1,1,60,'good','2000-12-15 11:55:00'),(317,1,1,60,'good','2000-12-15 11:55:00'),(318,1,1,60,'good','2000-12-15 11:55:00'),(319,1,1,60,'good','2000-12-15 11:55:00'),(320,1,1,60,'good','2000-12-15 11:55:00'),(321,1,1,60,'good','2000-12-15 11:55:00'),(322,1,1,60,'good','2000-12-15 11:55:00'),(323,1,1,60,'good','2000-12-15 11:55:00'),(324,1,1,60,'good','2000-12-15 11:55:00'),(325,1,1,60,'good','2000-12-15 11:55:00'),(326,1,1,60,'good','2000-12-15 11:55:00'),(327,1,1,60,'good','2000-12-15 11:55:00'),(328,1,1,60,'good','2000-12-15 11:55:00'),(329,1,1,60,'good','2000-12-15 11:55:00'),(330,1,1,60,'good','2000-12-15 11:55:00'),(331,1,1,60,'good','2000-12-15 11:55:00'),(332,1,1,60,'good','2000-12-15 11:55:00'),(333,1,1,60,'good','2000-12-15 11:55:00'),(334,1,1,60,'good','2000-12-15 11:55:00'),(335,1,1,60,'good','2000-12-15 11:55:00'),(336,1,1,60,'good','2000-12-15 11:55:00'),(337,1,1,60,'good','2000-12-15 11:55:00'),(338,1,1,60,'good','2000-12-15 11:55:00'),(339,1,1,60,'good','2000-12-15 11:55:00'),(340,1,1,60,'good','2000-12-15 11:55:00'),(341,1,1,60,'good','2000-12-15 11:55:00'),(342,1,1,60,'good','2000-12-15 11:55:00'),(343,1,1,60,'good','2000-12-15 11:55:00'),(344,1,1,60,'good','2000-12-15 11:55:00'),(345,1,1,60,'good','2000-12-15 11:55:00'),(346,1,1,60,'good','2000-12-15 11:55:00'),(347,1,1,60,'good','2000-12-15 11:55:00'),(348,1,1,60,'good','2000-12-15 11:55:00'),(349,1,1,60,'good','2000-12-15 11:55:00'),(350,1,1,60,'good','2000-12-15 11:55:00'),(351,1,1,60,'good','2000-12-15 11:55:00'),(352,1,1,60,'good','2000-12-15 11:55:00'),(353,1,1,60,'good','2000-12-15 11:55:00'),(354,1,1,60,'good','2000-12-15 11:55:00'),(355,1,1,60,'good','2000-12-15 11:55:00'),(356,1,1,60,'good','2000-12-15 11:55:00'),(357,1,1,60,'good','2000-12-15 11:55:00'),(358,1,1,60,'good','2000-12-15 11:55:00'),(359,1,1,60,'good','2000-12-15 11:55:00'),(360,1,1,60,'good','2000-12-15 11:55:00'),(1,2,1,60,'good','2000-12-15 11:55:00'),(2,2,1,60,'good','2000-12-15 11:55:00'),(3,2,1,60,'good','2000-12-15 11:55:00'),(4,2,1,60,'good','2000-12-15 11:55:00'),(5,2,1,60,'good','2000-12-15 11:55:00'),(6,2,1,60,'good','2000-12-15 11:55:00'),(7,2,1,60,'good','2000-12-15 11:55:00'),(8,2,1,60,'good','2000-12-15 11:55:00'),(9,2,1,60,'good','2000-12-15 11:55:00'),(10,2,1,60,'good','2000-12-15 11:55:00'),(11,2,1,60,'good','2000-12-15 11:55:00'),(12,2,1,60,'good','2000-12-15 11:55:00'),(13,2,1,60,'good','2000-12-15 11:55:00'),(14,2,1,60,'good','2000-12-15 11:55:00'),(15,2,1,60,'good','2000-12-15 11:55:00'),(16,2,1,60,'good','2000-12-15 11:55:00'),(17,2,1,60,'good','2000-12-15 11:55:00'),(18,2,1,60,'good','2000-12-15 11:55:00'),(19,2,1,60,'good','2000-12-15 11:55:00'),(20,2,1,60,'good','2000-12-15 11:55:00'),(21,2,1,60,'good','2000-12-15 11:55:00'),(22,2,1,60,'good','2000-12-15 11:55:00'),(23,2,1,60,'good','2000-12-15 11:55:00'),(24,2,1,60,'good','2000-12-15 11:55:00'),(25,2,1,60,'good','2000-12-15 11:55:00'),(26,2,1,60,'good','2000-12-15 11:55:00'),(27,2,1,60,'good','2000-12-15 11:55:00'),(28,2,1,60,'good','2000-12-15 11:55:00'),(29,2,1,60,'good','2000-12-15 11:55:00'),(30,2,1,60,'good','2000-12-15 11:55:00'),(31,2,1,60,'good','2000-12-15 11:55:00'),(32,2,1,60,'good','2000-12-15 11:55:00'),(33,2,1,60,'good','2000-12-15 11:55:00'),(34,2,1,60,'good','2000-12-15 11:55:00'),(35,2,1,60,'good','2000-12-15 11:55:00'),(36,2,1,60,'good','2000-12-15 11:55:00'),(37,2,1,60,'good','2000-12-15 11:55:00'),(38,2,1,60,'good','2000-12-15 11:55:00'),(39,2,1,60,'good','2000-12-15 11:55:00'),(40,2,1,60,'good','2000-12-15 11:55:00'),(41,2,1,60,'good','2000-12-15 11:55:00'),(42,2,1,60,'good','2000-12-15 11:55:00'),(43,2,1,60,'good','2000-12-15 11:55:00'),(44,2,1,60,'good','2000-12-15 11:55:00'),(45,2,1,60,'good','2000-12-15 11:55:00'),(46,2,1,60,'good','2000-12-15 11:55:00'),(47,2,1,60,'good','2000-12-15 11:55:00'),(48,2,1,60,'good','2000-12-15 11:55:00'),(49,2,1,60,'good','2000-12-15 11:55:00'),(50,2,1,60,'good','2000-12-15 11:55:00'),(51,2,1,60,'good','2000-12-15 11:55:00'),(52,2,1,60,'good','2000-12-15 11:55:00'),(53,2,1,60,'good','2000-12-15 11:55:00'),(54,2,1,60,'good','2000-12-15 11:55:00'),(55,2,1,60,'good','2000-12-15 11:55:00'),(56,2,1,60,'good','2000-12-15 11:55:00'),(57,2,1,60,'good','2000-12-15 11:55:00'),(58,2,1,60,'good','2000-12-15 11:55:00'),(59,2,1,60,'good','2000-12-15 11:55:00'),(60,2,1,60,'good','2000-12-15 11:55:00'),(61,2,1,60,'good','2000-12-15 11:55:00'),(62,2,1,60,'good','2000-12-15 11:55:00'),(63,2,1,60,'good','2000-12-15 11:55:00'),(64,2,1,60,'good','2000-12-15 11:55:00'),(65,2,1,60,'good','2000-12-15 11:55:00'),(66,2,1,60,'good','2000-12-15 11:55:00'),(67,2,1,60,'good','2000-12-15 11:55:00'),(68,2,1,60,'good','2000-12-15 11:55:00'),(69,2,1,60,'good','2000-12-15 11:55:00'),(70,2,1,60,'good','2000-12-15 11:55:00'),(71,2,1,60,'good','2000-12-15 11:55:00'),(72,2,1,60,'good','2000-12-15 11:55:00'),(73,2,1,60,'good','2000-12-15 11:55:00'),(74,2,1,60,'good','2000-12-15 11:55:00'),(75,2,1,60,'good','2000-12-15 11:55:00'),(76,2,1,60,'good','2000-12-15 11:55:00'),(77,2,1,60,'good','2000-12-15 11:55:00'),(78,2,1,60,'good','2000-12-15 11:55:00'),(79,2,1,60,'good','2000-12-15 11:55:00'),(80,2,1,60,'good','2000-12-15 11:55:00'),(81,2,1,60,'good','2000-12-15 11:55:00'),(82,2,1,60,'good','2000-12-15 11:55:00'),(83,2,1,60,'good','2000-12-15 11:55:00'),(84,2,1,60,'good','2000-12-15 11:55:00'),(85,2,1,60,'good','2000-12-15 11:55:00'),(86,2,1,60,'good','2000-12-15 11:55:00'),(87,2,1,60,'good','2000-12-15 11:55:00'),(88,2,1,60,'good','2000-12-15 11:55:00'),(89,2,1,60,'good','2000-12-15 11:55:00'),(90,2,1,60,'good','2000-12-15 11:55:00'),(91,2,1,60,'good','2000-12-15 11:55:00'),(92,2,1,60,'good','2000-12-15 11:55:00'),(93,2,1,60,'good','2000-12-15 11:55:00'),(94,2,1,60,'good','2000-12-15 11:55:00'),(95,2,1,60,'good','2000-12-15 11:55:00'),(96,2,1,60,'good','2000-12-15 11:55:00'),(97,2,1,60,'good','2000-12-15 11:55:00'),(98,2,1,60,'good','2000-12-15 11:55:00'),(99,2,1,60,'good','2000-12-15 11:55:00'),(100,2,1,60,'good','2000-12-15 11:55:00'),(101,2,1,60,'good','2000-12-15 11:55:00'),(102,2,1,60,'good','2000-12-15 11:55:00'),(103,2,1,60,'good','2000-12-15 11:55:00'),(104,2,1,60,'good','2000-12-15 11:55:00'),(105,2,1,60,'good','2000-12-15 11:55:00'),(106,2,1,60,'good','2000-12-15 11:55:00'),(107,2,1,60,'good','2000-12-15 11:55:00'),(108,2,1,60,'good','2000-12-15 11:55:00'),(109,2,1,60,'good','2000-12-15 11:55:00'),(110,2,1,60,'good','2000-12-15 11:55:00'),(111,2,1,60,'good','2000-12-15 11:55:00'),(112,2,1,60,'good','2000-12-15 11:55:00'),(113,2,1,60,'good','2000-12-15 11:55:00'),(114,2,1,60,'good','2000-12-15 11:55:00'),(115,2,1,60,'good','2000-12-15 11:55:00'),(116,2,1,60,'good','2000-12-15 11:55:00'),(117,2,1,60,'good','2000-12-15 11:55:00'),(118,2,1,60,'good','2000-12-15 11:55:00'),(119,2,1,60,'good','2000-12-15 11:55:00'),(120,2,1,60,'good','2000-12-15 11:55:00'),(121,2,1,60,'good','2000-12-15 11:55:00'),(122,2,1,60,'good','2000-12-15 11:55:00'),(123,2,1,60,'good','2000-12-15 11:55:00'),(124,2,1,60,'good','2000-12-15 11:55:00'),(125,2,1,60,'good','2000-12-15 11:55:00'),(126,2,1,60,'good','2000-12-15 11:55:00'),(127,2,1,60,'good','2000-12-15 11:55:00'),(128,2,1,60,'good','2000-12-15 11:55:00'),(129,2,1,60,'good','2000-12-15 11:55:00'),(130,2,1,60,'good','2000-12-15 11:55:00'),(131,2,1,60,'good','2000-12-15 11:55:00'),(132,2,1,60,'good','2000-12-15 11:55:00'),(133,2,1,60,'good','2000-12-15 11:55:00'),(134,2,1,60,'good','2000-12-15 11:55:00'),(135,2,1,60,'good','2000-12-15 11:55:00'),(136,2,1,60,'good','2000-12-15 11:55:00'),(137,2,1,60,'good','2000-12-15 11:55:00'),(138,2,1,60,'good','2000-12-15 11:55:00'),(139,2,1,60,'good','2000-12-15 11:55:00'),(140,2,1,60,'good','2000-12-15 11:55:00'),(141,2,1,60,'good','2000-12-15 11:55:00'),(142,2,1,60,'good','2000-12-15 11:55:00'),(143,2,1,60,'good','2000-12-15 11:55:00'),(144,2,1,60,'good','2000-12-15 11:55:00'),(145,2,1,60,'good','2000-12-15 11:55:00'),(146,2,1,60,'good','2000-12-15 11:55:00'),(147,2,1,60,'good','2000-12-15 11:55:00'),(148,2,1,60,'good','2000-12-15 11:55:00'),(149,2,1,60,'good','2000-12-15 11:55:00'),(150,2,1,60,'good','2000-12-15 11:55:00'),(151,2,1,60,'good','2000-12-15 11:55:00'),(152,2,1,60,'good','2000-12-15 11:55:00'),(153,2,1,60,'good','2000-12-15 11:55:00'),(154,2,1,60,'good','2000-12-15 11:55:00'),(155,2,1,60,'good','2000-12-15 11:55:00'),(156,2,1,60,'good','2000-12-15 11:55:00'),(157,2,1,60,'good','2000-12-15 11:55:00'),(158,2,1,60,'good','2000-12-15 11:55:00'),(159,2,1,60,'good','2000-12-15 11:55:00'),(160,2,1,60,'good','2000-12-15 11:55:00'),(161,2,1,60,'good','2000-12-15 11:55:00'),(162,2,1,60,'good','2000-12-15 11:55:00'),(163,2,1,60,'good','2000-12-15 11:55:00'),(164,2,1,60,'good','2000-12-15 11:55:00'),(165,2,1,60,'good','2000-12-15 11:55:00'),(166,2,1,60,'good','2000-12-15 11:55:00'),(167,2,1,60,'good','2000-12-15 11:55:00'),(168,2,1,60,'good','2000-12-15 11:55:00'),(169,2,1,60,'good','2000-12-15 11:55:00'),(170,2,1,60,'good','2000-12-15 11:55:00'),(171,2,1,60,'good','2000-12-15 11:55:00'),(172,2,1,60,'good','2000-12-15 11:55:00'),(173,2,1,60,'good','2000-12-15 11:55:00'),(174,2,1,60,'good','2000-12-15 11:55:00'),(175,2,1,60,'good','2000-12-15 11:55:00'),(176,2,1,60,'good','2000-12-15 11:55:00'),(177,2,1,60,'good','2000-12-15 11:55:00'),(178,2,1,60,'good','2000-12-15 11:55:00'),(179,2,1,60,'good','2000-12-15 11:55:00'),(180,2,1,60,'good','2000-12-15 11:55:00'),(181,2,1,60,'good','2000-12-15 11:55:00'),(182,2,1,60,'good','2000-12-15 11:55:00'),(183,2,1,60,'good','2000-12-15 11:55:00'),(184,2,1,60,'good','2000-12-15 11:55:00'),(185,2,1,60,'good','2000-12-15 11:55:00'),(186,2,1,60,'good','2000-12-15 11:55:00'),(187,2,1,60,'good','2000-12-15 11:55:00'),(188,2,1,60,'good','2000-12-15 11:55:00'),(189,2,1,60,'good','2000-12-15 11:55:00'),(190,2,1,60,'good','2000-12-15 11:55:00'),(191,2,1,60,'good','2000-12-15 11:55:00'),(192,2,1,60,'good','2000-12-15 11:55:00'),(193,2,1,60,'good','2000-12-15 11:55:00'),(194,2,1,60,'good','2000-12-15 11:55:00'),(195,2,1,60,'good','2000-12-15 11:55:00'),(196,2,1,60,'good','2000-12-15 11:55:00'),(197,2,1,60,'good','2000-12-15 11:55:00'),(198,2,1,60,'good','2000-12-15 11:55:00'),(199,2,1,60,'good','2000-12-15 11:55:00'),(200,2,1,60,'good','2000-12-15 11:55:00'),(201,2,1,60,'good','2000-12-15 11:55:00'),(202,2,1,60,'good','2000-12-15 11:55:00'),(203,2,1,60,'good','2000-12-15 11:55:00'),(204,2,1,60,'good','2000-12-15 11:55:00'),(205,2,1,60,'good','2000-12-15 11:55:00'),(206,2,1,60,'good','2000-12-15 11:55:00'),(207,2,1,60,'good','2000-12-15 11:55:00'),(208,2,1,60,'good','2000-12-15 11:55:00'),(209,2,1,60,'good','2000-12-15 11:55:00'),(210,2,1,60,'good','2000-12-15 11:55:00'),(211,2,1,60,'good','2000-12-15 11:55:00'),(212,2,1,60,'good','2000-12-15 11:55:00'),(213,2,1,60,'good','2000-12-15 11:55:00'),(214,2,1,60,'good','2000-12-15 11:55:00'),(215,2,1,60,'good','2000-12-15 11:55:00'),(216,2,1,60,'good','2000-12-15 11:55:00'),(217,2,1,60,'good','2000-12-15 11:55:00'),(218,2,1,60,'good','2000-12-15 11:55:00'),(219,2,1,60,'good','2000-12-15 11:55:00'),(220,2,1,60,'good','2000-12-15 11:55:00'),(221,2,1,60,'good','2000-12-15 11:55:00'),(222,2,1,60,'good','2000-12-15 11:55:00'),(223,2,1,60,'good','2000-12-15 11:55:00'),(224,2,1,60,'good','2000-12-15 11:55:00'),(225,2,1,60,'good','2000-12-15 11:55:00'),(226,2,1,60,'good','2000-12-15 11:55:00'),(227,2,1,60,'good','2000-12-15 11:55:00'),(228,2,1,60,'good','2000-12-15 11:55:00'),(229,2,1,60,'good','2000-12-15 11:55:00'),(230,2,1,60,'good','2000-12-15 11:55:00'),(231,2,1,60,'good','2000-12-15 11:55:00'),(232,2,1,60,'good','2000-12-15 11:55:00'),(233,2,1,60,'good','2000-12-15 11:55:00'),(234,2,1,60,'good','2000-12-15 11:55:00'),(235,2,1,60,'good','2000-12-15 11:55:00'),(236,2,1,60,'good','2000-12-15 11:55:00'),(237,2,1,60,'good','2000-12-15 11:55:00'),(238,2,1,60,'good','2000-12-15 11:55:00'),(239,2,1,60,'good','2000-12-15 11:55:00'),(240,2,1,60,'good','2000-12-15 11:55:00'),(241,2,1,60,'good','2000-12-15 11:55:00'),(242,2,1,60,'good','2000-12-15 11:55:00'),(243,2,1,60,'good','2000-12-15 11:55:00'),(244,2,1,60,'good','2000-12-15 11:55:00'),(245,2,1,60,'good','2000-12-15 11:55:00'),(246,2,1,60,'good','2000-12-15 11:55:00'),(247,2,1,60,'good','2000-12-15 11:55:00'),(248,2,1,60,'good','2000-12-15 11:55:00'),(249,2,1,60,'good','2000-12-15 11:55:00'),(250,2,1,60,'good','2000-12-15 11:55:00'),(251,2,1,60,'good','2000-12-15 11:55:00'),(252,2,1,60,'good','2000-12-15 11:55:00'),(253,2,1,60,'good','2000-12-15 11:55:00'),(254,2,1,60,'good','2000-12-15 11:55:00'),(255,2,1,60,'good','2000-12-15 11:55:00'),(256,2,1,60,'good','2000-12-15 11:55:00'),(257,2,1,60,'good','2000-12-15 11:55:00'),(258,2,1,60,'good','2000-12-15 11:55:00'),(259,2,1,60,'good','2000-12-15 11:55:00'),(260,2,1,60,'good','2000-12-15 11:55:00'),(261,2,1,60,'good','2000-12-15 11:55:00'),(262,2,1,60,'good','2000-12-15 11:55:00'),(263,2,1,60,'good','2000-12-15 11:55:00'),(264,2,1,60,'good','2000-12-15 11:55:00'),(265,2,1,60,'good','2000-12-15 11:55:00'),(266,2,1,60,'good','2000-12-15 11:55:00'),(267,2,1,60,'good','2000-12-15 11:55:00'),(268,2,1,60,'good','2000-12-15 11:55:00'),(269,2,1,60,'good','2000-12-15 11:55:00'),(270,2,1,60,'good','2000-12-15 11:55:00'),(271,2,1,60,'good','2000-12-15 11:55:00'),(272,2,1,60,'good','2000-12-15 11:55:00'),(273,2,1,60,'good','2000-12-15 11:55:00'),(274,2,1,60,'good','2000-12-15 11:55:00'),(275,2,1,60,'good','2000-12-15 11:55:00'),(276,2,1,60,'good','2000-12-15 11:55:00'),(277,2,1,60,'good','2000-12-15 11:55:00'),(278,2,1,60,'good','2000-12-15 11:55:00'),(279,2,1,60,'good','2000-12-15 11:55:00'),(280,2,1,60,'good','2000-12-15 11:55:00'),(281,2,1,60,'good','2000-12-15 11:55:00'),(282,2,1,60,'good','2000-12-15 11:55:00'),(283,2,1,60,'good','2000-12-15 11:55:00'),(284,2,1,60,'good','2000-12-15 11:55:00'),(285,2,1,60,'good','2000-12-15 11:55:00'),(286,2,1,60,'good','2000-12-15 11:55:00'),(287,2,1,60,'good','2000-12-15 11:55:00'),(288,2,1,60,'good','2000-12-15 11:55:00'),(289,2,1,60,'good','2000-12-15 11:55:00'),(290,2,1,60,'good','2000-12-15 11:55:00'),(291,2,1,60,'good','2000-12-15 11:55:00'),(292,2,1,60,'good','2000-12-15 11:55:00'),(293,2,1,60,'good','2000-12-15 11:55:00'),(294,2,1,60,'good','2000-12-15 11:55:00'),(295,2,1,60,'good','2000-12-15 11:55:00'),(296,2,1,60,'good','2000-12-15 11:55:00'),(297,2,1,60,'good','2000-12-15 11:55:00'),(298,2,1,60,'good','2000-12-15 11:55:00'),(299,2,1,60,'good','2000-12-15 11:55:00'),(300,2,1,60,'good','2000-12-15 11:55:00'),(301,2,1,60,'good','2000-12-15 11:55:00'),(302,2,1,60,'good','2000-12-15 11:55:00'),(303,2,1,60,'good','2000-12-15 11:55:00'),(304,2,1,60,'good','2000-12-15 11:55:00'),(305,2,1,60,'good','2000-12-15 11:55:00'),(306,2,1,60,'good','2000-12-15 11:55:00'),(307,2,1,60,'good','2000-12-15 11:55:00'),(308,2,1,60,'good','2000-12-15 11:55:00'),(309,2,1,60,'good','2000-12-15 11:55:00'),(310,2,1,60,'good','2000-12-15 11:55:00'),(311,2,1,60,'good','2000-12-15 11:55:00'),(312,2,1,60,'good','2000-12-15 11:55:00'),(313,2,1,60,'good','2000-12-15 11:55:00'),(314,2,1,60,'good','2000-12-15 11:55:00'),(315,2,1,60,'good','2000-12-15 11:55:00'),(316,2,1,60,'good','2000-12-15 11:55:00'),(317,2,1,60,'good','2000-12-15 11:55:00'),(318,2,1,60,'good','2000-12-15 11:55:00'),(319,2,1,60,'good','2000-12-15 11:55:00'),(320,2,1,60,'good','2000-12-15 11:55:00'),(321,2,1,60,'good','2000-12-15 11:55:00'),(322,2,1,60,'good','2000-12-15 11:55:00'),(323,2,1,60,'good','2000-12-15 11:55:00'),(324,2,1,60,'good','2000-12-15 11:55:00'),(325,2,1,60,'good','2000-12-15 11:55:00'),(326,2,1,60,'good','2000-12-15 11:55:00'),(327,2,1,60,'good','2000-12-15 11:55:00'),(328,2,1,60,'good','2000-12-15 11:55:00'),(329,2,1,60,'good','2000-12-15 11:55:00'),(330,2,1,60,'good','2000-12-15 11:55:00'),(331,2,1,60,'good','2000-12-15 11:55:00'),(332,2,1,60,'good','2000-12-15 11:55:00'),(333,2,1,60,'good','2000-12-15 11:55:00'),(334,2,1,60,'good','2000-12-15 11:55:00'),(335,2,1,60,'good','2000-12-15 11:55:00'),(336,2,1,60,'good','2000-12-15 11:55:00'),(337,2,1,60,'good','2000-12-15 11:55:00'),(338,2,1,60,'good','2000-12-15 11:55:00'),(339,2,1,60,'good','2000-12-15 11:55:00'),(340,2,1,60,'good','2000-12-15 11:55:00'),(341,2,1,60,'good','2000-12-15 11:55:00'),(342,2,1,60,'good','2000-12-15 11:55:00'),(343,2,1,60,'good','2000-12-15 11:55:00'),(344,2,1,60,'good','2000-12-15 11:55:00'),(345,2,1,60,'good','2000-12-15 11:55:00'),(346,2,1,60,'good','2000-12-15 11:55:00'),(347,2,1,60,'good','2000-12-15 11:55:00'),(348,2,1,60,'good','2000-12-15 11:55:00'),(349,2,1,60,'good','2000-12-15 11:55:00'),(350,2,1,60,'good','2000-12-15 11:55:00'),(351,2,1,60,'good','2000-12-15 11:55:00'),(352,2,1,60,'good','2000-12-15 11:55:00'),(353,2,1,60,'good','2000-12-15 11:55:00'),(354,2,1,60,'good','2000-12-15 11:55:00'),(355,2,1,60,'good','2000-12-15 11:55:00'),(356,2,1,60,'good','2000-12-15 11:55:00'),(357,2,1,60,'good','2000-12-15 11:55:00'),(358,2,1,60,'good','2000-12-15 11:55:00'),(359,2,1,60,'good','2000-12-15 11:55:00'),(360,2,1,60,'good','2000-12-15 11:55:00'),(1,3,1,60,'good','2000-12-15 11:55:00'),(2,3,1,60,'good','2000-12-15 11:55:00'),(3,3,1,60,'good','2000-12-15 11:55:00'),(4,3,1,60,'good','2000-12-15 11:55:00'),(5,3,1,60,'good','2000-12-15 11:55:00'),(6,3,1,60,'good','2000-12-15 11:55:00'),(7,3,1,60,'good','2000-12-15 11:55:00'),(8,3,1,60,'good','2000-12-15 11:55:00'),(9,3,1,60,'good','2000-12-15 11:55:00'),(10,3,1,60,'good','2000-12-15 11:55:00'),(11,3,1,60,'good','2000-12-15 11:55:00'),(12,3,1,60,'good','2000-12-15 11:55:00'),(13,3,1,60,'good','2000-12-15 11:55:00'),(14,3,1,60,'good','2000-12-15 11:55:00'),(15,3,1,60,'good','2000-12-15 11:55:00'),(16,3,1,60,'good','2000-12-15 11:55:00'),(17,3,1,60,'good','2000-12-15 11:55:00'),(18,3,1,60,'good','2000-12-15 11:55:00'),(19,3,1,60,'good','2000-12-15 11:55:00'),(20,3,1,60,'good','2000-12-15 11:55:00'),(21,3,1,60,'good','2000-12-15 11:55:00'),(22,3,1,60,'good','2000-12-15 11:55:00'),(23,3,1,60,'good','2000-12-15 11:55:00'),(24,3,1,60,'good','2000-12-15 11:55:00'),(25,3,1,60,'good','2000-12-15 11:55:00'),(26,3,1,60,'good','2000-12-15 11:55:00'),(27,3,1,60,'good','2000-12-15 11:55:00'),(28,3,1,60,'good','2000-12-15 11:55:00'),(29,3,1,60,'good','2000-12-15 11:55:00'),(30,3,1,60,'good','2000-12-15 11:55:00'),(31,3,1,60,'good','2000-12-15 11:55:00'),(32,3,1,60,'good','2000-12-15 11:55:00'),(33,3,1,60,'good','2000-12-15 11:55:00'),(34,3,1,60,'good','2000-12-15 11:55:00'),(35,3,1,60,'good','2000-12-15 11:55:00'),(36,3,1,60,'good','2000-12-15 11:55:00'),(37,3,1,60,'good','2000-12-15 11:55:00'),(38,3,1,60,'good','2000-12-15 11:55:00'),(39,3,1,60,'good','2000-12-15 11:55:00'),(40,3,1,60,'good','2000-12-15 11:55:00'),(41,3,1,60,'good','2000-12-15 11:55:00'),(42,3,1,60,'good','2000-12-15 11:55:00'),(43,3,1,60,'good','2000-12-15 11:55:00'),(44,3,1,60,'good','2000-12-15 11:55:00'),(45,3,1,60,'good','2000-12-15 11:55:00'),(46,3,1,60,'good','2000-12-15 11:55:00'),(47,3,1,60,'good','2000-12-15 11:55:00'),(48,3,1,60,'good','2000-12-15 11:55:00'),(49,3,1,60,'good','2000-12-15 11:55:00'),(50,3,1,60,'good','2000-12-15 11:55:00'),(51,3,1,60,'good','2000-12-15 11:55:00'),(52,3,1,60,'good','2000-12-15 11:55:00'),(53,3,1,60,'good','2000-12-15 11:55:00'),(54,3,1,60,'good','2000-12-15 11:55:00'),(55,3,1,60,'good','2000-12-15 11:55:00'),(56,3,1,60,'good','2000-12-15 11:55:00'),(57,3,1,60,'good','2000-12-15 11:55:00'),(58,3,1,60,'good','2000-12-15 11:55:00'),(59,3,1,60,'good','2000-12-15 11:55:00'),(60,3,1,60,'good','2000-12-15 11:55:00'),(61,3,1,60,'good','2000-12-15 11:55:00'),(62,3,1,60,'good','2000-12-15 11:55:00'),(63,3,1,60,'good','2000-12-15 11:55:00'),(64,3,1,60,'good','2000-12-15 11:55:00'),(65,3,1,60,'good','2000-12-15 11:55:00'),(66,3,1,60,'good','2000-12-15 11:55:00'),(67,3,1,60,'good','2000-12-15 11:55:00'),(68,3,1,60,'good','2000-12-15 11:55:00'),(69,3,1,60,'good','2000-12-15 11:55:00'),(70,3,1,60,'good','2000-12-15 11:55:00'),(71,3,1,60,'good','2000-12-15 11:55:00'),(72,3,1,60,'good','2000-12-15 11:55:00'),(73,3,1,60,'good','2000-12-15 11:55:00'),(74,3,1,60,'good','2000-12-15 11:55:00'),(75,3,1,60,'good','2000-12-15 11:55:00'),(76,3,1,60,'good','2000-12-15 11:55:00'),(77,3,1,60,'good','2000-12-15 11:55:00'),(78,3,1,60,'good','2000-12-15 11:55:00'),(79,3,1,60,'good','2000-12-15 11:55:00'),(80,3,1,60,'good','2000-12-15 11:55:00'),(81,3,1,60,'good','2000-12-15 11:55:00'),(82,3,1,60,'good','2000-12-15 11:55:00'),(83,3,1,60,'good','2000-12-15 11:55:00'),(84,3,1,60,'good','2000-12-15 11:55:00'),(85,3,1,60,'good','2000-12-15 11:55:00'),(86,3,1,60,'good','2000-12-15 11:55:00'),(87,3,1,60,'good','2000-12-15 11:55:00'),(88,3,1,60,'good','2000-12-15 11:55:00'),(89,3,1,60,'good','2000-12-15 11:55:00'),(90,3,1,60,'good','2000-12-15 11:55:00'),(91,3,1,60,'good','2000-12-15 11:55:00'),(92,3,1,60,'good','2000-12-15 11:55:00'),(93,3,1,60,'good','2000-12-15 11:55:00'),(94,3,1,60,'good','2000-12-15 11:55:00'),(95,3,1,60,'good','2000-12-15 11:55:00'),(96,3,1,60,'good','2000-12-15 11:55:00'),(97,3,1,60,'good','2000-12-15 11:55:00'),(98,3,1,60,'good','2000-12-15 11:55:00'),(99,3,1,60,'good','2000-12-15 11:55:00'),(100,3,1,60,'good','2000-12-15 11:55:00'),(101,3,1,60,'good','2000-12-15 11:55:00'),(102,3,1,60,'good','2000-12-15 11:55:00'),(103,3,1,60,'good','2000-12-15 11:55:00'),(104,3,1,60,'good','2000-12-15 11:55:00'),(105,3,1,60,'good','2000-12-15 11:55:00'),(106,3,1,60,'good','2000-12-15 11:55:00'),(107,3,1,60,'good','2000-12-15 11:55:00'),(108,3,1,60,'good','2000-12-15 11:55:00'),(109,3,1,60,'good','2000-12-15 11:55:00'),(110,3,1,60,'good','2000-12-15 11:55:00'),(111,3,1,60,'good','2000-12-15 11:55:00'),(112,3,1,60,'good','2000-12-15 11:55:00'),(113,3,1,60,'good','2000-12-15 11:55:00'),(114,3,1,60,'good','2000-12-15 11:55:00'),(115,3,1,60,'good','2000-12-15 11:55:00'),(116,3,1,60,'good','2000-12-15 11:55:00'),(117,3,1,60,'good','2000-12-15 11:55:00'),(118,3,1,60,'good','2000-12-15 11:55:00'),(119,3,1,60,'good','2000-12-15 11:55:00'),(120,3,1,60,'good','2000-12-15 11:55:00'),(121,3,1,60,'good','2000-12-15 11:55:00'),(122,3,1,60,'good','2000-12-15 11:55:00'),(123,3,1,60,'good','2000-12-15 11:55:00'),(124,3,1,60,'good','2000-12-15 11:55:00'),(125,3,1,60,'good','2000-12-15 11:55:00'),(126,3,1,60,'good','2000-12-15 11:55:00'),(127,3,1,60,'good','2000-12-15 11:55:00'),(128,3,1,60,'good','2000-12-15 11:55:00'),(129,3,1,60,'good','2000-12-15 11:55:00'),(130,3,1,60,'good','2000-12-15 11:55:00'),(131,3,1,60,'good','2000-12-15 11:55:00'),(132,3,1,60,'good','2000-12-15 11:55:00'),(133,3,1,60,'good','2000-12-15 11:55:00'),(134,3,1,60,'good','2000-12-15 11:55:00'),(135,3,1,60,'good','2000-12-15 11:55:00'),(136,3,1,60,'good','2000-12-15 11:55:00'),(137,3,1,60,'good','2000-12-15 11:55:00'),(138,3,1,60,'good','2000-12-15 11:55:00'),(139,3,1,60,'good','2000-12-15 11:55:00'),(140,3,1,60,'good','2000-12-15 11:55:00'),(141,3,1,60,'good','2000-12-15 11:55:00'),(142,3,1,60,'good','2000-12-15 11:55:00'),(143,3,1,60,'good','2000-12-15 11:55:00'),(144,3,1,60,'good','2000-12-15 11:55:00'),(145,3,1,60,'good','2000-12-15 11:55:00'),(146,3,1,60,'good','2000-12-15 11:55:00'),(147,3,1,60,'good','2000-12-15 11:55:00'),(148,3,1,60,'good','2000-12-15 11:55:00'),(149,3,1,60,'good','2000-12-15 11:55:00'),(150,3,1,60,'good','2000-12-15 11:55:00'),(151,3,1,60,'good','2000-12-15 11:55:00'),(152,3,1,60,'good','2000-12-15 11:55:00'),(153,3,1,60,'good','2000-12-15 11:55:00'),(154,3,1,60,'good','2000-12-15 11:55:00'),(155,3,1,60,'good','2000-12-15 11:55:00'),(156,3,1,60,'good','2000-12-15 11:55:00'),(157,3,1,60,'good','2000-12-15 11:55:00'),(158,3,1,60,'good','2000-12-15 11:55:00'),(159,3,1,60,'good','2000-12-15 11:55:00'),(160,3,1,60,'good','2000-12-15 11:55:00'),(161,3,1,60,'good','2000-12-15 11:55:00'),(162,3,1,60,'good','2000-12-15 11:55:00'),(163,3,1,60,'good','2000-12-15 11:55:00'),(164,3,1,60,'good','2000-12-15 11:55:00'),(165,3,1,60,'good','2000-12-15 11:55:00'),(166,3,1,60,'good','2000-12-15 11:55:00'),(167,3,1,60,'good','2000-12-15 11:55:00'),(168,3,1,60,'good','2000-12-15 11:55:00'),(169,3,1,60,'good','2000-12-15 11:55:00'),(170,3,1,60,'good','2000-12-15 11:55:00'),(171,3,1,60,'good','2000-12-15 11:55:00'),(172,3,1,60,'good','2000-12-15 11:55:00'),(173,3,1,60,'good','2000-12-15 11:55:00'),(174,3,1,60,'good','2000-12-15 11:55:00'),(175,3,1,60,'good','2000-12-15 11:55:00'),(176,3,1,60,'good','2000-12-15 11:55:00'),(177,3,1,60,'good','2000-12-15 11:55:00'),(178,3,1,60,'good','2000-12-15 11:55:00'),(179,3,1,60,'good','2000-12-15 11:55:00'),(180,3,1,60,'good','2000-12-15 11:55:00'),(181,3,1,60,'good','2000-12-15 11:55:00'),(182,3,1,60,'good','2000-12-15 11:55:00'),(183,3,1,60,'good','2000-12-15 11:55:00'),(184,3,1,60,'good','2000-12-15 11:55:00'),(185,3,1,60,'good','2000-12-15 11:55:00'),(186,3,1,60,'good','2000-12-15 11:55:00'),(187,3,1,60,'good','2000-12-15 11:55:00'),(188,3,1,60,'good','2000-12-15 11:55:00'),(189,3,1,60,'good','2000-12-15 11:55:00'),(190,3,1,60,'good','2000-12-15 11:55:00'),(191,3,1,60,'good','2000-12-15 11:55:00'),(192,3,1,60,'good','2000-12-15 11:55:00'),(193,3,1,60,'good','2000-12-15 11:55:00'),(194,3,1,60,'good','2000-12-15 11:55:00'),(195,3,1,60,'good','2000-12-15 11:55:00'),(196,3,1,60,'good','2000-12-15 11:55:00'),(197,3,1,60,'good','2000-12-15 11:55:00'),(198,3,1,60,'good','2000-12-15 11:55:00'),(199,3,1,60,'good','2000-12-15 11:55:00'),(200,3,1,60,'good','2000-12-15 11:55:00'),(201,3,1,60,'good','2000-12-15 11:55:00'),(202,3,1,60,'good','2000-12-15 11:55:00'),(203,3,1,60,'good','2000-12-15 11:55:00'),(204,3,1,60,'good','2000-12-15 11:55:00'),(205,3,1,60,'good','2000-12-15 11:55:00'),(206,3,1,60,'good','2000-12-15 11:55:00'),(207,3,1,60,'good','2000-12-15 11:55:00'),(208,3,1,60,'good','2000-12-15 11:55:00'),(209,3,1,60,'good','2000-12-15 11:55:00'),(210,3,1,60,'good','2000-12-15 11:55:00'),(211,3,1,60,'good','2000-12-15 11:55:00'),(212,3,1,60,'good','2000-12-15 11:55:00'),(213,3,1,60,'good','2000-12-15 11:55:00'),(214,3,1,60,'good','2000-12-15 11:55:00'),(215,3,1,60,'good','2000-12-15 11:55:00'),(216,3,1,60,'good','2000-12-15 11:55:00'),(217,3,1,60,'good','2000-12-15 11:55:00'),(218,3,1,60,'good','2000-12-15 11:55:00'),(219,3,1,60,'good','2000-12-15 11:55:00'),(220,3,1,60,'good','2000-12-15 11:55:00'),(221,3,1,60,'good','2000-12-15 11:55:00'),(222,3,1,60,'good','2000-12-15 11:55:00'),(223,3,1,60,'good','2000-12-15 11:55:00'),(224,3,1,60,'good','2000-12-15 11:55:00'),(225,3,1,60,'good','2000-12-15 11:55:00'),(226,3,1,60,'good','2000-12-15 11:55:00'),(227,3,1,60,'good','2000-12-15 11:55:00'),(228,3,1,60,'good','2000-12-15 11:55:00'),(229,3,1,60,'good','2000-12-15 11:55:00'),(230,3,1,60,'good','2000-12-15 11:55:00'),(231,3,1,60,'good','2000-12-15 11:55:00'),(232,3,1,60,'good','2000-12-15 11:55:00'),(233,3,1,60,'good','2000-12-15 11:55:00'),(234,3,1,60,'good','2000-12-15 11:55:00'),(235,3,1,60,'good','2000-12-15 11:55:00'),(236,3,1,60,'good','2000-12-15 11:55:00'),(237,3,1,60,'good','2000-12-15 11:55:00'),(238,3,1,60,'good','2000-12-15 11:55:00'),(239,3,1,60,'good','2000-12-15 11:55:00'),(240,3,1,60,'good','2000-12-15 11:55:00'),(241,3,1,60,'good','2000-12-15 11:55:00'),(242,3,1,60,'good','2000-12-15 11:55:00'),(243,3,1,60,'good','2000-12-15 11:55:00'),(244,3,1,60,'good','2000-12-15 11:55:00'),(245,3,1,60,'good','2000-12-15 11:55:00'),(246,3,1,60,'good','2000-12-15 11:55:00'),(247,3,1,60,'good','2000-12-15 11:55:00'),(248,3,1,60,'good','2000-12-15 11:55:00'),(249,3,1,60,'good','2000-12-15 11:55:00'),(250,3,1,60,'good','2000-12-15 11:55:00'),(251,3,1,60,'good','2000-12-15 11:55:00'),(252,3,1,60,'good','2000-12-15 11:55:00'),(253,3,1,60,'good','2000-12-15 11:55:00'),(254,3,1,60,'good','2000-12-15 11:55:00'),(255,3,1,60,'good','2000-12-15 11:55:00'),(256,3,1,60,'good','2000-12-15 11:55:00'),(257,3,1,60,'good','2000-12-15 11:55:00'),(258,3,1,60,'good','2000-12-15 11:55:00'),(259,3,1,60,'good','2000-12-15 11:55:00'),(260,3,1,60,'good','2000-12-15 11:55:00'),(261,3,1,60,'good','2000-12-15 11:55:00'),(262,3,1,60,'good','2000-12-15 11:55:00'),(263,3,1,60,'good','2000-12-15 11:55:00'),(264,3,1,60,'good','2000-12-15 11:55:00'),(265,3,1,60,'good','2000-12-15 11:55:00'),(266,3,1,60,'good','2000-12-15 11:55:00'),(267,3,1,60,'good','2000-12-15 11:55:00'),(268,3,1,60,'good','2000-12-15 11:55:00'),(269,3,1,60,'good','2000-12-15 11:55:00'),(270,3,1,60,'good','2000-12-15 11:55:00'),(271,3,1,60,'good','2000-12-15 11:55:00'),(272,3,1,60,'good','2000-12-15 11:55:00'),(273,3,1,60,'good','2000-12-15 11:55:00'),(274,3,1,60,'good','2000-12-15 11:55:00'),(275,3,1,60,'good','2000-12-15 11:55:00'),(276,3,1,60,'good','2000-12-15 11:55:00'),(277,3,1,60,'good','2000-12-15 11:55:00'),(278,3,1,60,'good','2000-12-15 11:55:00'),(279,3,1,60,'good','2000-12-15 11:55:00'),(280,3,1,60,'good','2000-12-15 11:55:00'),(281,3,1,60,'good','2000-12-15 11:55:00'),(282,3,1,60,'good','2000-12-15 11:55:00'),(283,3,1,60,'good','2000-12-15 11:55:00'),(284,3,1,60,'good','2000-12-15 11:55:00'),(285,3,1,60,'good','2000-12-15 11:55:00'),(286,3,1,60,'good','2000-12-15 11:55:00'),(287,3,1,60,'good','2000-12-15 11:55:00'),(288,3,1,60,'good','2000-12-15 11:55:00'),(289,3,1,60,'good','2000-12-15 11:55:00'),(290,3,1,60,'good','2000-12-15 11:55:00'),(291,3,1,60,'good','2000-12-15 11:55:00'),(292,3,1,60,'good','2000-12-15 11:55:00'),(293,3,1,60,'good','2000-12-15 11:55:00'),(294,3,1,60,'good','2000-12-15 11:55:00'),(295,3,1,60,'good','2000-12-15 11:55:00'),(296,3,1,60,'good','2000-12-15 11:55:00'),(297,3,1,60,'good','2000-12-15 11:55:00'),(298,3,1,60,'good','2000-12-15 11:55:00'),(299,3,1,60,'good','2000-12-15 11:55:00'),(300,3,1,60,'good','2000-12-15 11:55:00'),(301,3,1,60,'good','2000-12-15 11:55:00'),(302,3,1,60,'good','2000-12-15 11:55:00'),(303,3,1,60,'good','2000-12-15 11:55:00'),(304,3,1,60,'good','2000-12-15 11:55:00'),(305,3,1,60,'good','2000-12-15 11:55:00'),(306,3,1,60,'good','2000-12-15 11:55:00'),(307,3,1,60,'good','2000-12-15 11:55:00'),(308,3,1,60,'good','2000-12-15 11:55:00'),(309,3,1,60,'good','2000-12-15 11:55:00'),(310,3,1,60,'good','2000-12-15 11:55:00'),(311,3,1,60,'good','2000-12-15 11:55:00'),(312,3,1,60,'good','2000-12-15 11:55:00'),(313,3,1,60,'good','2000-12-15 11:55:00'),(314,3,1,60,'good','2000-12-15 11:55:00'),(315,3,1,60,'good','2000-12-15 11:55:00'),(316,3,1,60,'good','2000-12-15 11:55:00'),(317,3,1,60,'good','2000-12-15 11:55:00'),(318,3,1,60,'good','2000-12-15 11:55:00'),(319,3,1,60,'good','2000-12-15 11:55:00'),(320,3,1,60,'good','2000-12-15 11:55:00'),(321,3,1,60,'good','2000-12-15 11:55:00'),(322,3,1,60,'good','2000-12-15 11:55:00'),(323,3,1,60,'good','2000-12-15 11:55:00'),(324,3,1,60,'good','2000-12-15 11:55:00'),(325,3,1,60,'good','2000-12-15 11:55:00'),(326,3,1,60,'good','2000-12-15 11:55:00'),(327,3,1,60,'good','2000-12-15 11:55:00'),(328,3,1,60,'good','2000-12-15 11:55:00'),(329,3,1,60,'good','2000-12-15 11:55:00'),(330,3,1,60,'good','2000-12-15 11:55:00'),(331,3,1,60,'good','2000-12-15 11:55:00'),(332,3,1,60,'good','2000-12-15 11:55:00'),(333,3,1,60,'good','2000-12-15 11:55:00'),(334,3,1,60,'good','2000-12-15 11:55:00'),(335,3,1,60,'good','2000-12-15 11:55:00'),(336,3,1,60,'good','2000-12-15 11:55:00'),(337,3,1,60,'good','2000-12-15 11:55:00'),(338,3,1,60,'good','2000-12-15 11:55:00'),(339,3,1,60,'good','2000-12-15 11:55:00'),(340,3,1,60,'good','2000-12-15 11:55:00'),(341,3,1,60,'good','2000-12-15 11:55:00'),(342,3,1,60,'good','2000-12-15 11:55:00'),(343,3,1,60,'good','2000-12-15 11:55:00'),(344,3,1,60,'good','2000-12-15 11:55:00'),(345,3,1,60,'good','2000-12-15 11:55:00'),(346,3,1,60,'good','2000-12-15 11:55:00'),(347,3,1,60,'good','2000-12-15 11:55:00'),(348,3,1,60,'good','2000-12-15 11:55:00'),(349,3,1,60,'good','2000-12-15 11:55:00'),(350,3,1,60,'good','2000-12-15 11:55:00'),(351,3,1,60,'good','2000-12-15 11:55:00'),(352,3,1,60,'good','2000-12-15 11:55:00'),(353,3,1,60,'good','2000-12-15 11:55:00'),(354,3,1,60,'good','2000-12-15 11:55:00'),(355,3,1,60,'good','2000-12-15 11:55:00'),(356,3,1,60,'good','2000-12-15 11:55:00'),(357,3,1,60,'good','2000-12-15 11:55:00'),(358,3,1,60,'good','2000-12-15 11:55:00'),(359,3,1,60,'good','2000-12-15 11:55:00'),(360,3,1,60,'good','2000-12-15 11:55:00'),(1,4,1,60,'good','2000-12-15 11:55:00'),(2,4,1,60,'good','2000-12-15 11:55:00'),(3,4,1,60,'good','2000-12-15 11:55:00'),(4,4,1,60,'good','2000-12-15 11:55:00'),(5,4,1,60,'good','2000-12-15 11:55:00'),(6,4,1,60,'good','2000-12-15 11:55:00'),(7,4,1,60,'good','2000-12-15 11:55:00'),(8,4,1,60,'good','2000-12-15 11:55:00'),(9,4,1,60,'good','2000-12-15 11:55:00'),(10,4,1,60,'good','2000-12-15 11:55:00'),(11,4,1,60,'good','2000-12-15 11:55:00'),(12,4,1,60,'good','2000-12-15 11:55:00'),(13,4,1,60,'good','2000-12-15 11:55:00'),(14,4,1,60,'good','2000-12-15 11:55:00'),(15,4,1,60,'good','2000-12-15 11:55:00'),(16,4,1,60,'good','2000-12-15 11:55:00'),(17,4,1,60,'good','2000-12-15 11:55:00'),(18,4,1,60,'good','2000-12-15 11:55:00'),(19,4,1,60,'good','2000-12-15 11:55:00'),(20,4,1,60,'good','2000-12-15 11:55:00'),(21,4,1,60,'good','2000-12-15 11:55:00'),(22,4,1,60,'good','2000-12-15 11:55:00'),(23,4,1,60,'good','2000-12-15 11:55:00'),(24,4,1,60,'good','2000-12-15 11:55:00'),(25,4,1,60,'good','2000-12-15 11:55:00'),(26,4,1,60,'good','2000-12-15 11:55:00'),(27,4,1,60,'good','2000-12-15 11:55:00'),(28,4,1,60,'good','2000-12-15 11:55:00'),(29,4,1,60,'good','2000-12-15 11:55:00'),(30,4,1,60,'good','2000-12-15 11:55:00'),(31,4,1,60,'good','2000-12-15 11:55:00'),(32,4,1,60,'good','2000-12-15 11:55:00'),(33,4,1,60,'good','2000-12-15 11:55:00'),(34,4,1,60,'good','2000-12-15 11:55:00'),(35,4,1,60,'good','2000-12-15 11:55:00'),(36,4,1,60,'good','2000-12-15 11:55:00'),(37,4,1,60,'good','2000-12-15 11:55:00'),(38,4,1,60,'good','2000-12-15 11:55:00'),(39,4,1,60,'good','2000-12-15 11:55:00'),(40,4,1,60,'good','2000-12-15 11:55:00'),(41,4,1,60,'good','2000-12-15 11:55:00'),(42,4,1,60,'good','2000-12-15 11:55:00'),(43,4,1,60,'good','2000-12-15 11:55:00'),(44,4,1,60,'good','2000-12-15 11:55:00'),(45,4,1,60,'good','2000-12-15 11:55:00'),(46,4,1,60,'good','2000-12-15 11:55:00'),(47,4,1,60,'good','2000-12-15 11:55:00'),(48,4,1,60,'good','2000-12-15 11:55:00'),(49,4,1,60,'good','2000-12-15 11:55:00'),(50,4,1,60,'good','2000-12-15 11:55:00'),(51,4,1,60,'good','2000-12-15 11:55:00'),(52,4,1,60,'good','2000-12-15 11:55:00'),(53,4,1,60,'good','2000-12-15 11:55:00'),(54,4,1,60,'good','2000-12-15 11:55:00'),(55,4,1,60,'good','2000-12-15 11:55:00'),(56,4,1,60,'good','2000-12-15 11:55:00'),(57,4,1,60,'good','2000-12-15 11:55:00'),(58,4,1,60,'good','2000-12-15 11:55:00'),(59,4,1,60,'good','2000-12-15 11:55:00'),(60,4,1,60,'good','2000-12-15 11:55:00'),(61,4,1,60,'good','2000-12-15 11:55:00'),(62,4,1,60,'good','2000-12-15 11:55:00'),(63,4,1,60,'good','2000-12-15 11:55:00'),(64,4,1,60,'good','2000-12-15 11:55:00'),(65,4,1,60,'good','2000-12-15 11:55:00'),(66,4,1,60,'good','2000-12-15 11:55:00'),(67,4,1,60,'good','2000-12-15 11:55:00'),(68,4,1,60,'good','2000-12-15 11:55:00'),(69,4,1,60,'good','2000-12-15 11:55:00'),(70,4,1,60,'good','2000-12-15 11:55:00'),(71,4,1,60,'good','2000-12-15 11:55:00'),(72,4,1,60,'good','2000-12-15 11:55:00'),(73,4,1,60,'good','2000-12-15 11:55:00'),(74,4,1,60,'good','2000-12-15 11:55:00'),(75,4,1,60,'good','2000-12-15 11:55:00'),(76,4,1,60,'good','2000-12-15 11:55:00'),(77,4,1,60,'good','2000-12-15 11:55:00'),(78,4,1,60,'good','2000-12-15 11:55:00'),(79,4,1,60,'good','2000-12-15 11:55:00'),(80,4,1,60,'good','2000-12-15 11:55:00'),(81,4,1,60,'good','2000-12-15 11:55:00'),(82,4,1,60,'good','2000-12-15 11:55:00'),(83,4,1,60,'good','2000-12-15 11:55:00'),(84,4,1,60,'good','2000-12-15 11:55:00'),(85,4,1,60,'good','2000-12-15 11:55:00'),(86,4,1,60,'good','2000-12-15 11:55:00'),(87,4,1,60,'good','2000-12-15 11:55:00'),(88,4,1,60,'good','2000-12-15 11:55:00'),(89,4,1,60,'good','2000-12-15 11:55:00'),(90,4,1,60,'good','2000-12-15 11:55:00'),(91,4,1,60,'good','2000-12-15 11:55:00'),(92,4,1,60,'good','2000-12-15 11:55:00'),(93,4,1,60,'good','2000-12-15 11:55:00'),(94,4,1,60,'good','2000-12-15 11:55:00'),(95,4,1,60,'good','2000-12-15 11:55:00'),(96,4,1,60,'good','2000-12-15 11:55:00'),(97,4,1,60,'good','2000-12-15 11:55:00'),(98,4,1,60,'good','2000-12-15 11:55:00'),(99,4,1,60,'good','2000-12-15 11:55:00'),(100,4,1,60,'good','2000-12-15 11:55:00'),(101,4,1,60,'good','2000-12-15 11:55:00'),(102,4,1,60,'good','2000-12-15 11:55:00'),(103,4,1,60,'good','2000-12-15 11:55:00'),(104,4,1,60,'good','2000-12-15 11:55:00'),(105,4,1,60,'good','2000-12-15 11:55:00'),(106,4,1,60,'good','2000-12-15 11:55:00'),(107,4,1,60,'good','2000-12-15 11:55:00'),(108,4,1,60,'good','2000-12-15 11:55:00'),(109,4,1,60,'good','2000-12-15 11:55:00'),(110,4,1,60,'good','2000-12-15 11:55:00'),(111,4,1,60,'good','2000-12-15 11:55:00'),(112,4,1,60,'good','2000-12-15 11:55:00'),(113,4,1,60,'good','2000-12-15 11:55:00'),(114,4,1,60,'good','2000-12-15 11:55:00'),(115,4,1,60,'good','2000-12-15 11:55:00'),(116,4,1,60,'good','2000-12-15 11:55:00'),(117,4,1,60,'good','2000-12-15 11:55:00'),(118,4,1,60,'good','2000-12-15 11:55:00'),(119,4,1,60,'good','2000-12-15 11:55:00'),(120,4,1,60,'good','2000-12-15 11:55:00'),(121,4,1,60,'good','2000-12-15 11:55:00'),(122,4,1,60,'good','2000-12-15 11:55:00'),(123,4,1,60,'good','2000-12-15 11:55:00'),(124,4,1,60,'good','2000-12-15 11:55:00'),(125,4,1,60,'good','2000-12-15 11:55:00'),(126,4,1,60,'good','2000-12-15 11:55:00'),(127,4,1,60,'good','2000-12-15 11:55:00'),(128,4,1,60,'good','2000-12-15 11:55:00'),(129,4,1,60,'good','2000-12-15 11:55:00'),(130,4,1,60,'good','2000-12-15 11:55:00'),(131,4,1,60,'good','2000-12-15 11:55:00'),(132,4,1,60,'good','2000-12-15 11:55:00'),(133,4,1,60,'good','2000-12-15 11:55:00'),(134,4,1,60,'good','2000-12-15 11:55:00'),(135,4,1,60,'good','2000-12-15 11:55:00'),(136,4,1,60,'good','2000-12-15 11:55:00'),(137,4,1,60,'good','2000-12-15 11:55:00'),(138,4,1,60,'good','2000-12-15 11:55:00'),(139,4,1,60,'good','2000-12-15 11:55:00'),(140,4,1,60,'good','2000-12-15 11:55:00'),(141,4,1,60,'good','2000-12-15 11:55:00'),(142,4,1,60,'good','2000-12-15 11:55:00'),(143,4,1,60,'good','2000-12-15 11:55:00'),(144,4,1,60,'good','2000-12-15 11:55:00'),(145,4,1,60,'good','2000-12-15 11:55:00'),(146,4,1,60,'good','2000-12-15 11:55:00'),(147,4,1,60,'good','2000-12-15 11:55:00'),(148,4,1,60,'good','2000-12-15 11:55:00'),(149,4,1,60,'good','2000-12-15 11:55:00'),(150,4,1,60,'good','2000-12-15 11:55:00'),(151,4,1,60,'good','2000-12-15 11:55:00'),(152,4,1,60,'good','2000-12-15 11:55:00'),(153,4,1,60,'good','2000-12-15 11:55:00'),(154,4,1,60,'good','2000-12-15 11:55:00'),(155,4,1,60,'good','2000-12-15 11:55:00'),(156,4,1,60,'good','2000-12-15 11:55:00'),(157,4,1,60,'good','2000-12-15 11:55:00'),(158,4,1,60,'good','2000-12-15 11:55:00'),(159,4,1,60,'good','2000-12-15 11:55:00'),(160,4,1,60,'good','2000-12-15 11:55:00'),(161,4,1,60,'good','2000-12-15 11:55:00'),(162,4,1,60,'good','2000-12-15 11:55:00'),(163,4,1,60,'good','2000-12-15 11:55:00'),(164,4,1,60,'good','2000-12-15 11:55:00'),(165,4,1,60,'good','2000-12-15 11:55:00'),(166,4,1,60,'good','2000-12-15 11:55:00'),(167,4,1,60,'good','2000-12-15 11:55:00'),(168,4,1,60,'good','2000-12-15 11:55:00'),(169,4,1,60,'good','2000-12-15 11:55:00'),(170,4,1,60,'good','2000-12-15 11:55:00'),(171,4,1,60,'good','2000-12-15 11:55:00'),(172,4,1,60,'good','2000-12-15 11:55:00'),(173,4,1,60,'good','2000-12-15 11:55:00'),(174,4,1,60,'good','2000-12-15 11:55:00'),(175,4,1,60,'good','2000-12-15 11:55:00'),(176,4,1,60,'good','2000-12-15 11:55:00'),(177,4,1,60,'good','2000-12-15 11:55:00'),(178,4,1,60,'good','2000-12-15 11:55:00'),(179,4,1,60,'good','2000-12-15 11:55:00'),(180,4,1,60,'good','2000-12-15 11:55:00'),(181,4,1,60,'good','2000-12-15 11:55:00'),(182,4,1,60,'good','2000-12-15 11:55:00'),(183,4,1,60,'good','2000-12-15 11:55:00'),(184,4,1,60,'good','2000-12-15 11:55:00'),(185,4,1,60,'good','2000-12-15 11:55:00'),(186,4,1,60,'good','2000-12-15 11:55:00'),(187,4,1,60,'good','2000-12-15 11:55:00'),(188,4,1,60,'good','2000-12-15 11:55:00'),(189,4,1,60,'good','2000-12-15 11:55:00'),(190,4,1,60,'good','2000-12-15 11:55:00'),(191,4,1,60,'good','2000-12-15 11:55:00'),(192,4,1,60,'good','2000-12-15 11:55:00'),(193,4,1,60,'good','2000-12-15 11:55:00'),(194,4,1,60,'good','2000-12-15 11:55:00'),(195,4,1,60,'good','2000-12-15 11:55:00'),(196,4,1,60,'good','2000-12-15 11:55:00'),(197,4,1,60,'good','2000-12-15 11:55:00'),(198,4,1,60,'good','2000-12-15 11:55:00'),(199,4,1,60,'good','2000-12-15 11:55:00'),(200,4,1,60,'good','2000-12-15 11:55:00'),(201,4,1,60,'good','2000-12-15 11:55:00'),(202,4,1,60,'good','2000-12-15 11:55:00'),(203,4,1,60,'good','2000-12-15 11:55:00'),(204,4,1,60,'good','2000-12-15 11:55:00'),(205,4,1,60,'good','2000-12-15 11:55:00'),(206,4,1,60,'good','2000-12-15 11:55:00'),(207,4,1,60,'good','2000-12-15 11:55:00'),(208,4,1,60,'good','2000-12-15 11:55:00'),(209,4,1,60,'good','2000-12-15 11:55:00'),(210,4,1,60,'good','2000-12-15 11:55:00'),(211,4,1,60,'good','2000-12-15 11:55:00'),(212,4,1,60,'good','2000-12-15 11:55:00'),(213,4,1,60,'good','2000-12-15 11:55:00'),(214,4,1,60,'good','2000-12-15 11:55:00'),(215,4,1,60,'good','2000-12-15 11:55:00'),(216,4,1,60,'good','2000-12-15 11:55:00'),(217,4,1,60,'good','2000-12-15 11:55:00'),(218,4,1,60,'good','2000-12-15 11:55:00'),(219,4,1,60,'good','2000-12-15 11:55:00'),(220,4,1,60,'good','2000-12-15 11:55:00'),(221,4,1,60,'good','2000-12-15 11:55:00'),(222,4,1,60,'good','2000-12-15 11:55:00'),(223,4,1,60,'good','2000-12-15 11:55:00'),(224,4,1,60,'good','2000-12-15 11:55:00'),(225,4,1,60,'good','2000-12-15 11:55:00'),(226,4,1,60,'good','2000-12-15 11:55:00'),(227,4,1,60,'good','2000-12-15 11:55:00'),(228,4,1,60,'good','2000-12-15 11:55:00'),(229,4,1,60,'good','2000-12-15 11:55:00'),(230,4,1,60,'good','2000-12-15 11:55:00'),(231,4,1,60,'good','2000-12-15 11:55:00'),(232,4,1,60,'good','2000-12-15 11:55:00'),(233,4,1,60,'good','2000-12-15 11:55:00'),(234,4,1,60,'good','2000-12-15 11:55:00'),(235,4,1,60,'good','2000-12-15 11:55:00'),(236,4,1,60,'good','2000-12-15 11:55:00'),(237,4,1,60,'good','2000-12-15 11:55:00'),(238,4,1,60,'good','2000-12-15 11:55:00'),(239,4,1,60,'good','2000-12-15 11:55:00'),(240,4,1,60,'good','2000-12-15 11:55:00'),(241,4,1,60,'good','2000-12-15 11:55:00'),(242,4,1,60,'good','2000-12-15 11:55:00'),(243,4,1,60,'good','2000-12-15 11:55:00'),(244,4,1,60,'good','2000-12-15 11:55:00'),(245,4,1,60,'good','2000-12-15 11:55:00'),(246,4,1,60,'good','2000-12-15 11:55:00'),(247,4,1,60,'good','2000-12-15 11:55:00'),(248,4,1,60,'good','2000-12-15 11:55:00'),(249,4,1,60,'good','2000-12-15 11:55:00'),(250,4,1,60,'good','2000-12-15 11:55:00'),(251,4,1,60,'good','2000-12-15 11:55:00'),(252,4,1,60,'good','2000-12-15 11:55:00'),(253,4,1,60,'good','2000-12-15 11:55:00'),(254,4,1,60,'good','2000-12-15 11:55:00'),(255,4,1,60,'good','2000-12-15 11:55:00'),(256,4,1,60,'good','2000-12-15 11:55:00'),(257,4,1,60,'good','2000-12-15 11:55:00'),(258,4,1,60,'good','2000-12-15 11:55:00'),(259,4,1,60,'good','2000-12-15 11:55:00'),(260,4,1,60,'good','2000-12-15 11:55:00'),(261,4,1,60,'good','2000-12-15 11:55:00'),(262,4,1,60,'good','2000-12-15 11:55:00'),(263,4,1,60,'good','2000-12-15 11:55:00'),(264,4,1,60,'good','2000-12-15 11:55:00'),(265,4,1,60,'good','2000-12-15 11:55:00'),(266,4,1,60,'good','2000-12-15 11:55:00'),(267,4,1,60,'good','2000-12-15 11:55:00'),(268,4,1,60,'good','2000-12-15 11:55:00'),(269,4,1,60,'good','2000-12-15 11:55:00'),(270,4,1,60,'good','2000-12-15 11:55:00'),(271,4,1,60,'good','2000-12-15 11:55:00'),(272,4,1,60,'good','2000-12-15 11:55:00'),(273,4,1,60,'good','2000-12-15 11:55:00'),(274,4,1,60,'good','2000-12-15 11:55:00'),(275,4,1,60,'good','2000-12-15 11:55:00'),(276,4,1,60,'good','2000-12-15 11:55:00'),(277,4,1,60,'good','2000-12-15 11:55:00'),(278,4,1,60,'good','2000-12-15 11:55:00'),(279,4,1,60,'good','2000-12-15 11:55:00'),(280,4,1,60,'good','2000-12-15 11:55:00'),(281,4,1,60,'good','2000-12-15 11:55:00'),(282,4,1,60,'good','2000-12-15 11:55:00'),(283,4,1,60,'good','2000-12-15 11:55:00'),(284,4,1,60,'good','2000-12-15 11:55:00'),(285,4,1,60,'good','2000-12-15 11:55:00'),(286,4,1,60,'good','2000-12-15 11:55:00'),(287,4,1,60,'good','2000-12-15 11:55:00'),(288,4,1,60,'good','2000-12-15 11:55:00'),(289,4,1,60,'good','2000-12-15 11:55:00'),(290,4,1,60,'good','2000-12-15 11:55:00'),(291,4,1,60,'good','2000-12-15 11:55:00'),(292,4,1,60,'good','2000-12-15 11:55:00'),(293,4,1,60,'good','2000-12-15 11:55:00'),(294,4,1,60,'good','2000-12-15 11:55:00'),(295,4,1,60,'good','2000-12-15 11:55:00'),(296,4,1,60,'good','2000-12-15 11:55:00'),(297,4,1,60,'good','2000-12-15 11:55:00'),(298,4,1,60,'good','2000-12-15 11:55:00'),(299,4,1,60,'good','2000-12-15 11:55:00'),(300,4,1,60,'good','2000-12-15 11:55:00'),(301,4,1,60,'good','2000-12-15 11:55:00'),(302,4,1,60,'good','2000-12-15 11:55:00'),(303,4,1,60,'good','2000-12-15 11:55:00'),(304,4,1,60,'good','2000-12-15 11:55:00'),(305,4,1,60,'good','2000-12-15 11:55:00'),(306,4,1,60,'good','2000-12-15 11:55:00'),(307,4,1,60,'good','2000-12-15 11:55:00'),(308,4,1,60,'good','2000-12-15 11:55:00'),(309,4,1,60,'good','2000-12-15 11:55:00'),(310,4,1,60,'good','2000-12-15 11:55:00'),(311,4,1,60,'good','2000-12-15 11:55:00'),(312,4,1,60,'good','2000-12-15 11:55:00'),(313,4,1,60,'good','2000-12-15 11:55:00'),(314,4,1,60,'good','2000-12-15 11:55:00'),(315,4,1,60,'good','2000-12-15 11:55:00'),(316,4,1,60,'good','2000-12-15 11:55:00'),(317,4,1,60,'good','2000-12-15 11:55:00'),(318,4,1,60,'good','2000-12-15 11:55:00'),(319,4,1,60,'good','2000-12-15 11:55:00'),(320,4,1,60,'good','2000-12-15 11:55:00'),(321,4,1,60,'good','2000-12-15 11:55:00'),(322,4,1,60,'good','2000-12-15 11:55:00'),(323,4,1,60,'good','2000-12-15 11:55:00'),(324,4,1,60,'good','2000-12-15 11:55:00'),(325,4,1,60,'good','2000-12-15 11:55:00'),(326,4,1,60,'good','2000-12-15 11:55:00'),(327,4,1,60,'good','2000-12-15 11:55:00'),(328,4,1,60,'good','2000-12-15 11:55:00'),(329,4,1,60,'good','2000-12-15 11:55:00'),(330,4,1,60,'good','2000-12-15 11:55:00'),(331,4,1,60,'good','2000-12-15 11:55:00'),(332,4,1,60,'good','2000-12-15 11:55:00'),(333,4,1,60,'good','2000-12-15 11:55:00'),(334,4,1,60,'good','2000-12-15 11:55:00'),(335,4,1,60,'good','2000-12-15 11:55:00'),(336,4,1,60,'good','2000-12-15 11:55:00'),(337,4,1,60,'good','2000-12-15 11:55:00'),(338,4,1,60,'good','2000-12-15 11:55:00'),(339,4,1,60,'good','2000-12-15 11:55:00'),(340,4,1,60,'good','2000-12-15 11:55:00'),(341,4,1,60,'good','2000-12-15 11:55:00'),(342,4,1,60,'good','2000-12-15 11:55:00'),(343,4,1,60,'good','2000-12-15 11:55:00'),(344,4,1,60,'good','2000-12-15 11:55:00'),(345,4,1,60,'good','2000-12-15 11:55:00'),(346,4,1,60,'good','2000-12-15 11:55:00'),(347,4,1,60,'good','2000-12-15 11:55:00'),(348,4,1,60,'good','2000-12-15 11:55:00'),(349,4,1,60,'good','2000-12-15 11:55:00'),(350,4,1,60,'good','2000-12-15 11:55:00'),(351,4,1,60,'good','2000-12-15 11:55:00'),(352,4,1,60,'good','2000-12-15 11:55:00'),(353,4,1,60,'good','2000-12-15 11:55:00'),(354,4,1,60,'good','2000-12-15 11:55:00'),(355,4,1,60,'good','2000-12-15 11:55:00'),(356,4,1,60,'good','2000-12-15 11:55:00'),(357,4,1,60,'good','2000-12-15 11:55:00'),(358,4,1,60,'good','2000-12-15 11:55:00'),(359,4,1,60,'good','2000-12-15 11:55:00'),(360,4,1,60,'good','2000-12-15 11:55:00'),(1,5,1,60,'good','2000-12-15 11:55:00'),(2,5,1,60,'good','2000-12-15 11:55:00'),(3,5,1,60,'good','2000-12-15 11:55:00'),(4,5,1,60,'good','2000-12-15 11:55:00'),(5,5,1,60,'good','2000-12-15 11:55:00'),(6,5,1,60,'good','2000-12-15 11:55:00'),(7,5,1,60,'good','2000-12-15 11:55:00'),(8,5,1,60,'good','2000-12-15 11:55:00'),(9,5,1,60,'good','2000-12-15 11:55:00'),(10,5,1,60,'good','2000-12-15 11:55:00'),(11,5,1,60,'good','2000-12-15 11:55:00'),(12,5,1,60,'good','2000-12-15 11:55:00'),(13,5,1,60,'good','2000-12-15 11:55:00'),(14,5,1,60,'good','2000-12-15 11:55:00'),(15,5,1,60,'good','2000-12-15 11:55:00'),(16,5,1,60,'good','2000-12-15 11:55:00'),(17,5,1,60,'good','2000-12-15 11:55:00'),(18,5,1,60,'good','2000-12-15 11:55:00'),(19,5,1,60,'good','2000-12-15 11:55:00'),(20,5,1,60,'good','2000-12-15 11:55:00'),(21,5,1,60,'good','2000-12-15 11:55:00'),(22,5,1,60,'good','2000-12-15 11:55:00'),(23,5,1,60,'good','2000-12-15 11:55:00'),(24,5,1,60,'good','2000-12-15 11:55:00'),(25,5,1,60,'good','2000-12-15 11:55:00'),(26,5,1,60,'good','2000-12-15 11:55:00'),(27,5,1,60,'good','2000-12-15 11:55:00'),(28,5,1,60,'good','2000-12-15 11:55:00'),(29,5,1,60,'good','2000-12-15 11:55:00'),(30,5,1,60,'good','2000-12-15 11:55:00'),(31,5,1,60,'good','2000-12-15 11:55:00'),(32,5,1,60,'good','2000-12-15 11:55:00'),(33,5,1,60,'good','2000-12-15 11:55:00'),(34,5,1,60,'good','2000-12-15 11:55:00'),(35,5,1,60,'good','2000-12-15 11:55:00'),(36,5,1,60,'good','2000-12-15 11:55:00'),(37,5,1,60,'good','2000-12-15 11:55:00'),(38,5,1,60,'good','2000-12-15 11:55:00'),(39,5,1,60,'good','2000-12-15 11:55:00'),(40,5,1,60,'good','2000-12-15 11:55:00'),(41,5,1,60,'good','2000-12-15 11:55:00'),(42,5,1,60,'good','2000-12-15 11:55:00'),(43,5,1,60,'good','2000-12-15 11:55:00'),(44,5,1,60,'good','2000-12-15 11:55:00'),(45,5,1,60,'good','2000-12-15 11:55:00'),(46,5,1,60,'good','2000-12-15 11:55:00'),(47,5,1,60,'good','2000-12-15 11:55:00'),(48,5,1,60,'good','2000-12-15 11:55:00'),(49,5,1,60,'good','2000-12-15 11:55:00'),(50,5,1,60,'good','2000-12-15 11:55:00'),(51,5,1,60,'good','2000-12-15 11:55:00'),(52,5,1,60,'good','2000-12-15 11:55:00'),(53,5,1,60,'good','2000-12-15 11:55:00'),(54,5,1,60,'good','2000-12-15 11:55:00'),(55,5,1,60,'good','2000-12-15 11:55:00'),(56,5,1,60,'good','2000-12-15 11:55:00'),(57,5,1,60,'good','2000-12-15 11:55:00'),(58,5,1,60,'good','2000-12-15 11:55:00'),(59,5,1,60,'good','2000-12-15 11:55:00'),(60,5,1,60,'good','2000-12-15 11:55:00'),(61,5,1,60,'good','2000-12-15 11:55:00'),(62,5,1,60,'good','2000-12-15 11:55:00'),(63,5,1,60,'good','2000-12-15 11:55:00'),(64,5,1,60,'good','2000-12-15 11:55:00'),(65,5,1,60,'good','2000-12-15 11:55:00'),(66,5,1,60,'good','2000-12-15 11:55:00'),(67,5,1,60,'good','2000-12-15 11:55:00'),(68,5,1,60,'good','2000-12-15 11:55:00'),(69,5,1,60,'good','2000-12-15 11:55:00'),(70,5,1,60,'good','2000-12-15 11:55:00'),(71,5,1,60,'good','2000-12-15 11:55:00'),(72,5,1,60,'good','2000-12-15 11:55:00'),(73,5,1,60,'good','2000-12-15 11:55:00'),(74,5,1,60,'good','2000-12-15 11:55:00'),(75,5,1,60,'good','2000-12-15 11:55:00'),(76,5,1,60,'good','2000-12-15 11:55:00'),(77,5,1,60,'good','2000-12-15 11:55:00'),(78,5,1,60,'good','2000-12-15 11:55:00'),(79,5,1,60,'good','2000-12-15 11:55:00'),(80,5,1,60,'good','2000-12-15 11:55:00'),(81,5,1,60,'good','2000-12-15 11:55:00'),(82,5,1,60,'good','2000-12-15 11:55:00'),(83,5,1,60,'good','2000-12-15 11:55:00'),(84,5,1,60,'good','2000-12-15 11:55:00'),(85,5,1,60,'good','2000-12-15 11:55:00'),(86,5,1,60,'good','2000-12-15 11:55:00'),(87,5,1,60,'good','2000-12-15 11:55:00'),(88,5,1,60,'good','2000-12-15 11:55:00'),(89,5,1,60,'good','2000-12-15 11:55:00'),(90,5,1,60,'good','2000-12-15 11:55:00'),(91,5,1,60,'good','2000-12-15 11:55:00'),(92,5,1,60,'good','2000-12-15 11:55:00'),(93,5,1,60,'good','2000-12-15 11:55:00'),(94,5,1,60,'good','2000-12-15 11:55:00'),(95,5,1,60,'good','2000-12-15 11:55:00'),(96,5,1,60,'good','2000-12-15 11:55:00'),(97,5,1,60,'good','2000-12-15 11:55:00'),(98,5,1,60,'good','2000-12-15 11:55:00'),(99,5,1,60,'good','2000-12-15 11:55:00'),(100,5,1,60,'good','2000-12-15 11:55:00'),(101,5,1,60,'good','2000-12-15 11:55:00'),(102,5,1,60,'good','2000-12-15 11:55:00'),(103,5,1,60,'good','2000-12-15 11:55:00'),(104,5,1,60,'good','2000-12-15 11:55:00'),(105,5,1,60,'good','2000-12-15 11:55:00'),(106,5,1,60,'good','2000-12-15 11:55:00'),(107,5,1,60,'good','2000-12-15 11:55:00'),(108,5,1,60,'good','2000-12-15 11:55:00'),(109,5,1,60,'good','2000-12-15 11:55:00'),(110,5,1,60,'good','2000-12-15 11:55:00'),(111,5,1,60,'good','2000-12-15 11:55:00'),(112,5,1,60,'good','2000-12-15 11:55:00'),(113,5,1,60,'good','2000-12-15 11:55:00'),(114,5,1,60,'good','2000-12-15 11:55:00'),(115,5,1,60,'good','2000-12-15 11:55:00'),(116,5,1,60,'good','2000-12-15 11:55:00'),(117,5,1,60,'good','2000-12-15 11:55:00'),(118,5,1,60,'good','2000-12-15 11:55:00'),(119,5,1,60,'good','2000-12-15 11:55:00'),(120,5,1,60,'good','2000-12-15 11:55:00'),(121,5,1,60,'good','2000-12-15 11:55:00'),(122,5,1,60,'good','2000-12-15 11:55:00'),(123,5,1,60,'good','2000-12-15 11:55:00'),(124,5,1,60,'good','2000-12-15 11:55:00'),(125,5,1,60,'good','2000-12-15 11:55:00'),(126,5,1,60,'good','2000-12-15 11:55:00'),(127,5,1,60,'good','2000-12-15 11:55:00'),(128,5,1,60,'good','2000-12-15 11:55:00'),(129,5,1,60,'good','2000-12-15 11:55:00'),(130,5,1,60,'good','2000-12-15 11:55:00'),(131,5,1,60,'good','2000-12-15 11:55:00'),(132,5,1,60,'good','2000-12-15 11:55:00'),(133,5,1,60,'good','2000-12-15 11:55:00'),(134,5,1,60,'good','2000-12-15 11:55:00'),(135,5,1,60,'good','2000-12-15 11:55:00'),(136,5,1,60,'good','2000-12-15 11:55:00'),(137,5,1,60,'good','2000-12-15 11:55:00'),(138,5,1,60,'good','2000-12-15 11:55:00'),(139,5,1,60,'good','2000-12-15 11:55:00'),(140,5,1,60,'good','2000-12-15 11:55:00'),(141,5,1,60,'good','2000-12-15 11:55:00'),(142,5,1,60,'good','2000-12-15 11:55:00'),(143,5,1,60,'good','2000-12-15 11:55:00'),(144,5,1,60,'good','2000-12-15 11:55:00'),(145,5,1,60,'good','2000-12-15 11:55:00'),(146,5,1,60,'good','2000-12-15 11:55:00'),(147,5,1,60,'good','2000-12-15 11:55:00'),(148,5,1,60,'good','2000-12-15 11:55:00'),(149,5,1,60,'good','2000-12-15 11:55:00'),(150,5,1,60,'good','2000-12-15 11:55:00'),(151,5,1,60,'good','2000-12-15 11:55:00'),(152,5,1,60,'good','2000-12-15 11:55:00'),(153,5,1,60,'good','2000-12-15 11:55:00'),(154,5,1,60,'good','2000-12-15 11:55:00'),(155,5,1,60,'good','2000-12-15 11:55:00'),(156,5,1,60,'good','2000-12-15 11:55:00'),(157,5,1,60,'good','2000-12-15 11:55:00'),(158,5,1,60,'good','2000-12-15 11:55:00'),(159,5,1,60,'good','2000-12-15 11:55:00'),(160,5,1,60,'good','2000-12-15 11:55:00'),(161,5,1,60,'good','2000-12-15 11:55:00'),(162,5,1,60,'good','2000-12-15 11:55:00'),(163,5,1,60,'good','2000-12-15 11:55:00'),(164,5,1,60,'good','2000-12-15 11:55:00'),(165,5,1,60,'good','2000-12-15 11:55:00'),(166,5,1,60,'good','2000-12-15 11:55:00'),(167,5,1,60,'good','2000-12-15 11:55:00'),(168,5,1,60,'good','2000-12-15 11:55:00'),(169,5,1,60,'good','2000-12-15 11:55:00'),(170,5,1,60,'good','2000-12-15 11:55:00'),(171,5,1,60,'good','2000-12-15 11:55:00'),(172,5,1,60,'good','2000-12-15 11:55:00'),(173,5,1,60,'good','2000-12-15 11:55:00'),(174,5,1,60,'good','2000-12-15 11:55:00'),(175,5,1,60,'good','2000-12-15 11:55:00'),(176,5,1,60,'good','2000-12-15 11:55:00'),(177,5,1,60,'good','2000-12-15 11:55:00'),(178,5,1,60,'good','2000-12-15 11:55:00'),(179,5,1,60,'good','2000-12-15 11:55:00'),(180,5,1,60,'good','2000-12-15 11:55:00'),(181,5,1,60,'good','2000-12-15 11:55:00'),(182,5,1,60,'good','2000-12-15 11:55:00'),(183,5,1,60,'good','2000-12-15 11:55:00'),(184,5,1,60,'good','2000-12-15 11:55:00'),(185,5,1,60,'good','2000-12-15 11:55:00'),(186,5,1,60,'good','2000-12-15 11:55:00'),(187,5,1,60,'good','2000-12-15 11:55:00'),(188,5,1,60,'good','2000-12-15 11:55:00'),(189,5,1,60,'good','2000-12-15 11:55:00'),(190,5,1,60,'good','2000-12-15 11:55:00'),(191,5,1,60,'good','2000-12-15 11:55:00'),(192,5,1,60,'good','2000-12-15 11:55:00'),(193,5,1,60,'good','2000-12-15 11:55:00'),(194,5,1,60,'good','2000-12-15 11:55:00'),(195,5,1,60,'good','2000-12-15 11:55:00'),(196,5,1,60,'good','2000-12-15 11:55:00'),(197,5,1,60,'good','2000-12-15 11:55:00'),(198,5,1,60,'good','2000-12-15 11:55:00'),(199,5,1,60,'good','2000-12-15 11:55:00'),(200,5,1,60,'good','2000-12-15 11:55:00'),(201,5,1,60,'good','2000-12-15 11:55:00'),(202,5,1,60,'good','2000-12-15 11:55:00'),(203,5,1,60,'good','2000-12-15 11:55:00'),(204,5,1,60,'good','2000-12-15 11:55:00'),(205,5,1,60,'good','2000-12-15 11:55:00'),(206,5,1,60,'good','2000-12-15 11:55:00'),(207,5,1,60,'good','2000-12-15 11:55:00'),(208,5,1,60,'good','2000-12-15 11:55:00'),(209,5,1,60,'good','2000-12-15 11:55:00'),(210,5,1,60,'good','2000-12-15 11:55:00'),(211,5,1,60,'good','2000-12-15 11:55:00'),(212,5,1,60,'good','2000-12-15 11:55:00'),(213,5,1,60,'good','2000-12-15 11:55:00'),(214,5,1,60,'good','2000-12-15 11:55:00'),(215,5,1,60,'good','2000-12-15 11:55:00'),(216,5,1,60,'good','2000-12-15 11:55:00'),(217,5,1,60,'good','2000-12-15 11:55:00'),(218,5,1,60,'good','2000-12-15 11:55:00'),(219,5,1,60,'good','2000-12-15 11:55:00'),(220,5,1,60,'good','2000-12-15 11:55:00'),(221,5,1,60,'good','2000-12-15 11:55:00'),(222,5,1,60,'good','2000-12-15 11:55:00'),(223,5,1,60,'good','2000-12-15 11:55:00'),(224,5,1,60,'good','2000-12-15 11:55:00'),(225,5,1,60,'good','2000-12-15 11:55:00'),(226,5,1,60,'good','2000-12-15 11:55:00'),(227,5,1,60,'good','2000-12-15 11:55:00'),(228,5,1,60,'good','2000-12-15 11:55:00'),(229,5,1,60,'good','2000-12-15 11:55:00'),(230,5,1,60,'good','2000-12-15 11:55:00'),(231,5,1,60,'good','2000-12-15 11:55:00'),(232,5,1,60,'good','2000-12-15 11:55:00'),(233,5,1,60,'good','2000-12-15 11:55:00'),(234,5,1,60,'good','2000-12-15 11:55:00'),(235,5,1,60,'good','2000-12-15 11:55:00'),(236,5,1,60,'good','2000-12-15 11:55:00'),(237,5,1,60,'good','2000-12-15 11:55:00'),(238,5,1,60,'good','2000-12-15 11:55:00'),(239,5,1,60,'good','2000-12-15 11:55:00'),(240,5,1,60,'good','2000-12-15 11:55:00'),(241,5,1,60,'good','2000-12-15 11:55:00'),(242,5,1,60,'good','2000-12-15 11:55:00'),(243,5,1,60,'good','2000-12-15 11:55:00'),(244,5,1,60,'good','2000-12-15 11:55:00'),(245,5,1,60,'good','2000-12-15 11:55:00'),(246,5,1,60,'good','2000-12-15 11:55:00'),(247,5,1,60,'good','2000-12-15 11:55:00'),(248,5,1,60,'good','2000-12-15 11:55:00'),(249,5,1,60,'good','2000-12-15 11:55:00'),(250,5,1,60,'good','2000-12-15 11:55:00'),(251,5,1,60,'good','2000-12-15 11:55:00'),(252,5,1,60,'good','2000-12-15 11:55:00'),(253,5,1,60,'good','2000-12-15 11:55:00'),(254,5,1,60,'good','2000-12-15 11:55:00'),(255,5,1,60,'good','2000-12-15 11:55:00'),(256,5,1,60,'good','2000-12-15 11:55:00'),(257,5,1,60,'good','2000-12-15 11:55:00'),(258,5,1,60,'good','2000-12-15 11:55:00'),(259,5,1,60,'good','2000-12-15 11:55:00'),(260,5,1,60,'good','2000-12-15 11:55:00'),(261,5,1,60,'good','2000-12-15 11:55:00'),(262,5,1,60,'good','2000-12-15 11:55:00'),(263,5,1,60,'good','2000-12-15 11:55:00'),(264,5,1,60,'good','2000-12-15 11:55:00'),(265,5,1,60,'good','2000-12-15 11:55:00'),(266,5,1,60,'good','2000-12-15 11:55:00'),(267,5,1,60,'good','2000-12-15 11:55:00'),(268,5,1,60,'good','2000-12-15 11:55:00'),(269,5,1,60,'good','2000-12-15 11:55:00'),(270,5,1,60,'good','2000-12-15 11:55:00'),(271,5,1,60,'good','2000-12-15 11:55:00'),(272,5,1,60,'good','2000-12-15 11:55:00'),(273,5,1,60,'good','2000-12-15 11:55:00'),(274,5,1,60,'good','2000-12-15 11:55:00'),(275,5,1,60,'good','2000-12-15 11:55:00'),(276,5,1,60,'good','2000-12-15 11:55:00'),(277,5,1,60,'good','2000-12-15 11:55:00'),(278,5,1,60,'good','2000-12-15 11:55:00'),(279,5,1,60,'good','2000-12-15 11:55:00'),(280,5,1,60,'good','2000-12-15 11:55:00'),(281,5,1,60,'good','2000-12-15 11:55:00'),(282,5,1,60,'good','2000-12-15 11:55:00'),(283,5,1,60,'good','2000-12-15 11:55:00'),(284,5,1,60,'good','2000-12-15 11:55:00'),(285,5,1,60,'good','2000-12-15 11:55:00'),(286,5,1,60,'good','2000-12-15 11:55:00'),(287,5,1,60,'good','2000-12-15 11:55:00'),(288,5,1,60,'good','2000-12-15 11:55:00'),(289,5,1,60,'good','2000-12-15 11:55:00'),(290,5,1,60,'good','2000-12-15 11:55:00'),(291,5,1,60,'good','2000-12-15 11:55:00'),(292,5,1,60,'good','2000-12-15 11:55:00'),(293,5,1,60,'good','2000-12-15 11:55:00'),(294,5,1,60,'good','2000-12-15 11:55:00'),(295,5,1,60,'good','2000-12-15 11:55:00'),(296,5,1,60,'good','2000-12-15 11:55:00'),(297,5,1,60,'good','2000-12-15 11:55:00'),(298,5,1,60,'good','2000-12-15 11:55:00'),(299,5,1,60,'good','2000-12-15 11:55:00'),(300,5,1,60,'good','2000-12-15 11:55:00'),(301,5,1,60,'good','2000-12-15 11:55:00'),(302,5,1,60,'good','2000-12-15 11:55:00'),(303,5,1,60,'good','2000-12-15 11:55:00'),(304,5,1,60,'good','2000-12-15 11:55:00'),(305,5,1,60,'good','2000-12-15 11:55:00'),(306,5,1,60,'good','2000-12-15 11:55:00'),(307,5,1,60,'good','2000-12-15 11:55:00'),(308,5,1,60,'good','2000-12-15 11:55:00'),(309,5,1,60,'good','2000-12-15 11:55:00'),(310,5,1,60,'good','2000-12-15 11:55:00'),(311,5,1,60,'good','2000-12-15 11:55:00'),(312,5,1,60,'good','2000-12-15 11:55:00'),(313,5,1,60,'good','2000-12-15 11:55:00'),(314,5,1,60,'good','2000-12-15 11:55:00'),(315,5,1,60,'good','2000-12-15 11:55:00'),(316,5,1,60,'good','2000-12-15 11:55:00'),(317,5,1,60,'good','2000-12-15 11:55:00'),(318,5,1,60,'good','2000-12-15 11:55:00'),(319,5,1,60,'good','2000-12-15 11:55:00'),(320,5,1,60,'good','2000-12-15 11:55:00'),(321,5,1,60,'good','2000-12-15 11:55:00'),(322,5,1,60,'good','2000-12-15 11:55:00'),(323,5,1,60,'good','2000-12-15 11:55:00'),(324,5,1,60,'good','2000-12-15 11:55:00'),(325,5,1,60,'good','2000-12-15 11:55:00'),(326,5,1,60,'good','2000-12-15 11:55:00'),(327,5,1,60,'good','2000-12-15 11:55:00'),(328,5,1,60,'good','2000-12-15 11:55:00'),(329,5,1,60,'good','2000-12-15 11:55:00'),(330,5,1,60,'good','2000-12-15 11:55:00'),(331,5,1,60,'good','2000-12-15 11:55:00'),(332,5,1,60,'good','2000-12-15 11:55:00'),(333,5,1,60,'good','2000-12-15 11:55:00'),(334,5,1,60,'good','2000-12-15 11:55:00'),(335,5,1,60,'good','2000-12-15 11:55:00'),(336,5,1,60,'good','2000-12-15 11:55:00'),(337,5,1,60,'good','2000-12-15 11:55:00'),(338,5,1,60,'good','2000-12-15 11:55:00'),(339,5,1,60,'good','2000-12-15 11:55:00'),(340,5,1,60,'good','2000-12-15 11:55:00'),(341,5,1,60,'good','2000-12-15 11:55:00'),(342,5,1,60,'good','2000-12-15 11:55:00'),(343,5,1,60,'good','2000-12-15 11:55:00'),(344,5,1,60,'good','2000-12-15 11:55:00'),(345,5,1,60,'good','2000-12-15 11:55:00'),(346,5,1,60,'good','2000-12-15 11:55:00'),(347,5,1,60,'good','2000-12-15 11:55:00'),(348,5,1,60,'good','2000-12-15 11:55:00'),(349,5,1,60,'good','2000-12-15 11:55:00'),(350,5,1,60,'good','2000-12-15 11:55:00'),(351,5,1,60,'good','2000-12-15 11:55:00'),(352,5,1,60,'good','2000-12-15 11:55:00'),(353,5,1,60,'good','2000-12-15 11:55:00'),(354,5,1,60,'good','2000-12-15 11:55:00'),(355,5,1,60,'good','2000-12-15 11:55:00'),(356,5,1,60,'good','2000-12-15 11:55:00'),(357,5,1,60,'good','2000-12-15 11:55:00'),(358,5,1,60,'good','2000-12-15 11:55:00'),(359,5,1,60,'good','2000-12-15 11:55:00'),(360,5,1,60,'good','2000-12-15 11:55:00'),(1,6,1,60,'good','2000-12-15 11:55:00'),(2,6,1,60,'good','2000-12-15 11:55:00'),(3,6,1,60,'good','2000-12-15 11:55:00'),(4,6,1,60,'good','2000-12-15 11:55:00'),(5,6,1,60,'good','2000-12-15 11:55:00'),(6,6,1,60,'good','2000-12-15 11:55:00'),(7,6,1,60,'good','2000-12-15 11:55:00'),(8,6,1,60,'good','2000-12-15 11:55:00'),(9,6,1,60,'good','2000-12-15 11:55:00'),(10,6,1,60,'good','2000-12-15 11:55:00'),(11,6,1,60,'good','2000-12-15 11:55:00'),(12,6,1,60,'good','2000-12-15 11:55:00'),(13,6,1,60,'good','2000-12-15 11:55:00'),(14,6,1,60,'good','2000-12-15 11:55:00'),(15,6,1,60,'good','2000-12-15 11:55:00'),(16,6,1,60,'good','2000-12-15 11:55:00'),(17,6,1,60,'good','2000-12-15 11:55:00'),(18,6,1,60,'good','2000-12-15 11:55:00'),(19,6,1,60,'good','2000-12-15 11:55:00'),(20,6,1,60,'good','2000-12-15 11:55:00'),(21,6,1,60,'good','2000-12-15 11:55:00'),(22,6,1,60,'good','2000-12-15 11:55:00'),(23,6,1,60,'good','2000-12-15 11:55:00'),(24,6,1,60,'good','2000-12-15 11:55:00'),(25,6,1,60,'good','2000-12-15 11:55:00'),(26,6,1,60,'good','2000-12-15 11:55:00'),(27,6,1,60,'good','2000-12-15 11:55:00'),(28,6,1,60,'good','2000-12-15 11:55:00'),(29,6,1,60,'good','2000-12-15 11:55:00'),(30,6,1,60,'good','2000-12-15 11:55:00'),(31,6,1,60,'good','2000-12-15 11:55:00'),(32,6,1,60,'good','2000-12-15 11:55:00'),(33,6,1,60,'good','2000-12-15 11:55:00'),(34,6,1,60,'good','2000-12-15 11:55:00'),(35,6,1,60,'good','2000-12-15 11:55:00'),(36,6,1,60,'good','2000-12-15 11:55:00'),(37,6,1,60,'good','2000-12-15 11:55:00'),(38,6,1,60,'good','2000-12-15 11:55:00'),(39,6,1,60,'good','2000-12-15 11:55:00'),(40,6,1,60,'good','2000-12-15 11:55:00'),(41,6,1,60,'good','2000-12-15 11:55:00'),(42,6,1,60,'good','2000-12-15 11:55:00'),(43,6,1,60,'good','2000-12-15 11:55:00'),(44,6,1,60,'good','2000-12-15 11:55:00'),(45,6,1,60,'good','2000-12-15 11:55:00'),(46,6,1,60,'good','2000-12-15 11:55:00'),(47,6,1,60,'good','2000-12-15 11:55:00'),(48,6,1,60,'good','2000-12-15 11:55:00'),(49,6,1,60,'good','2000-12-15 11:55:00'),(50,6,1,60,'good','2000-12-15 11:55:00'),(51,6,1,60,'good','2000-12-15 11:55:00'),(52,6,1,60,'good','2000-12-15 11:55:00'),(53,6,1,60,'good','2000-12-15 11:55:00'),(54,6,1,60,'good','2000-12-15 11:55:00'),(55,6,1,60,'good','2000-12-15 11:55:00'),(56,6,1,60,'good','2000-12-15 11:55:00'),(57,6,1,60,'good','2000-12-15 11:55:00'),(58,6,1,60,'good','2000-12-15 11:55:00'),(59,6,1,60,'good','2000-12-15 11:55:00'),(60,6,1,60,'good','2000-12-15 11:55:00'),(61,6,1,60,'good','2000-12-15 11:55:00'),(62,6,1,60,'good','2000-12-15 11:55:00'),(63,6,1,60,'good','2000-12-15 11:55:00'),(64,6,1,60,'good','2000-12-15 11:55:00'),(65,6,1,60,'good','2000-12-15 11:55:00'),(66,6,1,60,'good','2000-12-15 11:55:00'),(67,6,1,60,'good','2000-12-15 11:55:00'),(68,6,1,60,'good','2000-12-15 11:55:00'),(69,6,1,60,'good','2000-12-15 11:55:00'),(70,6,1,60,'good','2000-12-15 11:55:00'),(71,6,1,60,'good','2000-12-15 11:55:00'),(72,6,1,60,'good','2000-12-15 11:55:00'),(73,6,1,60,'good','2000-12-15 11:55:00'),(74,6,1,60,'good','2000-12-15 11:55:00'),(75,6,1,60,'good','2000-12-15 11:55:00'),(76,6,1,60,'good','2000-12-15 11:55:00'),(77,6,1,60,'good','2000-12-15 11:55:00'),(78,6,1,60,'good','2000-12-15 11:55:00'),(79,6,1,60,'good','2000-12-15 11:55:00'),(80,6,1,60,'good','2000-12-15 11:55:00'),(81,6,1,60,'good','2000-12-15 11:55:00'),(82,6,1,60,'good','2000-12-15 11:55:00'),(83,6,1,60,'good','2000-12-15 11:55:00'),(84,6,1,60,'good','2000-12-15 11:55:00'),(85,6,1,60,'good','2000-12-15 11:55:00'),(86,6,1,60,'good','2000-12-15 11:55:00'),(87,6,1,60,'good','2000-12-15 11:55:00'),(88,6,1,60,'good','2000-12-15 11:55:00'),(89,6,1,60,'good','2000-12-15 11:55:00'),(90,6,1,60,'good','2000-12-15 11:55:00'),(91,6,1,60,'good','2000-12-15 11:55:00'),(92,6,1,60,'good','2000-12-15 11:55:00'),(93,6,1,60,'good','2000-12-15 11:55:00'),(94,6,1,60,'good','2000-12-15 11:55:00'),(95,6,1,60,'good','2000-12-15 11:55:00'),(96,6,1,60,'good','2000-12-15 11:55:00'),(97,6,1,60,'good','2000-12-15 11:55:00'),(98,6,1,60,'good','2000-12-15 11:55:00'),(99,6,1,60,'good','2000-12-15 11:55:00'),(100,6,1,60,'good','2000-12-15 11:55:00'),(101,6,1,60,'good','2000-12-15 11:55:00'),(102,6,1,60,'good','2000-12-15 11:55:00'),(103,6,1,60,'good','2000-12-15 11:55:00'),(104,6,1,60,'good','2000-12-15 11:55:00'),(105,6,1,60,'good','2000-12-15 11:55:00'),(106,6,1,60,'good','2000-12-15 11:55:00'),(107,6,1,60,'good','2000-12-15 11:55:00'),(108,6,1,60,'good','2000-12-15 11:55:00'),(109,6,1,60,'good','2000-12-15 11:55:00'),(110,6,1,60,'good','2000-12-15 11:55:00'),(111,6,1,60,'good','2000-12-15 11:55:00'),(112,6,1,60,'good','2000-12-15 11:55:00'),(113,6,1,60,'good','2000-12-15 11:55:00'),(114,6,1,60,'good','2000-12-15 11:55:00'),(115,6,1,60,'good','2000-12-15 11:55:00'),(116,6,1,60,'good','2000-12-15 11:55:00'),(117,6,1,60,'good','2000-12-15 11:55:00'),(118,6,1,60,'good','2000-12-15 11:55:00'),(119,6,1,60,'good','2000-12-15 11:55:00'),(120,6,1,60,'good','2000-12-15 11:55:00'),(121,6,1,60,'good','2000-12-15 11:55:00'),(122,6,1,60,'good','2000-12-15 11:55:00'),(123,6,1,60,'good','2000-12-15 11:55:00'),(124,6,1,60,'good','2000-12-15 11:55:00'),(125,6,1,60,'good','2000-12-15 11:55:00'),(126,6,1,60,'good','2000-12-15 11:55:00'),(127,6,1,60,'good','2000-12-15 11:55:00'),(128,6,1,60,'good','2000-12-15 11:55:00'),(129,6,1,60,'good','2000-12-15 11:55:00'),(130,6,1,60,'good','2000-12-15 11:55:00'),(131,6,1,60,'good','2000-12-15 11:55:00'),(132,6,1,60,'good','2000-12-15 11:55:00'),(133,6,1,60,'good','2000-12-15 11:55:00'),(134,6,1,60,'good','2000-12-15 11:55:00'),(135,6,1,60,'good','2000-12-15 11:55:00'),(136,6,1,60,'good','2000-12-15 11:55:00'),(137,6,1,60,'good','2000-12-15 11:55:00'),(138,6,1,60,'good','2000-12-15 11:55:00'),(139,6,1,60,'good','2000-12-15 11:55:00'),(140,6,1,60,'good','2000-12-15 11:55:00'),(141,6,1,60,'good','2000-12-15 11:55:00'),(142,6,1,60,'good','2000-12-15 11:55:00'),(143,6,1,60,'good','2000-12-15 11:55:00'),(144,6,1,60,'good','2000-12-15 11:55:00'),(145,6,1,60,'good','2000-12-15 11:55:00'),(146,6,1,60,'good','2000-12-15 11:55:00'),(147,6,1,60,'good','2000-12-15 11:55:00'),(148,6,1,60,'good','2000-12-15 11:55:00'),(149,6,1,60,'good','2000-12-15 11:55:00'),(150,6,1,60,'good','2000-12-15 11:55:00'),(151,6,1,60,'good','2000-12-15 11:55:00'),(152,6,1,60,'good','2000-12-15 11:55:00'),(153,6,1,60,'good','2000-12-15 11:55:00'),(154,6,1,60,'good','2000-12-15 11:55:00'),(155,6,1,60,'good','2000-12-15 11:55:00'),(156,6,1,60,'good','2000-12-15 11:55:00'),(157,6,1,60,'good','2000-12-15 11:55:00'),(158,6,1,60,'good','2000-12-15 11:55:00'),(159,6,1,60,'good','2000-12-15 11:55:00'),(160,6,1,60,'good','2000-12-15 11:55:00'),(161,6,1,60,'good','2000-12-15 11:55:00'),(162,6,1,60,'good','2000-12-15 11:55:00'),(163,6,1,60,'good','2000-12-15 11:55:00'),(164,6,1,60,'good','2000-12-15 11:55:00'),(165,6,1,60,'good','2000-12-15 11:55:00'),(166,6,1,60,'good','2000-12-15 11:55:00'),(167,6,1,60,'good','2000-12-15 11:55:00'),(168,6,1,60,'good','2000-12-15 11:55:00'),(169,6,1,60,'good','2000-12-15 11:55:00'),(170,6,1,60,'good','2000-12-15 11:55:00'),(171,6,1,60,'good','2000-12-15 11:55:00'),(172,6,1,60,'good','2000-12-15 11:55:00'),(173,6,1,60,'good','2000-12-15 11:55:00'),(174,6,1,60,'good','2000-12-15 11:55:00'),(175,6,1,60,'good','2000-12-15 11:55:00'),(176,6,1,60,'good','2000-12-15 11:55:00'),(177,6,1,60,'good','2000-12-15 11:55:00'),(178,6,1,60,'good','2000-12-15 11:55:00'),(179,6,1,60,'good','2000-12-15 11:55:00'),(180,6,1,60,'good','2000-12-15 11:55:00'),(181,6,1,60,'good','2000-12-15 11:55:00'),(182,6,1,60,'good','2000-12-15 11:55:00'),(183,6,1,60,'good','2000-12-15 11:55:00'),(184,6,1,60,'good','2000-12-15 11:55:00'),(185,6,1,60,'good','2000-12-15 11:55:00'),(186,6,1,60,'good','2000-12-15 11:55:00'),(187,6,1,60,'good','2000-12-15 11:55:00'),(188,6,1,60,'good','2000-12-15 11:55:00'),(189,6,1,60,'good','2000-12-15 11:55:00'),(190,6,1,60,'good','2000-12-15 11:55:00'),(191,6,1,60,'good','2000-12-15 11:55:00'),(192,6,1,60,'good','2000-12-15 11:55:00'),(193,6,1,60,'good','2000-12-15 11:55:00'),(194,6,1,60,'good','2000-12-15 11:55:00'),(195,6,1,60,'good','2000-12-15 11:55:00'),(196,6,1,60,'good','2000-12-15 11:55:00'),(197,6,1,60,'good','2000-12-15 11:55:00'),(198,6,1,60,'good','2000-12-15 11:55:00'),(199,6,1,60,'good','2000-12-15 11:55:00'),(200,6,1,60,'good','2000-12-15 11:55:00'),(201,6,1,60,'good','2000-12-15 11:55:00'),(202,6,1,60,'good','2000-12-15 11:55:00'),(203,6,1,60,'good','2000-12-15 11:55:00'),(204,6,1,60,'good','2000-12-15 11:55:00'),(205,6,1,60,'good','2000-12-15 11:55:00'),(206,6,1,60,'good','2000-12-15 11:55:00'),(207,6,1,60,'good','2000-12-15 11:55:00'),(208,6,1,60,'good','2000-12-15 11:55:00'),(209,6,1,60,'good','2000-12-15 11:55:00'),(210,6,1,60,'good','2000-12-15 11:55:00'),(211,6,1,60,'good','2000-12-15 11:55:00'),(212,6,1,60,'good','2000-12-15 11:55:00'),(213,6,1,60,'good','2000-12-15 11:55:00'),(214,6,1,60,'good','2000-12-15 11:55:00'),(215,6,1,60,'good','2000-12-15 11:55:00'),(216,6,1,60,'good','2000-12-15 11:55:00'),(217,6,1,60,'good','2000-12-15 11:55:00'),(218,6,1,60,'good','2000-12-15 11:55:00'),(219,6,1,60,'good','2000-12-15 11:55:00'),(220,6,1,60,'good','2000-12-15 11:55:00'),(221,6,1,60,'good','2000-12-15 11:55:00'),(222,6,1,60,'good','2000-12-15 11:55:00'),(223,6,1,60,'good','2000-12-15 11:55:00'),(224,6,1,60,'good','2000-12-15 11:55:00'),(225,6,1,60,'good','2000-12-15 11:55:00'),(226,6,1,60,'good','2000-12-15 11:55:00'),(227,6,1,60,'good','2000-12-15 11:55:00'),(228,6,1,60,'good','2000-12-15 11:55:00'),(229,6,1,60,'good','2000-12-15 11:55:00'),(230,6,1,60,'good','2000-12-15 11:55:00'),(231,6,1,60,'good','2000-12-15 11:55:00'),(232,6,1,60,'good','2000-12-15 11:55:00'),(233,6,1,60,'good','2000-12-15 11:55:00'),(234,6,1,60,'good','2000-12-15 11:55:00'),(235,6,1,60,'good','2000-12-15 11:55:00'),(236,6,1,60,'good','2000-12-15 11:55:00'),(237,6,1,60,'good','2000-12-15 11:55:00'),(238,6,1,60,'good','2000-12-15 11:55:00'),(239,6,1,60,'good','2000-12-15 11:55:00'),(240,6,1,60,'good','2000-12-15 11:55:00'),(241,6,1,60,'good','2000-12-15 11:55:00'),(242,6,1,60,'good','2000-12-15 11:55:00'),(243,6,1,60,'good','2000-12-15 11:55:00'),(244,6,1,60,'good','2000-12-15 11:55:00'),(245,6,1,60,'good','2000-12-15 11:55:00'),(246,6,1,60,'good','2000-12-15 11:55:00'),(247,6,1,60,'good','2000-12-15 11:55:00'),(248,6,1,60,'good','2000-12-15 11:55:00'),(249,6,1,60,'good','2000-12-15 11:55:00'),(250,6,1,60,'good','2000-12-15 11:55:00'),(251,6,1,60,'good','2000-12-15 11:55:00'),(252,6,1,60,'good','2000-12-15 11:55:00'),(253,6,1,60,'good','2000-12-15 11:55:00'),(254,6,1,60,'good','2000-12-15 11:55:00'),(255,6,1,60,'good','2000-12-15 11:55:00'),(256,6,1,60,'good','2000-12-15 11:55:00'),(257,6,1,60,'good','2000-12-15 11:55:00'),(258,6,1,60,'good','2000-12-15 11:55:00'),(259,6,1,60,'good','2000-12-15 11:55:00'),(260,6,1,60,'good','2000-12-15 11:55:00'),(261,6,1,60,'good','2000-12-15 11:55:00'),(262,6,1,60,'good','2000-12-15 11:55:00'),(263,6,1,60,'good','2000-12-15 11:55:00'),(264,6,1,60,'good','2000-12-15 11:55:00'),(265,6,1,60,'good','2000-12-15 11:55:00'),(266,6,1,60,'good','2000-12-15 11:55:00'),(267,6,1,60,'good','2000-12-15 11:55:00'),(268,6,1,60,'good','2000-12-15 11:55:00'),(269,6,1,60,'good','2000-12-15 11:55:00'),(270,6,1,60,'good','2000-12-15 11:55:00'),(271,6,1,60,'good','2000-12-15 11:55:00'),(272,6,1,60,'good','2000-12-15 11:55:00'),(273,6,1,60,'good','2000-12-15 11:55:00'),(274,6,1,60,'good','2000-12-15 11:55:00'),(275,6,1,60,'good','2000-12-15 11:55:00'),(276,6,1,60,'good','2000-12-15 11:55:00'),(277,6,1,60,'good','2000-12-15 11:55:00'),(278,6,1,60,'good','2000-12-15 11:55:00'),(279,6,1,60,'good','2000-12-15 11:55:00'),(280,6,1,60,'good','2000-12-15 11:55:00'),(281,6,1,60,'good','2000-12-15 11:55:00'),(282,6,1,60,'good','2000-12-15 11:55:00'),(283,6,1,60,'good','2000-12-15 11:55:00'),(284,6,1,60,'good','2000-12-15 11:55:00'),(285,6,1,60,'good','2000-12-15 11:55:00'),(286,6,1,60,'good','2000-12-15 11:55:00'),(287,6,1,60,'good','2000-12-15 11:55:00'),(288,6,1,60,'good','2000-12-15 11:55:00'),(289,6,1,60,'good','2000-12-15 11:55:00'),(290,6,1,60,'good','2000-12-15 11:55:00'),(291,6,1,60,'good','2000-12-15 11:55:00'),(292,6,1,60,'good','2000-12-15 11:55:00'),(293,6,1,60,'good','2000-12-15 11:55:00'),(294,6,1,60,'good','2000-12-15 11:55:00'),(295,6,1,60,'good','2000-12-15 11:55:00'),(296,6,1,60,'good','2000-12-15 11:55:00'),(297,6,1,60,'good','2000-12-15 11:55:00'),(298,6,1,60,'good','2000-12-15 11:55:00'),(299,6,1,60,'good','2000-12-15 11:55:00'),(300,6,1,60,'good','2000-12-15 11:55:00'),(301,6,1,60,'good','2000-12-15 11:55:00'),(302,6,1,60,'good','2000-12-15 11:55:00'),(303,6,1,60,'good','2000-12-15 11:55:00'),(304,6,1,60,'good','2000-12-15 11:55:00'),(305,6,1,60,'good','2000-12-15 11:55:00'),(306,6,1,60,'good','2000-12-15 11:55:00'),(307,6,1,60,'good','2000-12-15 11:55:00'),(308,6,1,60,'good','2000-12-15 11:55:00'),(309,6,1,60,'good','2000-12-15 11:55:00'),(310,6,1,60,'good','2000-12-15 11:55:00'),(311,6,1,60,'good','2000-12-15 11:55:00'),(312,6,1,60,'good','2000-12-15 11:55:00'),(313,6,1,60,'good','2000-12-15 11:55:00'),(314,6,1,60,'good','2000-12-15 11:55:00'),(315,6,1,60,'good','2000-12-15 11:55:00'),(316,6,1,60,'good','2000-12-15 11:55:00'),(317,6,1,60,'good','2000-12-15 11:55:00'),(318,6,1,60,'good','2000-12-15 11:55:00'),(319,6,1,60,'good','2000-12-15 11:55:00'),(320,6,1,60,'good','2000-12-15 11:55:00'),(321,6,1,60,'good','2000-12-15 11:55:00'),(322,6,1,60,'good','2000-12-15 11:55:00'),(323,6,1,60,'good','2000-12-15 11:55:00'),(324,6,1,60,'good','2000-12-15 11:55:00'),(325,6,1,60,'good','2000-12-15 11:55:00'),(326,6,1,60,'good','2000-12-15 11:55:00'),(327,6,1,60,'good','2000-12-15 11:55:00'),(328,6,1,60,'good','2000-12-15 11:55:00'),(329,6,1,60,'good','2000-12-15 11:55:00'),(330,6,1,60,'good','2000-12-15 11:55:00'),(331,6,1,60,'good','2000-12-15 11:55:00'),(332,6,1,60,'good','2000-12-15 11:55:00'),(333,6,1,60,'good','2000-12-15 11:55:00'),(334,6,1,60,'good','2000-12-15 11:55:00'),(335,6,1,60,'good','2000-12-15 11:55:00'),(336,6,1,60,'good','2000-12-15 11:55:00'),(337,6,1,60,'good','2000-12-15 11:55:00'),(338,6,1,60,'good','2000-12-15 11:55:00'),(339,6,1,60,'good','2000-12-15 11:55:00'),(340,6,1,60,'good','2000-12-15 11:55:00'),(341,6,1,60,'good','2000-12-15 11:55:00'),(342,6,1,60,'good','2000-12-15 11:55:00'),(343,6,1,60,'good','2000-12-15 11:55:00'),(344,6,1,60,'good','2000-12-15 11:55:00'),(345,6,1,60,'good','2000-12-15 11:55:00'),(346,6,1,60,'good','2000-12-15 11:55:00'),(347,6,1,60,'good','2000-12-15 11:55:00'),(348,6,1,60,'good','2000-12-15 11:55:00'),(349,6,1,60,'good','2000-12-15 11:55:00'),(350,6,1,60,'good','2000-12-15 11:55:00'),(351,6,1,60,'good','2000-12-15 11:55:00'),(352,6,1,60,'good','2000-12-15 11:55:00'),(353,6,1,60,'good','2000-12-15 11:55:00'),(354,6,1,60,'good','2000-12-15 11:55:00'),(355,6,1,60,'good','2000-12-15 11:55:00'),(356,6,1,60,'good','2000-12-15 11:55:00'),(357,6,1,60,'good','2000-12-15 11:55:00'),(358,6,1,60,'good','2000-12-15 11:55:00'),(359,6,1,60,'good','2000-12-15 11:55:00'),(360,6,1,60,'good','2000-12-15 11:55:00');
/*!40000 ALTER TABLE `sigcable` ENABLE KEYS */;
UNLOCK TABLES;

--
-- Table structure for table `status_change`
--

DROP TABLE IF EXISTS `status_change`;
/*!40101 SET @saved_cs_client     = @@character_set_client */;
/*!40101 SET character_set_client = utf8 */;
CREATE TABLE `status_change` (
  `statchangeid` smallint(5) unsigned NOT NULL AUTO_INCREMENT,
  `dateofentry` timestamp NOT NULL DEFAULT CURRENT_TIMESTAMP,
  `runno` smallint(5) unsigned NOT NULL,
  `status_change_type` enum('broke','fixed') NOT NULL,
  `problem_type` enum('hvchannel','hvpin','lvfuse','signalconnector','ind.wire_dead','ind.wire_hot') NOT NULL,
  `region` enum('1','2','3') NOT NULL,
  `sector` enum('1','2','3','4','5','6') NOT NULL,
  `superlayer` enum('1','2','3','4','5','6') NOT NULL,
  `loclayer` enum('1','2','3','4','5','6') DEFAULT NULL,
  `locwire` enum('1','2','3','4','5','6','7','8','9','10','11','12','13','14','15','16','17','18','19','20','21','22','23','24','25','26','27','28','29','30','31','32','33','34','35','36','37','38','39','40','41','42','43','44','45','46','47','48','49','50','51','52','53','54','55','56','57','58','59','60','61','62','63','64','65','66','67','68','69','70','71','72','73','74','75','76','77','78','79','80','81','82','83','84','85','86','87','88','89','90','91','92','93','94','95','96','97','98','99','100','101','102','103','104','105','106','107','108','109','110','111','112') DEFAULT NULL,
  `hvcrateid` enum('1','2','3','4') DEFAULT NULL,
  `hvslotid` enum('0','1','2','3','4','5','6','7','8','9') DEFAULT NULL,
  `hvchannelid` enum('1','2','3','4','5','6','7','8','9','10','11','12','13','14','15','16','17','18','19','20','21','22','23','24') DEFAULT NULL,
  `hvpinid_region` enum('forward','backward') DEFAULT NULL,
  `hvpinid_quad` enum('1','2','3') DEFAULT NULL,
  `hvpinid_doublet` enum('1','2') DEFAULT NULL,
  `hvpinid_doublethalf` enum('1','2') DEFAULT NULL,
  `hvpinid_pin` enum('1','2','3','4','5','6','7','8','9') DEFAULT NULL,
  `dcrbconnectorid_slot` enum('4','5','6','7','8','9','10','13','14','15','16','17','18','19') DEFAULT NULL,
  `dcrbconnectorid_connector` enum('1','2','3','4','5','6') DEFAULT NULL,
  `lvfuseid_row` enum('1','2','3','4','5','6') DEFAULT NULL,
  `lvfuseid_col` enum('1','2','3','4','5','6','7') DEFAULT NULL,
  PRIMARY KEY (`statchangeid`)
) ENGINE=InnoDB AUTO_INCREMENT=3509 DEFAULT CHARSET=utf8;
/*!40101 SET character_set_client = @saved_cs_client */;

--
-- Dumping data for table `status_change`
--

LOCK TABLES `status_change` WRITE;
/*!40000 ALTER TABLE `status_change` DISABLE KEYS */;
INSERT INTO `status_change` VALUES (3,'2017-06-29 13:22:42',0,'broke','ind.wire_hot','1','2','1','1','1',NULL,NULL,NULL,NULL,NULL,NULL,NULL,NULL,NULL,NULL,NULL,NULL),(4,'2017-06-29 13:22:44',0,'fixed','ind.wire_hot','1','2','1','1','1',NULL,NULL,NULL,NULL,NULL,NULL,NULL,NULL,NULL,NULL,NULL,NULL);
/*!40000 ALTER TABLE `status_change` ENABLE KEYS */;
UNLOCK TABLES;

--
-- Table structure for table `stbadbmap`
--

DROP TABLE IF EXISTS `stbadbmap`;
/*!40101 SET @saved_cs_client     = @@character_set_client */;
/*!40101 SET character_set_client = utf8 */;
CREATE TABLE `stbadbmap` (
  `suplayer` tinyint(3) unsigned NOT NULL DEFAULT '0',
  `stbboardloc` tinyint(3) unsigned NOT NULL DEFAULT '0',
  `stbconnector` tinyint(3) unsigned NOT NULL DEFAULT '0',
  `adbslot` tinyint(3) unsigned NOT NULL DEFAULT '0',
  `adbconnector` tinyint(3) unsigned NOT NULL DEFAULT '0',
  `stbboardid` smallint(5) unsigned NOT NULL DEFAULT '0',
  `sigcableid` smallint(5) unsigned NOT NULL DEFAULT '0',
  `sigcablename` char(6) DEFAULT NULL,
  PRIMARY KEY (`suplayer`,`stbboardloc`,`stbconnector`)
) ENGINE=MyISAM DEFAULT CHARSET=latin1;
/*!40101 SET character_set_client = @saved_cs_client */;

--
-- Dumping data for table `stbadbmap`
--

LOCK TABLES `stbadbmap` WRITE;
/*!40000 ALTER TABLE `stbadbmap` DISABLE KEYS */;
INSERT INTO `stbadbmap` VALUES (2,1,1,1,1,1,1,'ax1.1'),(2,1,2,1,2,1,2,'ax1.2'),(2,1,3,1,3,1,3,'ax1.3'),(2,2,1,1,4,2,4,'ax2.1'),(2,2,2,1,5,2,5,'ax2.2'),(2,2,3,1,6,2,6,'ax2.3'),(2,3,1,2,1,3,7,'ax3.1'),(2,3,2,2,2,3,8,'ax3.2'),(2,3,3,2,3,3,9,'ax3.3'),(2,4,1,2,4,4,10,'ax4.1'),(2,4,2,2,5,4,11,'ax4.2'),(2,4,3,2,6,4,12,'ax4.3'),(2,5,1,3,1,5,13,'ax4.4'),(2,5,2,3,2,5,14,'ax4.5'),(2,5,3,3,3,5,15,'ax4.6'),(2,6,1,3,4,6,16,'ax5.1'),(2,6,2,3,5,6,17,'ax5.2'),(2,6,3,3,6,6,18,'ax5.3'),(2,7,1,4,1,7,19,'ax5.4'),(2,7,2,4,2,7,20,'ax5.5'),(2,7,3,4,3,7,21,'ax5.6'),(2,8,1,4,4,8,22,'ax6.1'),(2,8,2,4,5,8,23,'ax6.2'),(2,8,3,4,6,8,24,'ax6.3'),(2,9,1,5,1,9,25,'ax6.4'),(2,9,2,5,2,9,26,'ax6.5'),(2,9,3,5,3,9,27,'ax6.6'),(2,10,1,5,4,10,28,'ax7.1'),(2,10,2,5,5,10,29,'ax7.2'),(2,10,3,5,6,10,30,'ax7.3'),(2,11,1,6,1,11,31,'ax7.4'),(2,11,2,6,2,11,32,'ax7.5'),(2,11,3,6,3,11,33,'ax7.6'),(2,12,1,6,4,12,34,'ax8.1'),(2,12,2,6,5,12,35,'ax8.2'),(2,12,3,6,6,12,36,'ax8.3'),(2,13,1,7,1,13,37,'ax8.4'),(2,13,2,7,2,13,38,'ax8.5'),(2,13,3,7,3,13,39,'ax8.6'),(2,14,1,7,4,14,40,'ax9.1'),(2,14,2,7,5,14,41,'ax9.2'),(2,14,3,7,6,14,42,'ax9.3'),(2,15,1,8,1,15,43,'ax9.4'),(2,15,2,8,2,15,44,'ax9.5'),(2,15,3,8,3,15,45,'ax9.6'),(1,1,1,8,4,1,46,'st1.1'),(1,1,2,8,5,1,47,'st2.1'),(1,1,3,8,6,1,48,'st2.2'),(1,2,1,9,1,2,49,'st3.1'),(1,2,2,9,2,2,50,'st3.2'),(1,2,3,9,3,2,51,'st4.1'),(1,3,1,9,4,3,52,'st4.2'),(1,3,2,9,5,3,53,'st4.3'),(1,3,3,9,6,3,54,'st4.4'),(1,4,1,10,1,4,55,'st5.1'),(1,4,2,10,2,4,56,'st5.2'),(1,4,3,10,3,4,57,'st5.3'),(1,5,1,10,4,5,58,'st6.1'),(1,5,2,10,5,5,59,'st6.2'),(1,5,3,10,6,5,60,'st6.3'),(1,6,1,11,1,6,61,'st6.4'),(1,6,2,11,2,6,62,'st7.1'),(1,6,3,11,3,6,63,'st7.2'),(1,7,1,11,4,7,64,'st7.3'),(1,7,2,11,5,7,65,'st7.4'),(1,7,3,11,6,7,66,'st8.1'),(1,8,1,12,1,8,67,'st8.2'),(1,8,2,12,2,8,68,'st8.3'),(1,8,3,12,3,8,69,'st8.4'),(1,9,1,12,4,9,70,'st9.1'),(1,9,2,12,5,9,71,'st9.2'),(1,9,3,12,6,9,72,'st9.3'),(3,1,1,1,1,1,73,'ax1.1'),(3,1,2,1,2,1,74,'ax1.2'),(3,1,3,1,3,1,75,'ax1.3'),(3,2,1,1,4,2,76,'ax1.4'),(3,2,2,1,5,2,77,'ax1.5'),(3,2,3,1,6,2,78,'ax1.6'),(3,3,1,2,1,3,79,'ax2.1'),(3,3,2,2,2,3,80,'ax2.2'),(3,3,3,2,3,3,81,'ax2.3'),(3,4,1,2,4,4,82,'ax2.4'),(3,4,2,2,5,4,83,'ax2.5'),(3,4,3,2,6,4,84,'ax2.6'),(3,5,1,3,1,5,85,'ax3.1'),(3,5,2,3,2,5,86,'ax3.2'),(3,5,3,3,3,5,87,'ax3.3'),(3,6,1,3,4,6,88,'ax3.4'),(3,6,2,3,5,6,89,'ax3.5'),(3,6,3,3,6,6,90,'ax3.6'),(3,7,1,4,1,7,91,'ax4.1'),(3,7,2,4,2,7,92,'ax4.2'),(3,7,3,4,3,7,93,'ax4.3'),(3,8,1,4,4,8,94,'ax4.4'),(3,8,2,4,5,8,95,'ax4.5'),(3,8,3,4,6,8,96,'ax4.6'),(3,9,1,5,1,9,97,'ax5.1'),(3,9,2,5,2,9,98,'ax5.2'),(3,9,3,5,3,9,99,'ax5.3'),(3,10,1,5,4,10,100,'ax5.4'),(3,10,2,5,5,10,101,'ax5.5'),(3,10,3,5,6,10,102,'ax5.6'),(3,11,1,6,1,11,103,'ax6.1'),(3,11,2,6,2,11,104,'ax6.2'),(3,11,3,6,3,11,105,'ax6.3'),(3,12,1,6,4,12,106,'ax6.4'),(3,12,2,6,5,12,107,'ax6.5'),(3,12,3,6,6,12,108,'ax6.6'),(3,13,1,7,1,13,109,'ax7.1'),(3,13,2,7,2,13,110,'ax7.2'),(3,13,3,7,3,13,111,'ax7.3'),(3,14,1,7,4,14,112,'ax7.4'),(3,14,2,7,5,14,113,'ax7.5'),(3,14,3,7,6,14,114,'ax7.6'),(3,15,1,8,1,15,115,'ax8.1'),(3,15,2,8,2,15,116,'ax8.2'),(3,15,3,8,3,15,117,'ax8.3'),(3,16,1,8,4,16,118,'ax8.4'),(3,16,2,8,5,16,119,'ax8.5'),(3,16,3,8,6,16,120,'ax8.6'),(3,17,1,9,1,17,121,'ax9.1'),(3,17,2,9,2,17,122,'ax9.2'),(3,17,3,9,3,17,123,'ax9.3'),(3,18,1,9,4,18,124,'ax9.4'),(3,18,2,9,5,18,125,'ax9.5'),(3,18,3,9,6,18,126,'ax9.6'),(3,19,1,10,1,19,127,'ax10.1'),(3,19,2,10,2,19,128,'ax10.2'),(3,19,3,10,3,19,129,'ax10.3'),(3,20,1,10,4,20,130,'ax10.4'),(3,20,2,10,5,20,131,'ax10.5'),(3,20,3,10,6,20,132,'ax10.6'),(3,21,1,11,1,21,133,'ax11.1'),(3,21,2,11,2,21,134,'ax11.2'),(3,21,3,11,3,21,135,'ax11.3'),(3,22,1,11,4,22,136,'ax11.4'),(3,22,2,11,5,22,137,'ax11.5'),(3,22,3,11,6,22,138,'ax11.6'),(3,23,1,12,1,23,139,'ax12.1'),(3,23,2,12,2,23,140,'ax12.2'),(3,23,3,12,3,23,141,'ax12.3'),(3,24,1,12,4,24,142,'ax12.4'),(3,24,2,12,5,24,143,'ax12.5'),(3,24,3,12,6,24,144,'ax12.6'),(4,1,1,1,1,1,145,'st0.1'),(4,1,2,1,2,1,146,'st0.2'),(4,2,1,1,3,2,147,'st1.1'),(4,2,2,1,4,2,148,'st1.2'),(4,2,3,1,5,2,149,'st1.3'),(4,3,1,1,6,3,150,'st1.4'),(4,3,2,2,1,3,151,'st1.5'),(4,3,3,2,2,3,152,'st1.6'),(4,4,1,2,3,4,153,'st2.1'),(4,4,2,2,4,4,154,'st2.2'),(4,4,3,2,5,4,155,'st2.3'),(4,5,1,2,6,5,156,'st2.4'),(4,5,2,3,1,5,157,'st2.5'),(4,5,3,3,2,5,158,'st2.6'),(4,6,1,3,3,6,159,'st3.1'),(4,6,2,3,4,6,160,'st3.2'),(4,6,3,3,5,6,161,'st3.3'),(4,7,1,3,6,7,162,'st3.4'),(4,7,2,4,1,7,163,'st3.5'),(4,7,3,4,2,7,164,'st3.6'),(4,8,1,4,3,8,165,'st4.1'),(4,8,2,4,4,8,166,'st4.2'),(4,8,3,4,5,8,167,'st4.3'),(4,9,1,4,6,9,168,'st4.4'),(4,9,2,5,1,9,169,'st4.5'),(4,9,3,5,2,9,170,'st4.5'),(4,10,1,5,3,10,171,'st5.1'),(4,10,2,5,4,10,172,'st5.2'),(4,10,3,5,5,10,173,'st5.3'),(4,11,1,5,6,11,174,'st5.4'),(4,11,2,6,1,11,175,'st5.5'),(4,11,3,6,2,11,176,'st5.6'),(4,12,1,6,3,12,177,'st6.1'),(4,12,2,6,4,12,178,'st6.2'),(4,12,3,6,5,12,179,'st6.3'),(4,13,1,6,6,13,180,'st6.4'),(4,13,2,7,1,13,181,'st6.5'),(4,13,3,7,2,13,182,'st6.6'),(4,14,1,7,3,14,183,'st7.1'),(4,14,2,7,4,14,184,'st7.2'),(4,14,3,7,5,14,185,'st7.3'),(4,15,1,7,6,15,186,'st7.4'),(4,15,2,8,1,15,187,'st7.5'),(4,15,3,8,2,15,188,'st7.6'),(4,16,1,8,3,16,189,'st8.1'),(4,16,2,8,4,16,190,'st8.2'),(4,16,3,8,5,16,191,'st8.3'),(4,17,1,8,6,17,192,'st8.4'),(4,17,2,9,1,17,193,'st8.5'),(4,17,3,9,2,17,194,'st8.6'),(4,18,1,9,3,18,195,'st9.1'),(4,18,2,9,4,18,196,'st9.2'),(4,18,3,9,5,18,197,'st9.3'),(4,19,1,9,6,19,198,'st9.4'),(4,19,2,10,1,19,199,'st9.5'),(4,19,3,10,2,19,200,'st9.6'),(4,20,1,10,3,20,201,'st10.1'),(4,20,2,10,4,20,202,'st10.2'),(4,20,3,10,5,20,203,'st10.3'),(4,21,1,10,6,21,204,'st10.4'),(4,21,2,11,1,21,205,'st10.5'),(4,21,3,11,2,21,206,'st10.6'),(4,22,1,11,3,22,207,'st11.1'),(4,22,2,11,4,22,208,'st11.2'),(4,22,3,11,5,22,209,'st11.3'),(4,23,1,11,6,23,210,'st11.4'),(4,23,2,12,1,23,211,'st11.5'),(4,23,3,12,2,23,212,'st11.6'),(4,24,1,12,3,24,213,'st12.1'),(4,24,2,12,4,24,214,'st12.2'),(4,24,3,12,5,24,215,'st12.3'),(4,25,1,12,6,25,216,'st12.4'),(5,1,1,1,6,1,217,'ax1.1'),(5,1,2,1,5,1,218,'ax1.2'),(5,1,3,1,4,1,219,'ax1.3'),(5,2,1,1,3,2,220,'ax2.1'),(5,2,2,1,2,2,221,'ax2.2'),(5,2,3,1,1,2,222,'ax2.3'),(5,3,1,2,6,3,223,'ax3.1'),(5,3,2,2,5,3,224,'ax3.2'),(5,3,3,2,4,3,225,'ax3.3'),(5,4,1,2,3,4,226,'ax4.1'),(5,4,2,2,2,4,227,'ax4.2'),(5,4,3,2,1,4,228,'ax4.3'),(5,5,1,3,6,5,229,'ax5.1'),(5,5,2,3,5,5,230,'ax5.2'),(5,5,3,3,4,5,231,'ax5.3'),(5,6,1,3,3,6,232,'ax6.1'),(5,6,2,3,2,6,233,'ax6.2'),(5,6,3,3,1,6,234,'ax6.3'),(5,7,1,4,6,7,235,'ax7.1'),(5,7,2,4,5,7,236,'ax7.2'),(5,7,3,4,4,7,237,'ax7.3'),(5,8,1,4,3,8,238,'ax8.1'),(5,8,2,4,2,8,239,'ax8.2'),(5,8,3,4,1,8,240,'ax8.3'),(5,9,1,5,6,9,241,'ax9.1'),(5,9,2,5,5,9,242,'ax9.2'),(5,9,3,5,4,9,243,'ax9.3'),(5,10,1,5,3,10,244,'ax10.1'),(5,10,2,5,2,10,245,'ax10.2'),(5,10,3,5,1,10,246,'ax10.3'),(5,11,1,6,6,11,247,'ax11.1'),(5,11,2,6,5,11,248,'ax11.2'),(5,11,3,6,4,11,249,'ax11.3'),(5,12,1,6,3,12,250,'ax12.1'),(5,12,2,6,2,12,251,'ax12.2'),(5,12,3,6,1,12,252,'ax12.3'),(5,13,1,7,6,13,253,'ax13.1'),(5,13,2,7,5,13,254,'ax13.2'),(5,13,3,7,4,13,255,'ax13.3'),(5,14,1,7,3,14,256,'ax14.1'),(5,14,2,7,2,14,257,'ax14.2'),(5,14,3,7,1,14,258,'ax14.3'),(5,15,1,8,6,15,259,'ax15.1'),(5,15,2,8,5,15,260,'ax15.2'),(5,15,3,8,4,15,261,'ax15.3'),(5,16,1,8,3,16,262,'ax16.1'),(5,16,2,8,2,16,263,'ax16.2'),(5,16,3,8,1,16,264,'ax16.3'),(5,17,1,9,6,17,265,'ax17.1'),(5,17,2,9,5,17,266,'ax17.2'),(5,17,3,9,4,17,267,'ax17.3'),(5,18,1,9,3,18,268,'ax18.1'),(5,18,2,9,2,18,269,'ax18.2'),(5,18,3,9,1,18,270,'ax18.3'),(5,19,1,10,6,19,271,'ax19.1'),(5,19,2,10,5,19,272,'ax19.2'),(5,19,3,10,4,19,273,'ax19.3'),(5,20,1,10,3,20,274,'ax20.1'),(5,20,2,10,2,20,275,'ax20.2'),(5,20,3,10,1,20,276,'ax20.3'),(5,21,1,11,6,21,277,'ax21.1'),(5,21,2,11,5,21,278,'ax21.2'),(5,21,3,11,4,21,279,'ax21.3'),(5,22,1,11,3,22,280,'ax22.1'),(5,22,2,11,2,22,281,'ax22.2'),(5,22,3,11,1,22,282,'ax22.3'),(5,23,1,12,6,23,283,'ax23.1'),(5,23,2,12,5,23,284,'ax23.2'),(5,23,3,12,4,23,285,'ax23.3'),(5,24,1,12,3,24,286,'ax24.1'),(5,24,2,12,2,24,287,'ax24.2'),(5,24,3,12,1,24,288,'ax24.3'),(6,1,1,1,1,1,289,'st1.1'),(6,1,2,1,2,1,290,'st1.2'),(6,1,3,1,3,1,291,'st1.3'),(6,2,1,1,4,2,292,'st2.1'),(6,2,2,1,5,2,293,'st2.2'),(6,2,3,1,6,2,294,'st2.3'),(6,3,1,2,1,3,295,'st3.1'),(6,3,2,2,2,3,296,'st3.2'),(6,3,3,2,3,3,297,'st3.3'),(6,4,1,2,4,4,298,'st4.1'),(6,4,2,2,5,4,299,'st4.2'),(6,4,3,2,6,4,300,'st4.3'),(6,5,1,3,1,5,301,'st5.1'),(6,5,2,3,2,5,302,'st5.2'),(6,5,3,3,3,5,303,'st5.3'),(6,6,1,3,4,6,304,'st6.1'),(6,6,2,3,5,6,305,'st6.2'),(6,6,3,3,6,6,306,'st6.3'),(6,7,1,4,1,7,307,'st7.1'),(6,7,2,4,2,7,308,'st7.2'),(6,7,3,4,3,7,309,'st7.3'),(6,8,1,4,4,8,310,'st8.1'),(6,8,2,4,5,8,311,'st8.2'),(6,8,3,4,6,8,312,'st8.3'),(6,9,1,5,1,9,313,'st9.1'),(6,9,2,5,2,9,314,'st9.2'),(6,9,3,5,3,9,315,'st9.3'),(6,10,1,5,4,10,316,'st10.1'),(6,10,2,5,5,10,317,'st10.2'),(6,10,3,5,6,10,318,'st10.3'),(6,11,1,6,1,11,319,'st11.1'),(6,11,2,6,2,11,320,'st11.2'),(6,11,3,6,3,11,321,'st11.3'),(6,12,1,6,4,12,322,'st12.1'),(6,12,2,6,5,12,323,'st12.2'),(6,12,3,6,6,12,324,'st12.3'),(6,13,1,7,1,13,325,'st13.1'),(6,13,2,7,2,13,326,'st13.2'),(6,13,3,7,3,13,327,'st13.3'),(6,14,1,7,4,14,328,'st14.1'),(6,14,2,7,5,14,329,'st14.2'),(6,14,3,7,6,14,330,'st14.3'),(6,15,1,8,1,15,331,'st15.1'),(6,15,2,8,2,15,332,'st15.2'),(6,15,3,8,3,15,333,'st15.3'),(6,16,1,8,4,16,334,'st16.1'),(6,16,2,8,5,16,335,'st16.2'),(6,16,3,8,6,16,336,'st16.3'),(6,17,1,9,1,17,337,'st17.1'),(6,17,2,9,2,17,338,'st17.2'),(6,17,3,9,3,17,339,'st17.3'),(6,18,1,9,4,18,340,'st18.1'),(6,18,2,9,5,18,341,'st18.2'),(6,18,3,9,6,18,342,'st18.3'),(6,19,1,10,1,19,343,'st19.1'),(6,19,2,10,2,19,344,'st19.2'),(6,19,3,10,3,19,345,'st19.3'),(6,20,1,10,4,20,346,'st20.1'),(6,20,2,10,5,20,347,'st20.2'),(6,20,3,10,6,20,348,'st20.3'),(6,21,1,11,1,21,349,'st21.1'),(6,21,2,11,2,21,350,'st21.2'),(6,21,3,11,3,21,351,'st21.3'),(6,22,1,11,4,22,352,'st22.1'),(6,22,2,11,5,22,353,'st22.2'),(6,22,3,11,6,22,354,'st22.3'),(6,23,1,12,1,23,355,'st23.1'),(6,23,2,12,2,23,356,'st23.2'),(6,23,3,12,3,23,357,'st23.3'),(6,24,1,12,4,24,358,'st24.1'),(6,24,2,12,5,24,359,'st24.2'),(6,24,3,12,6,24,360,'st24.3');
/*!40000 ALTER TABLE `stbadbmap` ENABLE KEYS */;
UNLOCK TABLES;

--
-- Table structure for table `stbboard`
--

DROP TABLE IF EXISTS `stbboard`;
/*!40101 SET @saved_cs_client     = @@character_set_client */;
/*!40101 SET character_set_client = utf8 */;
CREATE TABLE `stbboard` (
  `id` tinyint(3) unsigned NOT NULL DEFAULT '0',
  `sector` tinyint(3) unsigned NOT NULL DEFAULT '0',
  `suplayer` tinyint(3) unsigned NOT NULL DEFAULT '0',
  `statchangeid` int(11) NOT NULL AUTO_INCREMENT,
  `lvfusenum` tinyint(3) unsigned NOT NULL DEFAULT '0',
  `status` enum('good','bad','swapped') NOT NULL DEFAULT 'good',
  `datebegstatus` datetime DEFAULT NULL,
  PRIMARY KEY (`id`,`sector`,`suplayer`,`statchangeid`)
) ENGINE=MyISAM DEFAULT CHARSET=latin1;
/*!40101 SET character_set_client = @saved_cs_client */;

--
-- Dumping data for table `stbboard`
--

LOCK TABLES `stbboard` WRITE;
/*!40000 ALTER TABLE `stbboard` DISABLE KEYS */;
INSERT INTO `stbboard` VALUES (1,1,1,1,2,'good','2003-01-14 10:45:00'),(2,1,1,1,3,'good','2003-01-14 10:45:00'),(3,1,1,1,4,'good','2003-01-14 10:45:00'),(4,1,1,1,5,'good','2003-01-14 10:45:00'),(5,1,1,1,6,'good','2003-01-14 10:45:00'),(6,1,1,1,7,'good','2003-01-14 10:45:00'),(7,1,1,1,8,'good','2003-01-14 10:45:00'),(8,1,1,1,9,'good','2003-01-14 10:45:00'),(9,1,1,1,10,'good','2003-01-14 10:45:00'),(10,1,1,1,11,'good','2003-01-14 10:45:00'),(11,1,1,1,12,'good','2003-01-14 10:45:00'),(12,1,1,1,13,'good','2003-01-14 10:45:00'),(13,1,1,1,14,'good','2003-01-14 10:45:00'),(14,1,1,1,15,'good','2003-01-14 10:45:00'),(15,1,1,1,16,'good','2003-01-14 10:45:00'),(16,1,1,1,17,'good','2003-01-14 10:45:00'),(17,1,1,1,18,'good','2003-01-14 10:45:00'),(18,1,1,1,19,'good','2003-01-14 10:45:00'),(19,1,1,1,20,'good','2003-01-14 10:45:00'),(20,1,1,1,21,'good','2003-01-14 10:45:00'),(21,1,1,1,22,'good','2003-01-14 10:45:00'),(22,1,1,1,23,'good','2003-01-14 10:45:00'),(23,1,1,1,24,'good','2003-01-14 10:45:00'),(24,1,1,1,24,'good','2003-01-14 10:45:00'),(1,1,2,1,1,'good','2003-01-14 10:45:00'),(2,1,2,1,2,'good','2003-01-14 10:45:00'),(3,1,2,1,3,'good','2003-01-14 10:45:00'),(4,1,2,1,4,'good','2003-01-14 10:45:00'),(5,1,2,1,5,'good','2003-01-14 10:45:00'),(6,1,2,1,6,'good','2003-01-14 10:45:00'),(7,1,2,1,7,'good','2003-01-14 10:45:00'),(8,1,2,1,8,'good','2003-01-14 10:45:00'),(9,1,2,1,9,'good','2003-01-14 10:45:00'),(10,1,2,1,10,'good','2003-01-14 10:45:00'),(11,1,2,1,11,'good','2003-01-14 10:45:00'),(12,1,2,1,12,'good','2003-01-14 10:45:00'),(13,1,2,1,13,'good','2003-01-14 10:45:00'),(14,1,2,1,14,'good','2003-01-14 10:45:00'),(15,1,2,1,15,'good','2003-01-14 10:45:00'),(16,1,2,1,16,'good','2003-01-14 10:45:00'),(17,1,2,1,17,'good','2003-01-14 10:45:00'),(18,1,2,1,18,'good','2003-01-14 10:45:00'),(19,1,2,1,19,'good','2003-01-14 10:45:00'),(20,1,2,1,20,'good','2003-01-14 10:45:00'),(21,1,2,1,21,'good','2003-01-14 10:45:00'),(22,1,2,1,22,'good','2003-01-14 10:45:00'),(23,1,2,1,23,'good','2003-01-14 10:45:00'),(24,1,2,1,24,'good','2003-01-14 10:45:00'),(1,1,3,1,1,'good','2003-01-14 10:45:00'),(2,1,3,1,2,'good','2003-01-14 10:45:00'),(3,1,3,1,3,'good','2003-01-14 10:45:00'),(4,1,3,1,4,'good','2003-01-14 10:45:00'),(5,1,3,1,5,'good','2003-01-14 10:45:00'),(6,1,3,1,6,'good','2003-01-14 10:45:00'),(7,1,3,1,7,'good','2003-01-14 10:45:00'),(8,1,3,1,8,'good','2003-01-14 10:45:00'),(9,1,3,1,9,'good','2003-01-14 10:45:00'),(10,1,3,1,10,'good','2003-01-14 10:45:00'),(11,1,3,1,11,'good','2003-01-14 10:45:00'),(12,1,3,1,12,'good','2003-01-14 10:45:00'),(13,1,3,1,13,'good','2003-01-14 10:45:00'),(14,1,3,1,14,'good','2003-01-14 10:45:00'),(15,1,3,1,15,'good','2003-01-14 10:45:00'),(16,1,3,1,16,'good','2003-01-14 10:45:00'),(17,1,3,1,17,'good','2003-01-14 10:45:00'),(18,1,3,1,18,'good','2003-01-14 10:45:00'),(19,1,3,1,19,'good','2003-01-14 10:45:00'),(20,1,3,1,20,'good','2003-01-14 10:45:00'),(21,1,3,1,21,'good','2003-01-14 10:45:00'),(22,1,3,1,22,'good','2003-01-14 10:45:00'),(23,1,3,1,23,'good','2003-01-14 10:45:00'),(24,1,3,1,24,'good','2003-01-14 10:45:00'),(1,1,4,1,2,'good','2003-01-14 10:45:00'),(2,1,4,1,3,'good','2003-01-14 10:45:00'),(3,1,4,1,4,'good','2003-01-14 10:45:00'),(4,1,4,1,5,'good','2003-01-14 10:45:00'),(5,1,4,1,6,'good','2003-01-14 10:45:00'),(6,1,4,1,7,'good','2003-01-14 10:45:00'),(7,1,4,1,8,'good','2003-01-14 10:45:00'),(8,1,4,1,9,'good','2003-01-14 10:45:00'),(9,1,4,1,10,'good','2003-01-14 10:45:00'),(10,1,4,1,11,'good','2003-01-14 10:45:00'),(11,1,4,1,12,'good','2003-01-14 10:45:00'),(12,1,4,1,13,'good','2003-01-14 10:45:00'),(13,1,4,1,14,'good','2003-01-14 10:45:00'),(14,1,4,1,15,'good','2003-01-14 10:45:00'),(15,1,4,1,16,'good','2003-01-14 10:45:00'),(16,1,4,1,17,'good','2003-01-14 10:45:00'),(17,1,4,1,18,'good','2003-01-14 10:45:00'),(18,1,4,1,19,'good','2003-01-14 10:45:00'),(19,1,4,1,20,'good','2003-01-14 10:45:00'),(20,1,4,1,21,'good','2003-01-14 10:45:00'),(21,1,4,1,22,'good','2003-01-14 10:45:00'),(22,1,4,1,23,'good','2003-01-14 10:45:00'),(23,1,4,1,24,'good','2003-01-14 10:45:00'),(24,1,4,1,24,'good','2003-01-14 10:45:00'),(1,1,5,1,1,'good','2003-01-14 10:45:00'),(2,1,5,1,2,'good','2003-01-14 10:45:00'),(3,1,5,1,3,'good','2003-01-14 10:45:00'),(4,1,5,1,4,'good','2003-01-14 10:45:00'),(5,1,5,1,5,'good','2003-01-14 10:45:00'),(6,1,5,1,6,'good','2003-01-14 10:45:00'),(7,1,5,1,7,'good','2003-01-14 10:45:00'),(8,1,5,1,8,'good','2003-01-14 10:45:00'),(9,1,5,1,9,'good','2003-01-14 10:45:00'),(10,1,5,1,10,'good','2003-01-14 10:45:00'),(11,1,5,1,11,'good','2003-01-14 10:45:00'),(12,1,5,1,12,'good','2003-01-14 10:45:00'),(13,1,5,1,13,'good','2003-01-14 10:45:00'),(14,1,5,1,14,'good','2003-01-14 10:45:00'),(15,1,5,1,15,'good','2003-01-14 10:45:00'),(16,1,5,1,16,'good','2003-01-14 10:45:00'),(17,1,5,1,17,'good','2003-01-14 10:45:00'),(18,1,5,1,18,'good','2003-01-14 10:45:00'),(19,1,5,1,19,'good','2003-01-14 10:45:00'),(20,1,5,1,20,'good','2003-01-14 10:45:00'),(21,1,5,1,21,'good','2003-01-14 10:45:00'),(22,1,5,1,22,'good','2003-01-14 10:45:00'),(23,1,5,1,23,'good','2003-01-14 10:45:00'),(24,1,5,1,24,'good','2003-01-14 10:45:00'),(1,1,6,1,2,'good','2003-01-14 10:45:00'),(2,1,6,1,3,'good','2003-01-14 10:45:00'),(3,1,6,1,4,'good','2003-01-14 10:45:00'),(4,1,6,1,5,'good','2003-01-14 10:45:00'),(5,1,6,1,6,'good','2003-01-14 10:45:00'),(6,1,6,1,7,'good','2003-01-14 10:45:00'),(7,1,6,1,8,'good','2003-01-14 10:45:00'),(8,1,6,1,9,'good','2003-01-14 10:45:00'),(9,1,6,1,10,'good','2003-01-14 10:45:00'),(10,1,6,1,11,'good','2003-01-14 10:45:00'),(11,1,6,1,12,'good','2003-01-14 10:45:00'),(12,1,6,1,13,'good','2003-01-14 10:45:00'),(13,1,6,1,14,'good','2003-01-14 10:45:00'),(14,1,6,1,15,'good','2003-01-14 10:45:00'),(15,1,6,1,16,'good','2003-01-14 10:45:00'),(16,1,6,1,17,'good','2003-01-14 10:45:00'),(17,1,6,1,18,'good','2003-01-14 10:45:00'),(18,1,6,1,19,'good','2003-01-14 10:45:00'),(19,1,6,1,20,'good','2003-01-14 10:45:00'),(20,1,6,1,21,'good','2003-01-14 10:45:00'),(21,1,6,1,22,'good','2003-01-14 10:45:00'),(22,1,6,1,23,'good','2003-01-14 10:45:00'),(23,1,6,1,24,'good','2003-01-14 10:45:00'),(24,1,6,1,24,'good','2003-01-14 10:45:00'),(1,2,1,1,2,'good','2003-01-14 10:45:00'),(2,2,1,1,3,'good','2003-01-14 10:45:00'),(3,2,1,1,4,'good','2003-01-14 10:45:00'),(4,2,1,1,5,'good','2003-01-14 10:45:00'),(5,2,1,1,6,'good','2003-01-14 10:45:00'),(6,2,1,1,7,'good','2003-01-14 10:45:00'),(7,2,1,1,8,'good','2003-01-14 10:45:00'),(8,2,1,1,9,'good','2003-01-14 10:45:00'),(9,2,1,1,10,'good','2003-01-14 10:45:00'),(10,2,1,1,11,'good','2003-01-14 10:45:00'),(11,2,1,1,12,'good','2003-01-14 10:45:00'),(12,2,1,1,13,'good','2003-01-14 10:45:00'),(13,2,1,1,14,'good','2003-01-14 10:45:00'),(14,2,1,1,15,'good','2003-01-14 10:45:00'),(15,2,1,1,16,'good','2003-01-14 10:45:00'),(16,2,1,1,17,'good','2003-01-14 10:45:00'),(17,2,1,1,18,'good','2003-01-14 10:45:00'),(18,2,1,1,19,'good','2003-01-14 10:45:00'),(19,2,1,1,20,'good','2003-01-14 10:45:00'),(20,2,1,1,21,'good','2003-01-14 10:45:00'),(21,2,1,1,22,'good','2003-01-14 10:45:00'),(22,2,1,1,23,'good','2003-01-14 10:45:00'),(23,2,1,1,24,'good','2003-01-14 10:45:00'),(24,2,1,1,24,'good','2003-01-14 10:45:00'),(1,2,2,1,1,'good','2003-01-14 10:45:00'),(2,2,2,1,2,'good','2003-01-14 10:45:00'),(3,2,2,1,3,'good','2003-01-14 10:45:00'),(4,2,2,1,4,'good','2003-01-14 10:45:00'),(5,2,2,1,5,'good','2003-01-14 10:45:00'),(6,2,2,1,6,'good','2003-01-14 10:45:00'),(7,2,2,1,7,'good','2003-01-14 10:45:00'),(8,2,2,1,8,'good','2003-01-14 10:45:00'),(9,2,2,1,9,'good','2003-01-14 10:45:00'),(10,2,2,1,10,'good','2003-01-14 10:45:00'),(11,2,2,1,11,'good','2003-01-14 10:45:00'),(12,2,2,1,12,'good','2003-01-14 10:45:00'),(13,2,2,1,13,'good','2003-01-14 10:45:00'),(14,2,2,1,14,'good','2003-01-14 10:45:00'),(15,2,2,1,15,'good','2003-01-14 10:45:00'),(16,2,2,1,16,'good','2003-01-14 10:45:00'),(17,2,2,1,17,'good','2003-01-14 10:45:00'),(18,2,2,1,18,'good','2003-01-14 10:45:00'),(19,2,2,1,19,'good','2003-01-14 10:45:00'),(20,2,2,1,20,'good','2003-01-14 10:45:00'),(21,2,2,1,21,'good','2003-01-14 10:45:00'),(22,2,2,1,22,'good','2003-01-14 10:45:00'),(23,2,2,1,23,'good','2003-01-14 10:45:00'),(24,2,2,1,24,'good','2003-01-14 10:45:00'),(1,2,3,1,1,'good','2003-01-14 10:45:00'),(2,2,3,1,2,'good','2003-01-14 10:45:00'),(3,2,3,1,3,'good','2003-01-14 10:45:00'),(4,2,3,1,4,'good','2003-01-14 10:45:00'),(5,2,3,1,5,'good','2003-01-14 10:45:00'),(6,2,3,1,6,'good','2003-01-14 10:45:00'),(7,2,3,1,7,'good','2003-01-14 10:45:00'),(8,2,3,1,8,'good','2003-01-14 10:45:00'),(9,2,3,1,9,'good','2003-01-14 10:45:00'),(10,2,3,1,10,'good','2003-01-14 10:45:00'),(11,2,3,1,11,'good','2003-01-14 10:45:00'),(12,2,3,1,12,'good','2003-01-14 10:45:00'),(13,2,3,1,13,'good','2003-01-14 10:45:00'),(14,2,3,1,14,'good','2003-01-14 10:45:00'),(15,2,3,1,15,'good','2003-01-14 10:45:00'),(16,2,3,1,16,'good','2003-01-14 10:45:00'),(17,2,3,1,17,'good','2003-01-14 10:45:00'),(18,2,3,1,18,'good','2003-01-14 10:45:00'),(19,2,3,1,19,'good','2003-01-14 10:45:00'),(20,2,3,1,20,'good','2003-01-14 10:45:00'),(21,2,3,1,21,'good','2003-01-14 10:45:00'),(22,2,3,1,22,'good','2003-01-14 10:45:00'),(23,2,3,1,23,'good','2003-01-14 10:45:00'),(24,2,3,1,24,'good','2003-01-14 10:45:00'),(1,2,4,1,2,'good','2003-01-14 10:45:00'),(2,2,4,1,3,'good','2003-01-14 10:45:00'),(3,2,4,1,4,'good','2003-01-14 10:45:00'),(4,2,4,1,5,'good','2003-01-14 10:45:00'),(5,2,4,1,6,'good','2003-01-14 10:45:00'),(6,2,4,1,7,'good','2003-01-14 10:45:00'),(7,2,4,1,8,'good','2003-01-14 10:45:00'),(8,2,4,1,9,'good','2003-01-14 10:45:00'),(9,2,4,1,10,'good','2003-01-14 10:45:00'),(10,2,4,1,11,'good','2003-01-14 10:45:00'),(11,2,4,1,12,'good','2003-01-14 10:45:00'),(12,2,4,1,13,'good','2003-01-14 10:45:00'),(13,2,4,1,14,'good','2003-01-14 10:45:00'),(14,2,4,1,15,'good','2003-01-14 10:45:00'),(15,2,4,1,16,'good','2003-01-14 10:45:00'),(16,2,4,1,17,'good','2003-01-14 10:45:00'),(17,2,4,1,18,'good','2003-01-14 10:45:00'),(18,2,4,1,19,'good','2003-01-14 10:45:00'),(19,2,4,1,20,'good','2003-01-14 10:45:00'),(20,2,4,1,21,'good','2003-01-14 10:45:00'),(21,2,4,1,22,'good','2003-01-14 10:45:00'),(22,2,4,1,23,'good','2003-01-14 10:45:00'),(23,2,4,1,24,'good','2003-01-14 10:45:00'),(24,2,4,1,24,'good','2003-01-14 10:45:00'),(1,2,5,1,1,'good','2003-01-14 10:45:00'),(2,2,5,1,2,'good','2003-01-14 10:45:00'),(3,2,5,1,3,'good','2003-01-14 10:45:00'),(4,2,5,1,4,'good','2003-01-14 10:45:00'),(5,2,5,1,5,'good','2003-01-14 10:45:00'),(6,2,5,1,6,'good','2003-01-14 10:45:00'),(7,2,5,1,7,'good','2003-01-14 10:45:00'),(8,2,5,1,8,'good','2003-01-14 10:45:00'),(9,2,5,1,9,'good','2003-01-14 10:45:00'),(10,2,5,1,10,'good','2003-01-14 10:45:00'),(11,2,5,1,11,'good','2003-01-14 10:45:00'),(12,2,5,1,12,'good','2003-01-14 10:45:00'),(13,2,5,1,13,'good','2003-01-14 10:45:00'),(14,2,5,1,14,'good','2003-01-14 10:45:00'),(15,2,5,1,15,'good','2003-01-14 10:45:00'),(16,2,5,1,16,'good','2003-01-14 10:45:00'),(17,2,5,1,17,'good','2003-01-14 10:45:00'),(18,2,5,1,18,'good','2003-01-14 10:45:00'),(19,2,5,1,19,'good','2003-01-14 10:45:00'),(20,2,5,1,20,'good','2003-01-14 10:45:00'),(21,2,5,1,21,'good','2003-01-14 10:45:00'),(22,2,5,1,22,'good','2003-01-14 10:45:00'),(23,2,5,1,23,'good','2003-01-14 10:45:00'),(24,2,5,1,24,'good','2003-01-14 10:45:00'),(1,2,6,1,2,'good','2003-01-14 10:45:00'),(2,2,6,1,3,'good','2003-01-14 10:45:00'),(3,2,6,1,4,'good','2003-01-14 10:45:00'),(4,2,6,1,5,'good','2003-01-14 10:45:00'),(5,2,6,1,6,'good','2003-01-14 10:45:00'),(6,2,6,1,7,'good','2003-01-14 10:45:00'),(7,2,6,1,8,'good','2003-01-14 10:45:00'),(8,2,6,1,9,'good','2003-01-14 10:45:00'),(9,2,6,1,10,'good','2003-01-14 10:45:00'),(10,2,6,1,11,'good','2003-01-14 10:45:00'),(11,2,6,1,12,'good','2003-01-14 10:45:00'),(12,2,6,1,13,'good','2003-01-14 10:45:00'),(13,2,6,1,14,'good','2003-01-14 10:45:00'),(14,2,6,1,15,'good','2003-01-14 10:45:00'),(15,2,6,1,16,'good','2003-01-14 10:45:00'),(16,2,6,1,17,'good','2003-01-14 10:45:00'),(17,2,6,1,18,'good','2003-01-14 10:45:00'),(18,2,6,1,19,'good','2003-01-14 10:45:00'),(19,2,6,1,20,'good','2003-01-14 10:45:00'),(20,2,6,1,21,'good','2003-01-14 10:45:00'),(21,2,6,1,22,'good','2003-01-14 10:45:00'),(22,2,6,1,23,'good','2003-01-14 10:45:00'),(23,2,6,1,24,'good','2003-01-14 10:45:00'),(24,2,6,1,24,'good','2003-01-14 10:45:00'),(1,3,1,1,2,'good','2003-01-14 10:45:00'),(2,3,1,1,3,'good','2003-01-14 10:45:00'),(3,3,1,1,4,'good','2003-01-14 10:45:00'),(4,3,1,1,5,'good','2003-01-14 10:45:00'),(5,3,1,1,6,'good','2003-01-14 10:45:00'),(6,3,1,1,7,'good','2003-01-14 10:45:00'),(7,3,1,1,8,'good','2003-01-14 10:45:00'),(8,3,1,1,9,'good','2003-01-14 10:45:00'),(9,3,1,1,10,'good','2003-01-14 10:45:00'),(10,3,1,1,11,'good','2003-01-14 10:45:00'),(11,3,1,1,12,'good','2003-01-14 10:45:00'),(12,3,1,1,13,'good','2003-01-14 10:45:00'),(13,3,1,1,14,'good','2003-01-14 10:45:00'),(14,3,1,1,15,'good','2003-01-14 10:45:00'),(15,3,1,1,16,'good','2003-01-14 10:45:00'),(16,3,1,1,17,'good','2003-01-14 10:45:00'),(17,3,1,1,18,'good','2003-01-14 10:45:00'),(18,3,1,1,19,'good','2003-01-14 10:45:00'),(19,3,1,1,20,'good','2003-01-14 10:45:00'),(20,3,1,1,21,'good','2003-01-14 10:45:00'),(21,3,1,1,22,'good','2003-01-14 10:45:00'),(22,3,1,1,23,'good','2003-01-14 10:45:00'),(23,3,1,1,24,'good','2003-01-14 10:45:00'),(24,3,1,1,24,'good','2003-01-14 10:45:00'),(1,3,2,1,1,'good','2003-01-14 10:45:00'),(2,3,2,1,2,'good','2003-01-14 10:45:00'),(3,3,2,1,3,'good','2003-01-14 10:45:00'),(4,3,2,1,4,'good','2003-01-14 10:45:00'),(5,3,2,1,5,'good','2003-01-14 10:45:00'),(6,3,2,1,6,'good','2003-01-14 10:45:00'),(7,3,2,1,7,'good','2003-01-14 10:45:00'),(8,3,2,1,8,'good','2003-01-14 10:45:00'),(9,3,2,1,9,'good','2003-01-14 10:45:00'),(10,3,2,1,10,'good','2003-01-14 10:45:00'),(11,3,2,1,11,'good','2003-01-14 10:45:00'),(12,3,2,1,12,'good','2003-01-14 10:45:00'),(13,3,2,1,13,'good','2003-01-14 10:45:00'),(14,3,2,1,14,'good','2003-01-14 10:45:00'),(15,3,2,1,15,'good','2003-01-14 10:45:00'),(16,3,2,1,16,'good','2003-01-14 10:45:00'),(17,3,2,1,17,'good','2003-01-14 10:45:00'),(18,3,2,1,18,'good','2003-01-14 10:45:00'),(19,3,2,1,19,'good','2003-01-14 10:45:00'),(20,3,2,1,20,'good','2003-01-14 10:45:00'),(21,3,2,1,21,'good','2003-01-14 10:45:00'),(22,3,2,1,22,'good','2003-01-14 10:45:00'),(23,3,2,1,23,'good','2003-01-14 10:45:00'),(24,3,2,1,24,'good','2003-01-14 10:45:00'),(1,3,3,1,1,'good','2003-01-14 10:45:00'),(2,3,3,1,2,'good','2003-01-14 10:45:00'),(3,3,3,1,3,'good','2003-01-14 10:45:00'),(4,3,3,1,4,'good','2003-01-14 10:45:00'),(5,3,3,1,5,'good','2003-01-14 10:45:00'),(6,3,3,1,6,'good','2003-01-14 10:45:00'),(7,3,3,1,7,'good','2003-01-14 10:45:00'),(8,3,3,1,8,'good','2003-01-14 10:45:00'),(9,3,3,1,9,'good','2003-01-14 10:45:00'),(10,3,3,1,10,'good','2003-01-14 10:45:00'),(11,3,3,1,11,'good','2003-01-14 10:45:00'),(12,3,3,1,12,'good','2003-01-14 10:45:00'),(13,3,3,1,13,'good','2003-01-14 10:45:00'),(14,3,3,1,14,'good','2003-01-14 10:45:00'),(15,3,3,1,15,'good','2003-01-14 10:45:00'),(16,3,3,1,16,'good','2003-01-14 10:45:00'),(17,3,3,1,17,'good','2003-01-14 10:45:00'),(18,3,3,1,18,'good','2003-01-14 10:45:00'),(19,3,3,1,19,'good','2003-01-14 10:45:00'),(20,3,3,1,20,'good','2003-01-14 10:45:00'),(21,3,3,1,21,'good','2003-01-14 10:45:00'),(22,3,3,1,22,'good','2003-01-14 10:45:00'),(23,3,3,1,23,'good','2003-01-14 10:45:00'),(24,3,3,1,24,'good','2003-01-14 10:45:00'),(1,3,4,1,2,'good','2003-01-14 10:45:00'),(2,3,4,1,3,'good','2003-01-14 10:45:00'),(3,3,4,1,4,'good','2003-01-14 10:45:00'),(4,3,4,1,5,'good','2003-01-14 10:45:00'),(5,3,4,1,6,'good','2003-01-14 10:45:00'),(6,3,4,1,7,'good','2003-01-14 10:45:00'),(7,3,4,1,8,'good','2003-01-14 10:45:00'),(8,3,4,1,9,'good','2003-01-14 10:45:00'),(9,3,4,1,10,'good','2003-01-14 10:45:00'),(10,3,4,1,11,'good','2003-01-14 10:45:00'),(11,3,4,1,12,'good','2003-01-14 10:45:00'),(12,3,4,1,13,'good','2003-01-14 10:45:00'),(13,3,4,1,14,'good','2003-01-14 10:45:00'),(14,3,4,1,15,'good','2003-01-14 10:45:00'),(15,3,4,1,16,'good','2003-01-14 10:45:00'),(16,3,4,1,17,'good','2003-01-14 10:45:00'),(17,3,4,1,18,'good','2003-01-14 10:45:00'),(18,3,4,1,19,'good','2003-01-14 10:45:00'),(19,3,4,1,20,'good','2003-01-14 10:45:00'),(20,3,4,1,21,'good','2003-01-14 10:45:00'),(21,3,4,1,22,'good','2003-01-14 10:45:00'),(22,3,4,1,23,'good','2003-01-14 10:45:00'),(23,3,4,1,24,'good','2003-01-14 10:45:00'),(24,3,4,1,24,'good','2003-01-14 10:45:00'),(1,3,5,1,1,'good','2003-01-14 10:45:00'),(2,3,5,1,2,'good','2003-01-14 10:45:00'),(3,3,5,1,3,'good','2003-01-14 10:45:00'),(4,3,5,1,4,'good','2003-01-14 10:45:00'),(5,3,5,1,5,'good','2003-01-14 10:45:00'),(6,3,5,1,6,'good','2003-01-14 10:45:00'),(7,3,5,1,7,'good','2003-01-14 10:45:00'),(8,3,5,1,8,'good','2003-01-14 10:45:00'),(9,3,5,1,9,'good','2003-01-14 10:45:00'),(10,3,5,1,10,'good','2003-01-14 10:45:00'),(11,3,5,1,11,'good','2003-01-14 10:45:00'),(12,3,5,1,12,'good','2003-01-14 10:45:00'),(13,3,5,1,13,'good','2003-01-14 10:45:00'),(14,3,5,1,14,'good','2003-01-14 10:45:00'),(15,3,5,1,15,'good','2003-01-14 10:45:00'),(16,3,5,1,16,'good','2003-01-14 10:45:00'),(17,3,5,1,17,'good','2003-01-14 10:45:00'),(18,3,5,1,18,'good','2003-01-14 10:45:00'),(19,3,5,1,19,'good','2003-01-14 10:45:00'),(20,3,5,1,20,'good','2003-01-14 10:45:00'),(21,3,5,1,21,'good','2003-01-14 10:45:00'),(22,3,5,1,22,'good','2003-01-14 10:45:00'),(23,3,5,1,23,'good','2003-01-14 10:45:00'),(24,3,5,1,24,'good','2003-01-14 10:45:00'),(1,3,6,1,2,'good','2003-01-14 10:45:00'),(2,3,6,1,3,'good','2003-01-14 10:45:00'),(3,3,6,1,4,'good','2003-01-14 10:45:00'),(4,3,6,1,5,'good','2003-01-14 10:45:00'),(5,3,6,1,6,'good','2003-01-14 10:45:00'),(6,3,6,1,7,'good','2003-01-14 10:45:00'),(7,3,6,1,8,'good','2003-01-14 10:45:00'),(8,3,6,1,9,'good','2003-01-14 10:45:00'),(9,3,6,1,10,'good','2003-01-14 10:45:00'),(10,3,6,1,11,'good','2003-01-14 10:45:00'),(11,3,6,1,12,'good','2003-01-14 10:45:00'),(12,3,6,1,13,'good','2003-01-14 10:45:00'),(13,3,6,1,14,'good','2003-01-14 10:45:00'),(14,3,6,1,15,'good','2003-01-14 10:45:00'),(15,3,6,1,16,'good','2003-01-14 10:45:00'),(16,3,6,1,17,'good','2003-01-14 10:45:00'),(17,3,6,1,18,'good','2003-01-14 10:45:00'),(18,3,6,1,19,'good','2003-01-14 10:45:00'),(19,3,6,1,20,'good','2003-01-14 10:45:00'),(20,3,6,1,21,'good','2003-01-14 10:45:00'),(21,3,6,1,22,'good','2003-01-14 10:45:00'),(22,3,6,1,23,'good','2003-01-14 10:45:00'),(23,3,6,1,24,'good','2003-01-14 10:45:00'),(24,3,6,1,24,'good','2003-01-14 10:45:00'),(1,4,1,1,2,'good','2003-01-14 10:45:00'),(2,4,1,1,3,'good','2003-01-14 10:45:00'),(3,4,1,1,4,'good','2003-01-14 10:45:00'),(4,4,1,1,5,'good','2003-01-14 10:45:00'),(5,4,1,1,6,'good','2003-01-14 10:45:00'),(6,4,1,1,7,'good','2003-01-14 10:45:00'),(7,4,1,1,8,'good','2003-01-14 10:45:00'),(8,4,1,1,9,'good','2003-01-14 10:45:00'),(9,4,1,1,10,'good','2003-01-14 10:45:00'),(10,4,1,1,11,'good','2003-01-14 10:45:00'),(11,4,1,1,12,'good','2003-01-14 10:45:00'),(12,4,1,1,13,'good','2003-01-14 10:45:00'),(13,4,1,1,14,'good','2003-01-14 10:45:00'),(14,4,1,1,15,'good','2003-01-14 10:45:00'),(15,4,1,1,16,'good','2003-01-14 10:45:00'),(16,4,1,1,17,'good','2003-01-14 10:45:00'),(17,4,1,1,18,'good','2003-01-14 10:45:00'),(18,4,1,1,19,'good','2003-01-14 10:45:00'),(19,4,1,1,20,'good','2003-01-14 10:45:00'),(20,4,1,1,21,'good','2003-01-14 10:45:00'),(21,4,1,1,22,'good','2003-01-14 10:45:00'),(22,4,1,1,23,'good','2003-01-14 10:45:00'),(23,4,1,1,24,'good','2003-01-14 10:45:00'),(24,4,1,1,24,'good','2003-01-14 10:45:00'),(1,4,2,1,1,'good','2003-01-14 10:45:00'),(2,4,2,1,2,'good','2003-01-14 10:45:00'),(3,4,2,1,3,'good','2003-01-14 10:45:00'),(4,4,2,1,4,'good','2003-01-14 10:45:00'),(5,4,2,1,5,'good','2003-01-14 10:45:00'),(6,4,2,1,6,'good','2003-01-14 10:45:00'),(7,4,2,1,7,'good','2003-01-14 10:45:00'),(8,4,2,1,8,'good','2003-01-14 10:45:00'),(9,4,2,1,9,'good','2003-01-14 10:45:00'),(10,4,2,1,10,'good','2003-01-14 10:45:00'),(11,4,2,1,11,'good','2003-01-14 10:45:00'),(12,4,2,1,12,'good','2003-01-14 10:45:00'),(13,4,2,1,13,'good','2003-01-14 10:45:00'),(14,4,2,1,14,'good','2003-01-14 10:45:00'),(15,4,2,1,15,'good','2003-01-14 10:45:00'),(16,4,2,1,16,'good','2003-01-14 10:45:00'),(17,4,2,1,17,'good','2003-01-14 10:45:00'),(18,4,2,1,18,'good','2003-01-14 10:45:00'),(19,4,2,1,19,'good','2003-01-14 10:45:00'),(20,4,2,1,20,'good','2003-01-14 10:45:00'),(21,4,2,1,21,'good','2003-01-14 10:45:00'),(22,4,2,1,22,'good','2003-01-14 10:45:00'),(23,4,2,1,23,'good','2003-01-14 10:45:00'),(24,4,2,1,24,'good','2003-01-14 10:45:00'),(1,4,3,1,1,'good','2003-01-14 10:45:00'),(2,4,3,1,2,'good','2003-01-14 10:45:00'),(3,4,3,1,3,'good','2003-01-14 10:45:00'),(4,4,3,1,4,'good','2003-01-14 10:45:00'),(5,4,3,1,5,'good','2003-01-14 10:45:00'),(6,4,3,1,6,'good','2003-01-14 10:45:00'),(7,4,3,1,7,'good','2003-01-14 10:45:00'),(8,4,3,1,8,'good','2003-01-14 10:45:00'),(9,4,3,1,9,'good','2003-01-14 10:45:00'),(10,4,3,1,10,'good','2003-01-14 10:45:00'),(11,4,3,1,11,'good','2003-01-14 10:45:00'),(12,4,3,1,12,'good','2003-01-14 10:45:00'),(13,4,3,1,13,'good','2003-01-14 10:45:00'),(14,4,3,1,14,'good','2003-01-14 10:45:00'),(15,4,3,1,15,'good','2003-01-14 10:45:00'),(16,4,3,1,16,'good','2003-01-14 10:45:00'),(17,4,3,1,17,'good','2003-01-14 10:45:00'),(18,4,3,1,18,'good','2003-01-14 10:45:00'),(19,4,3,1,19,'good','2003-01-14 10:45:00'),(20,4,3,1,20,'good','2003-01-14 10:45:00'),(21,4,3,1,21,'good','2003-01-14 10:45:00'),(22,4,3,1,22,'good','2003-01-14 10:45:00'),(23,4,3,1,23,'good','2003-01-14 10:45:00'),(24,4,3,1,24,'good','2003-01-14 10:45:00'),(1,4,4,1,2,'good','2003-01-14 10:45:00'),(2,4,4,1,3,'good','2003-01-14 10:45:00'),(3,4,4,1,4,'good','2003-01-14 10:45:00'),(4,4,4,1,5,'good','2003-01-14 10:45:00'),(5,4,4,1,6,'good','2003-01-14 10:45:00'),(6,4,4,1,7,'good','2003-01-14 10:45:00'),(7,4,4,1,8,'good','2003-01-14 10:45:00'),(8,4,4,1,9,'good','2003-01-14 10:45:00'),(9,4,4,1,10,'good','2003-01-14 10:45:00'),(10,4,4,1,11,'good','2003-01-14 10:45:00'),(11,4,4,1,12,'good','2003-01-14 10:45:00'),(12,4,4,1,13,'good','2003-01-14 10:45:00'),(13,4,4,1,14,'good','2003-01-14 10:45:00'),(14,4,4,1,15,'good','2003-01-14 10:45:00'),(15,4,4,1,16,'good','2003-01-14 10:45:00'),(16,4,4,1,17,'good','2003-01-14 10:45:00'),(17,4,4,1,18,'good','2003-01-14 10:45:00'),(18,4,4,1,19,'good','2003-01-14 10:45:00'),(19,4,4,1,20,'good','2003-01-14 10:45:00'),(20,4,4,1,21,'good','2003-01-14 10:45:00'),(21,4,4,1,22,'good','2003-01-14 10:45:00'),(22,4,4,1,23,'good','2003-01-14 10:45:00'),(23,4,4,1,24,'good','2003-01-14 10:45:00'),(24,4,4,1,24,'good','2003-01-14 10:45:00'),(1,4,5,1,1,'good','2003-01-14 10:45:00'),(2,4,5,1,2,'good','2003-01-14 10:45:00'),(3,4,5,1,3,'good','2003-01-14 10:45:00'),(4,4,5,1,4,'good','2003-01-14 10:45:00'),(5,4,5,1,5,'good','2003-01-14 10:45:00'),(6,4,5,1,6,'good','2003-01-14 10:45:00'),(7,4,5,1,7,'good','2003-01-14 10:45:00'),(8,4,5,1,8,'good','2003-01-14 10:45:00'),(9,4,5,1,9,'good','2003-01-14 10:45:00'),(10,4,5,1,10,'good','2003-01-14 10:45:00'),(11,4,5,1,11,'good','2003-01-14 10:45:00'),(12,4,5,1,12,'good','2003-01-14 10:45:00'),(13,4,5,1,13,'good','2003-01-14 10:45:00'),(14,4,5,1,14,'good','2003-01-14 10:45:00'),(15,4,5,1,15,'good','2003-01-14 10:45:00'),(16,4,5,1,16,'good','2003-01-14 10:45:00'),(17,4,5,1,17,'good','2003-01-14 10:45:00'),(18,4,5,1,18,'good','2003-01-14 10:45:00'),(19,4,5,1,19,'good','2003-01-14 10:45:00'),(20,4,5,1,20,'good','2003-01-14 10:45:00'),(21,4,5,1,21,'good','2003-01-14 10:45:00'),(22,4,5,1,22,'good','2003-01-14 10:45:00'),(23,4,5,1,23,'good','2003-01-14 10:45:00'),(24,4,5,1,24,'good','2003-01-14 10:45:00'),(1,4,6,1,2,'good','2003-01-14 10:45:00'),(2,4,6,1,3,'good','2003-01-14 10:45:00'),(3,4,6,1,4,'good','2003-01-14 10:45:00'),(4,4,6,1,5,'good','2003-01-14 10:45:00'),(5,4,6,1,6,'good','2003-01-14 10:45:00'),(6,4,6,1,7,'good','2003-01-14 10:45:00'),(7,4,6,1,8,'good','2003-01-14 10:45:00'),(8,4,6,1,9,'good','2003-01-14 10:45:00'),(9,4,6,1,10,'good','2003-01-14 10:45:00'),(10,4,6,1,11,'good','2003-01-14 10:45:00'),(11,4,6,1,12,'good','2003-01-14 10:45:00'),(12,4,6,1,13,'good','2003-01-14 10:45:00'),(13,4,6,1,14,'good','2003-01-14 10:45:00'),(14,4,6,1,15,'good','2003-01-14 10:45:00'),(15,4,6,1,16,'good','2003-01-14 10:45:00'),(16,4,6,1,17,'good','2003-01-14 10:45:00'),(17,4,6,1,18,'good','2003-01-14 10:45:00'),(18,4,6,1,19,'good','2003-01-14 10:45:00'),(19,4,6,1,20,'good','2003-01-14 10:45:00'),(20,4,6,1,21,'good','2003-01-14 10:45:00'),(21,4,6,1,22,'good','2003-01-14 10:45:00'),(22,4,6,1,23,'good','2003-01-14 10:45:00'),(23,4,6,1,24,'good','2003-01-14 10:45:00'),(24,4,6,1,24,'good','2003-01-14 10:45:00'),(1,5,1,1,2,'good','2003-01-14 10:45:00'),(2,5,1,1,3,'good','2003-01-14 10:45:00'),(3,5,1,1,4,'good','2003-01-14 10:45:00'),(4,5,1,1,5,'good','2003-01-14 10:45:00'),(5,5,1,1,6,'good','2003-01-14 10:45:00'),(6,5,1,1,7,'good','2003-01-14 10:45:00'),(7,5,1,1,8,'good','2003-01-14 10:45:00'),(8,5,1,1,9,'good','2003-01-14 10:45:00'),(9,5,1,1,10,'good','2003-01-14 10:45:00'),(10,5,1,1,11,'good','2003-01-14 10:45:00'),(11,5,1,1,12,'good','2003-01-14 10:45:00'),(12,5,1,1,13,'good','2003-01-14 10:45:00'),(13,5,1,1,14,'good','2003-01-14 10:45:00'),(14,5,1,1,15,'good','2003-01-14 10:45:00'),(15,5,1,1,16,'good','2003-01-14 10:45:00'),(16,5,1,1,17,'good','2003-01-14 10:45:00'),(17,5,1,1,18,'good','2003-01-14 10:45:00'),(18,5,1,1,19,'good','2003-01-14 10:45:00'),(19,5,1,1,20,'good','2003-01-14 10:45:00'),(20,5,1,1,21,'good','2003-01-14 10:45:00'),(21,5,1,1,22,'good','2003-01-14 10:45:00'),(22,5,1,1,23,'good','2003-01-14 10:45:00'),(23,5,1,1,24,'good','2003-01-14 10:45:00'),(24,5,1,1,24,'good','2003-01-14 10:45:00'),(1,5,2,1,1,'good','2003-01-14 10:45:00'),(2,5,2,1,2,'good','2003-01-14 10:45:00'),(3,5,2,1,3,'good','2003-01-14 10:45:00'),(4,5,2,1,4,'good','2003-01-14 10:45:00'),(5,5,2,1,5,'good','2003-01-14 10:45:00'),(6,5,2,1,6,'good','2003-01-14 10:45:00'),(7,5,2,1,7,'good','2003-01-14 10:45:00'),(8,5,2,1,8,'good','2003-01-14 10:45:00'),(9,5,2,1,9,'good','2003-01-14 10:45:00'),(10,5,2,1,10,'good','2003-01-14 10:45:00'),(11,5,2,1,11,'good','2003-01-14 10:45:00'),(12,5,2,1,12,'good','2003-01-14 10:45:00'),(13,5,2,1,13,'good','2003-01-14 10:45:00'),(14,5,2,1,14,'good','2003-01-14 10:45:00'),(15,5,2,1,15,'good','2003-01-14 10:45:00'),(16,5,2,1,16,'good','2003-01-14 10:45:00'),(17,5,2,1,17,'good','2003-01-14 10:45:00'),(18,5,2,1,18,'good','2003-01-14 10:45:00'),(19,5,2,1,19,'good','2003-01-14 10:45:00'),(20,5,2,1,20,'good','2003-01-14 10:45:00'),(21,5,2,1,21,'good','2003-01-14 10:45:00'),(22,5,2,1,22,'good','2003-01-14 10:45:00'),(23,5,2,1,23,'good','2003-01-14 10:45:00'),(24,5,2,1,24,'good','2003-01-14 10:45:00'),(1,5,3,1,1,'good','2003-01-14 10:45:00'),(2,5,3,1,2,'good','2003-01-14 10:45:00'),(3,5,3,1,3,'good','2003-01-14 10:45:00'),(4,5,3,1,4,'good','2003-01-14 10:45:00'),(5,5,3,1,5,'good','2003-01-14 10:45:00'),(6,5,3,1,6,'good','2003-01-14 10:45:00'),(7,5,3,1,7,'good','2003-01-14 10:45:00'),(8,5,3,1,8,'good','2003-01-14 10:45:00'),(9,5,3,1,9,'good','2003-01-14 10:45:00'),(10,5,3,1,10,'good','2003-01-14 10:45:00'),(11,5,3,1,11,'good','2003-01-14 10:45:00'),(12,5,3,1,12,'good','2003-01-14 10:45:00'),(13,5,3,1,13,'good','2003-01-14 10:45:00'),(14,5,3,1,14,'good','2003-01-14 10:45:00'),(15,5,3,1,15,'good','2003-01-14 10:45:00'),(16,5,3,1,16,'good','2003-01-14 10:45:00'),(17,5,3,1,17,'good','2003-01-14 10:45:00'),(18,5,3,1,18,'good','2003-01-14 10:45:00'),(19,5,3,1,19,'good','2003-01-14 10:45:00'),(20,5,3,1,20,'good','2003-01-14 10:45:00'),(21,5,3,1,21,'good','2003-01-14 10:45:00'),(22,5,3,1,22,'good','2003-01-14 10:45:00'),(23,5,3,1,23,'good','2003-01-14 10:45:00'),(24,5,3,1,24,'good','2003-01-14 10:45:00'),(1,5,4,1,2,'good','2003-01-14 10:45:00'),(2,5,4,1,3,'good','2003-01-14 10:45:00'),(3,5,4,1,4,'good','2003-01-14 10:45:00'),(4,5,4,1,5,'good','2003-01-14 10:45:00'),(5,5,4,1,6,'good','2003-01-14 10:45:00'),(6,5,4,1,7,'good','2003-01-14 10:45:00'),(7,5,4,1,8,'good','2003-01-14 10:45:00'),(8,5,4,1,9,'good','2003-01-14 10:45:00'),(9,5,4,1,10,'good','2003-01-14 10:45:00'),(10,5,4,1,11,'good','2003-01-14 10:45:00'),(11,5,4,1,12,'good','2003-01-14 10:45:00'),(12,5,4,1,13,'good','2003-01-14 10:45:00'),(13,5,4,1,14,'good','2003-01-14 10:45:00'),(14,5,4,1,15,'good','2003-01-14 10:45:00'),(15,5,4,1,16,'good','2003-01-14 10:45:00'),(16,5,4,1,17,'good','2003-01-14 10:45:00'),(17,5,4,1,18,'good','2003-01-14 10:45:00'),(18,5,4,1,19,'good','2003-01-14 10:45:00'),(19,5,4,1,20,'good','2003-01-14 10:45:00'),(20,5,4,1,21,'good','2003-01-14 10:45:00'),(21,5,4,1,22,'good','2003-01-14 10:45:00'),(22,5,4,1,23,'good','2003-01-14 10:45:00'),(23,5,4,1,24,'good','2003-01-14 10:45:00'),(24,5,4,1,24,'good','2003-01-14 10:45:00'),(1,5,5,1,1,'good','2003-01-14 10:45:00'),(2,5,5,1,2,'good','2003-01-14 10:45:00'),(3,5,5,1,3,'good','2003-01-14 10:45:00'),(4,5,5,1,4,'good','2003-01-14 10:45:00'),(5,5,5,1,5,'good','2003-01-14 10:45:00'),(6,5,5,1,6,'good','2003-01-14 10:45:00'),(7,5,5,1,7,'good','2003-01-14 10:45:00'),(8,5,5,1,8,'good','2003-01-14 10:45:00'),(9,5,5,1,9,'good','2003-01-14 10:45:00'),(10,5,5,1,10,'good','2003-01-14 10:45:00'),(11,5,5,1,11,'good','2003-01-14 10:45:00'),(12,5,5,1,12,'good','2003-01-14 10:45:00'),(13,5,5,1,13,'good','2003-01-14 10:45:00'),(14,5,5,1,14,'good','2003-01-14 10:45:00'),(15,5,5,1,15,'good','2003-01-14 10:45:00'),(16,5,5,1,16,'good','2003-01-14 10:45:00'),(17,5,5,1,17,'good','2003-01-14 10:45:00'),(18,5,5,1,18,'good','2003-01-14 10:45:00'),(19,5,5,1,19,'good','2003-01-14 10:45:00'),(20,5,5,1,20,'good','2003-01-14 10:45:00'),(21,5,5,1,21,'good','2003-01-14 10:45:00'),(22,5,5,1,22,'good','2003-01-14 10:45:00'),(23,5,5,1,23,'good','2003-01-14 10:45:00'),(24,5,5,1,24,'good','2003-01-14 10:45:00'),(1,5,6,1,2,'good','2003-01-14 10:45:00'),(2,5,6,1,3,'good','2003-01-14 10:45:00'),(3,5,6,1,4,'good','2003-01-14 10:45:00'),(4,5,6,1,5,'good','2003-01-14 10:45:00'),(5,5,6,1,6,'good','2003-01-14 10:45:00'),(6,5,6,1,7,'good','2003-01-14 10:45:00'),(7,5,6,1,8,'good','2003-01-14 10:45:00'),(8,5,6,1,9,'good','2003-01-14 10:45:00'),(9,5,6,1,10,'good','2003-01-14 10:45:00'),(10,5,6,1,11,'good','2003-01-14 10:45:00'),(11,5,6,1,12,'good','2003-01-14 10:45:00'),(12,5,6,1,13,'good','2003-01-14 10:45:00'),(13,5,6,1,14,'good','2003-01-14 10:45:00'),(14,5,6,1,15,'good','2003-01-14 10:45:00'),(15,5,6,1,16,'good','2003-01-14 10:45:00'),(16,5,6,1,17,'good','2003-01-14 10:45:00'),(17,5,6,1,18,'good','2003-01-14 10:45:00'),(18,5,6,1,19,'good','2003-01-14 10:45:00'),(19,5,6,1,20,'good','2003-01-14 10:45:00'),(20,5,6,1,21,'good','2003-01-14 10:45:00'),(21,5,6,1,22,'good','2003-01-14 10:45:00'),(22,5,6,1,23,'good','2003-01-14 10:45:00'),(23,5,6,1,24,'good','2003-01-14 10:45:00'),(24,5,6,1,24,'good','2003-01-14 10:45:00'),(1,6,1,1,2,'good','2003-01-14 10:45:00'),(2,6,1,1,3,'good','2003-01-14 10:45:00'),(3,6,1,1,4,'good','2003-01-14 10:45:00'),(4,6,1,1,5,'good','2003-01-14 10:45:00'),(5,6,1,1,6,'good','2003-01-14 10:45:00'),(6,6,1,1,7,'good','2003-01-14 10:45:00'),(7,6,1,1,8,'good','2003-01-14 10:45:00'),(8,6,1,1,9,'good','2003-01-14 10:45:00'),(9,6,1,1,10,'good','2003-01-14 10:45:00'),(10,6,1,1,11,'good','2003-01-14 10:45:00'),(11,6,1,1,12,'good','2003-01-14 10:45:00'),(12,6,1,1,13,'good','2003-01-14 10:45:00'),(13,6,1,1,14,'good','2003-01-14 10:45:00'),(14,6,1,1,15,'good','2003-01-14 10:45:00'),(15,6,1,1,16,'good','2003-01-14 10:45:00'),(16,6,1,1,17,'good','2003-01-14 10:45:00'),(17,6,1,1,18,'good','2003-01-14 10:45:00'),(18,6,1,1,19,'good','2003-01-14 10:45:00'),(19,6,1,1,20,'good','2003-01-14 10:45:00'),(20,6,1,1,21,'good','2003-01-14 10:45:00'),(21,6,1,1,22,'good','2003-01-14 10:45:00'),(22,6,1,1,23,'good','2003-01-14 10:45:00'),(23,6,1,1,24,'good','2003-01-14 10:45:00'),(24,6,1,1,24,'good','2003-01-14 10:45:00'),(1,6,2,1,1,'good','2003-01-14 10:45:00'),(2,6,2,1,2,'good','2003-01-14 10:45:00'),(3,6,2,1,3,'good','2003-01-14 10:45:00'),(4,6,2,1,4,'good','2003-01-14 10:45:00'),(5,6,2,1,5,'good','2003-01-14 10:45:00'),(6,6,2,1,6,'good','2003-01-14 10:45:00'),(7,6,2,1,7,'good','2003-01-14 10:45:00'),(8,6,2,1,8,'good','2003-01-14 10:45:00'),(9,6,2,1,9,'good','2003-01-14 10:45:00'),(10,6,2,1,10,'good','2003-01-14 10:45:00'),(11,6,2,1,11,'good','2003-01-14 10:45:00'),(12,6,2,1,12,'good','2003-01-14 10:45:00'),(13,6,2,1,13,'good','2003-01-14 10:45:00'),(14,6,2,1,14,'good','2003-01-14 10:45:00'),(15,6,2,1,15,'good','2003-01-14 10:45:00'),(16,6,2,1,16,'good','2003-01-14 10:45:00'),(17,6,2,1,17,'good','2003-01-14 10:45:00'),(18,6,2,1,18,'good','2003-01-14 10:45:00'),(19,6,2,1,19,'good','2003-01-14 10:45:00'),(20,6,2,1,20,'good','2003-01-14 10:45:00'),(21,6,2,1,21,'good','2003-01-14 10:45:00'),(22,6,2,1,22,'good','2003-01-14 10:45:00'),(23,6,2,1,23,'good','2003-01-14 10:45:00'),(24,6,2,1,24,'good','2003-01-14 10:45:00'),(1,6,3,1,1,'good','2003-01-14 10:45:00'),(2,6,3,1,2,'good','2003-01-14 10:45:00'),(3,6,3,1,3,'good','2003-01-14 10:45:00'),(4,6,3,1,4,'good','2003-01-14 10:45:00'),(5,6,3,1,5,'good','2003-01-14 10:45:00'),(6,6,3,1,6,'good','2003-01-14 10:45:00'),(7,6,3,1,7,'good','2003-01-14 10:45:00'),(8,6,3,1,8,'good','2003-01-14 10:45:00'),(9,6,3,1,9,'good','2003-01-14 10:45:00'),(10,6,3,1,10,'good','2003-01-14 10:45:00'),(11,6,3,1,11,'good','2003-01-14 10:45:00'),(12,6,3,1,12,'good','2003-01-14 10:45:00'),(13,6,3,1,13,'good','2003-01-14 10:45:00'),(14,6,3,1,14,'good','2003-01-14 10:45:00'),(15,6,3,1,15,'good','2003-01-14 10:45:00'),(16,6,3,1,16,'good','2003-01-14 10:45:00'),(17,6,3,1,17,'good','2003-01-14 10:45:00'),(18,6,3,1,18,'good','2003-01-14 10:45:00'),(19,6,3,1,19,'good','2003-01-14 10:45:00'),(20,6,3,1,20,'good','2003-01-14 10:45:00'),(21,6,3,1,21,'good','2003-01-14 10:45:00'),(22,6,3,1,22,'good','2003-01-14 10:45:00'),(23,6,3,1,23,'good','2003-01-14 10:45:00'),(24,6,3,1,24,'good','2003-01-14 10:45:00'),(1,6,4,1,2,'good','2003-01-14 10:45:00'),(2,6,4,1,3,'good','2003-01-14 10:45:00'),(3,6,4,1,4,'good','2003-01-14 10:45:00'),(4,6,4,1,5,'good','2003-01-14 10:45:00'),(5,6,4,1,6,'good','2003-01-14 10:45:00'),(6,6,4,1,7,'good','2003-01-14 10:45:00'),(7,6,4,1,8,'good','2003-01-14 10:45:00'),(8,6,4,1,9,'good','2003-01-14 10:45:00'),(9,6,4,1,10,'good','2003-01-14 10:45:00'),(10,6,4,1,11,'good','2003-01-14 10:45:00'),(11,6,4,1,12,'good','2003-01-14 10:45:00'),(12,6,4,1,13,'good','2003-01-14 10:45:00'),(13,6,4,1,14,'good','2003-01-14 10:45:00'),(14,6,4,1,15,'good','2003-01-14 10:45:00'),(15,6,4,1,16,'good','2003-01-14 10:45:00'),(16,6,4,1,17,'good','2003-01-14 10:45:00'),(17,6,4,1,18,'good','2003-01-14 10:45:00'),(18,6,4,1,19,'good','2003-01-14 10:45:00'),(19,6,4,1,20,'good','2003-01-14 10:45:00'),(20,6,4,1,21,'good','2003-01-14 10:45:00'),(21,6,4,1,22,'good','2003-01-14 10:45:00'),(22,6,4,1,23,'good','2003-01-14 10:45:00'),(23,6,4,1,24,'good','2003-01-14 10:45:00'),(24,6,4,1,24,'good','2003-01-14 10:45:00'),(1,6,5,1,1,'good','2003-01-14 10:45:00'),(2,6,5,1,2,'good','2003-01-14 10:45:00'),(3,6,5,1,3,'good','2003-01-14 10:45:00'),(4,6,5,1,4,'good','2003-01-14 10:45:00'),(5,6,5,1,5,'good','2003-01-14 10:45:00'),(6,6,5,1,6,'good','2003-01-14 10:45:00'),(7,6,5,1,7,'good','2003-01-14 10:45:00'),(8,6,5,1,8,'good','2003-01-14 10:45:00'),(9,6,5,1,9,'good','2003-01-14 10:45:00'),(10,6,5,1,10,'good','2003-01-14 10:45:00'),(11,6,5,1,11,'good','2003-01-14 10:45:00'),(12,6,5,1,12,'good','2003-01-14 10:45:00'),(13,6,5,1,13,'good','2003-01-14 10:45:00'),(14,6,5,1,14,'good','2003-01-14 10:45:00'),(15,6,5,1,15,'good','2003-01-14 10:45:00'),(16,6,5,1,16,'good','2003-01-14 10:45:00'),(17,6,5,1,17,'good','2003-01-14 10:45:00'),(18,6,5,1,18,'good','2003-01-14 10:45:00'),(19,6,5,1,19,'good','2003-01-14 10:45:00'),(20,6,5,1,20,'good','2003-01-14 10:45:00'),(21,6,5,1,21,'good','2003-01-14 10:45:00'),(22,6,5,1,22,'good','2003-01-14 10:45:00'),(23,6,5,1,23,'good','2003-01-14 10:45:00'),(24,6,5,1,24,'good','2003-01-14 10:45:00'),(1,6,6,1,2,'good','2003-01-14 10:45:00'),(2,6,6,1,3,'good','2003-01-14 10:45:00'),(3,6,6,1,4,'good','2003-01-14 10:45:00'),(4,6,6,1,5,'good','2003-01-14 10:45:00'),(5,6,6,1,6,'good','2003-01-14 10:45:00'),(6,6,6,1,7,'good','2003-01-14 10:45:00'),(7,6,6,1,8,'good','2003-01-14 10:45:00'),(8,6,6,1,9,'good','2003-01-14 10:45:00'),(9,6,6,1,10,'good','2003-01-14 10:45:00'),(10,6,6,1,11,'good','2003-01-14 10:45:00'),(11,6,6,1,12,'good','2003-01-14 10:45:00'),(12,6,6,1,13,'good','2003-01-14 10:45:00'),(13,6,6,1,14,'good','2003-01-14 10:45:00'),(14,6,6,1,15,'good','2003-01-14 10:45:00'),(15,6,6,1,16,'good','2003-01-14 10:45:00'),(16,6,6,1,17,'good','2003-01-14 10:45:00'),(17,6,6,1,18,'good','2003-01-14 10:45:00'),(18,6,6,1,19,'good','2003-01-14 10:45:00'),(19,6,6,1,20,'good','2003-01-14 10:45:00'),(20,6,6,1,21,'good','2003-01-14 10:45:00'),(21,6,6,1,22,'good','2003-01-14 10:45:00'),(22,6,6,1,23,'good','2003-01-14 10:45:00'),(23,6,6,1,24,'good','2003-01-14 10:45:00'),(24,6,6,1,24,'good','2003-01-14 10:45:00');
/*!40000 ALTER TABLE `stbboard` ENABLE KEYS */;
UNLOCK TABLES;

--
-- Table structure for table `stbmap`
--

DROP TABLE IF EXISTS `stbmap`;
/*!40101 SET @saved_cs_client     = @@character_set_client */;
/*!40101 SET character_set_client = utf8 */;
CREATE TABLE `stbmap` (
  `locsuplayer` tinyint(3) unsigned NOT NULL,
  `stbboardloc` tinyint(3) unsigned NOT NULL,
  `stbconnector` tinyint(3) unsigned NOT NULL,
  `stbboardhalf` tinyint(3) unsigned NOT NULL,
  `hvdbtype` char(1) NOT NULL,
  `hvdbquad` tinyint(3) unsigned NOT NULL,
  `hvdbdoublet` tinyint(3) unsigned NOT NULL,
  `hvchansf` tinyint(3) unsigned NOT NULL,
  `hvchang` tinyint(3) unsigned NOT NULL,
  `fusecolumn` tinyint(3) unsigned NOT NULL,
  `fuserow` tinyint(3) unsigned NOT NULL,
  `dcrbslot` tinyint(3) unsigned NOT NULL,
  `dcrbconnector` tinyint(3) unsigned NOT NULL,
  PRIMARY KEY (`locsuplayer`,`stbboardloc`,`stbconnector`)
) ENGINE=InnoDB DEFAULT CHARSET=latin1;
/*!40101 SET character_set_client = @saved_cs_client */;

--
-- Dumping data for table `stbmap`
--

LOCK TABLES `stbmap` WRITE;
/*!40000 ALTER TABLE `stbmap` DISABLE KEYS */;
INSERT INTO `stbmap` VALUES (1,1,1,1,'F',1,1,1,1,1,1,4,1),(1,1,2,1,'F',1,1,1,1,1,1,4,2),(1,1,3,1,'F',1,1,1,1,1,2,4,3),(1,1,4,2,'F',1,2,2,1,1,2,4,4),(1,1,5,2,'F',1,2,2,1,1,3,4,5),(1,1,6,2,'F',1,2,2,1,1,3,4,6),(1,2,1,1,'F',2,1,3,1,2,1,5,1),(1,2,2,1,'F',2,1,3,1,2,1,5,2),(1,2,3,1,'F',2,1,3,1,2,2,5,3),(1,2,4,2,'F',2,2,4,1,2,2,5,4),(1,2,5,2,'F',2,2,4,1,2,3,5,5),(1,2,6,2,'F',2,2,4,1,2,3,5,6),(1,3,1,1,'F',3,1,5,1,3,1,6,1),(1,3,2,1,'F',3,1,5,1,3,1,6,2),(1,3,3,1,'F',3,1,5,1,3,2,6,3),(1,3,4,2,'F',3,2,5,1,3,2,6,4),(1,3,5,2,'F',3,2,5,1,3,3,6,5),(1,3,6,2,'F',3,2,5,1,3,3,6,6),(1,4,1,1,'B',1,1,6,2,4,1,7,1),(1,4,2,1,'B',1,1,6,2,4,1,7,2),(1,4,3,1,'B',1,1,6,2,4,2,7,3),(1,4,4,2,'B',1,2,6,2,4,2,7,4),(1,4,5,2,'B',1,2,6,2,4,3,7,5),(1,4,6,2,'B',1,2,6,2,4,3,7,6),(1,5,1,1,'B',2,1,7,2,5,1,8,1),(1,5,2,1,'B',2,1,7,2,5,1,8,2),(1,5,3,1,'B',2,1,7,2,5,2,8,3),(1,5,4,2,'B',2,2,7,2,5,2,8,4),(1,5,5,2,'B',2,2,7,2,5,3,8,5),(1,5,6,2,'B',2,2,7,2,5,3,8,6),(1,6,1,0,'B',3,1,8,2,6,1,9,1),(1,6,2,0,'B',3,1,8,2,6,1,9,2),(1,6,3,0,'B',3,1,8,2,6,2,9,3),(1,6,4,0,'B',3,1,8,2,6,2,9,4),(1,6,5,0,'B',3,1,8,2,6,3,9,5),(1,6,6,0,'B',3,1,8,2,6,3,9,6),(1,7,1,0,'B',3,2,8,2,7,1,10,1),(1,7,2,0,'B',3,2,8,2,7,1,10,2),(1,7,3,0,'B',3,2,8,2,7,2,10,3),(1,7,4,0,'B',3,2,8,2,7,2,10,4),(1,7,5,0,'B',3,2,8,2,7,3,10,5),(1,7,6,0,'B',3,2,8,2,7,3,10,6),(2,1,1,1,'F',1,1,1,0,1,1,13,1),(2,1,2,1,'F',1,1,1,0,1,1,13,2),(2,1,3,1,'F',1,1,1,0,1,2,13,3),(2,1,4,2,'F',1,2,2,0,1,2,13,4),(2,1,5,2,'F',1,2,2,0,1,3,13,5),(2,1,6,2,'F',1,2,2,0,1,3,13,6),(2,2,1,1,'F',2,1,3,0,2,1,14,1),(2,2,2,1,'F',2,1,3,0,2,1,14,2),(2,2,3,1,'F',2,1,3,0,2,2,14,3),(2,2,4,2,'F',2,2,4,0,2,2,14,4),(2,2,5,2,'F',2,2,4,0,2,3,14,5),(2,2,6,2,'F',2,2,4,0,2,3,14,6),(2,3,1,1,'F',3,1,5,0,3,1,15,1),(2,3,2,1,'F',3,1,5,0,3,1,15,2),(2,3,3,1,'F',3,1,5,0,3,2,15,3),(2,3,4,2,'F',3,2,5,0,3,2,15,4),(2,3,5,2,'F',3,2,5,0,3,3,15,5),(2,3,6,2,'F',3,2,5,0,3,3,15,6),(2,4,1,1,'B',1,1,6,1,4,1,16,1),(2,4,2,1,'B',1,1,6,1,4,1,16,2),(2,4,3,1,'B',1,1,6,1,4,2,16,3),(2,4,4,2,'B',1,2,6,1,4,2,16,4),(2,4,5,2,'B',1,2,6,1,4,3,16,5),(2,4,6,2,'B',1,2,6,1,4,3,16,6),(2,5,1,1,'B',2,1,7,1,5,1,17,1),(2,5,2,1,'B',2,1,7,1,5,1,17,2),(2,5,3,1,'B',2,1,7,1,5,2,17,3),(2,5,4,2,'B',2,2,7,1,5,2,17,4),(2,5,5,2,'B',2,2,7,1,5,3,17,5),(2,5,6,2,'B',2,2,7,1,5,3,17,6),(2,6,1,0,'B',3,1,8,1,6,1,18,1),(2,6,2,0,'B',3,1,8,1,6,1,18,2),(2,6,3,0,'B',3,1,8,1,6,2,18,3),(2,6,4,0,'B',3,1,8,1,6,2,18,4),(2,6,5,0,'B',3,1,8,1,6,3,18,5),(2,6,6,0,'B',3,1,8,1,6,3,18,6),(2,7,1,0,'B',3,2,8,1,7,1,19,1),(2,7,2,0,'B',3,2,8,1,7,1,19,2),(2,7,3,0,'B',3,2,8,1,7,2,19,3),(2,7,4,0,'B',3,2,8,1,7,2,19,4),(2,7,5,0,'B',3,2,8,1,7,3,19,5),(2,7,6,0,'B',3,2,8,1,7,3,19,6);
/*!40000 ALTER TABLE `stbmap` ENABLE KEYS */;
UNLOCK TABLES;

--
-- Table structure for table `stbpin2adbpin`
--

DROP TABLE IF EXISTS `stbpin2adbpin`;
/*!40101 SET @saved_cs_client     = @@character_set_client */;
/*!40101 SET character_set_client = utf8 */;
CREATE TABLE `stbpin2adbpin` (
  `suplayer` tinyint(3) unsigned NOT NULL DEFAULT '0',
  `stbpin` tinyint(3) unsigned NOT NULL DEFAULT '0',
  `adbpin` tinyint(3) unsigned NOT NULL DEFAULT '0',
  PRIMARY KEY (`suplayer`,`stbpin`)
) ENGINE=MyISAM DEFAULT CHARSET=latin1;
/*!40101 SET character_set_client = @saved_cs_client */;

--
-- Dumping data for table `stbpin2adbpin`
--

LOCK TABLES `stbpin2adbpin` WRITE;
/*!40000 ALTER TABLE `stbpin2adbpin` DISABLE KEYS */;
INSERT INTO `stbpin2adbpin` VALUES (1,1,1),(1,2,2),(1,3,3),(1,4,4),(1,5,5),(1,6,6),(1,7,7),(1,8,8),(1,9,9),(1,10,10),(1,11,11),(1,12,12),(1,13,13),(1,14,14),(1,15,15),(1,16,16),(2,1,1),(2,2,2),(2,3,3),(2,4,4),(2,5,5),(2,6,6),(2,7,7),(2,8,8),(2,9,9),(2,10,10),(2,11,11),(2,12,12),(2,13,13),(2,14,14),(2,15,15),(2,16,16),(3,1,1),(3,2,2),(3,3,3),(3,4,4),(3,5,5),(3,6,6),(3,7,7),(3,8,8),(3,9,9),(3,10,10),(3,11,11),(3,12,12),(3,13,13),(3,14,14),(3,15,15),(3,16,16),(4,1,1),(4,2,2),(4,3,3),(4,4,4),(4,5,5),(4,6,6),(4,7,7),(4,8,8),(4,9,9),(4,10,10),(4,11,11),(4,12,12),(4,13,13),(4,14,14),(4,15,15),(4,16,16),(5,1,16),(5,2,15),(5,3,14),(5,4,13),(5,5,12),(5,6,11),(5,7,10),(5,8,9),(5,9,8),(5,10,7),(5,11,6),(5,12,5),(5,13,4),(5,14,3),(5,15,2),(5,16,1),(6,1,1),(6,2,2),(6,3,3),(6,4,4),(6,5,5),(6,6,6),(6,7,7),(6,8,8),(6,9,9),(6,10,10),(6,11,11),(6,12,12),(6,13,13),(6,14,14),(6,15,15),(6,16,16);
/*!40000 ALTER TABLE `stbpin2adbpin` ENABLE KEYS */;
UNLOCK TABLES;

--
-- Table structure for table `tdcboard`
--

DROP TABLE IF EXISTS `tdcboard`;
/*!40101 SET @saved_cs_client     = @@character_set_client */;
/*!40101 SET character_set_client = utf8 */;
CREATE TABLE `tdcboard` (
  `id` tinyint(3) unsigned NOT NULL DEFAULT '0',
  `statchangeid` int(11) NOT NULL AUTO_INCREMENT,
  `locationkey` enum('shop','cabinet','installed') NOT NULL DEFAULT 'shop',
  `tdccrateloc` tinyint(3) unsigned DEFAULT NULL,
  `tdcslot` tinyint(3) unsigned DEFAULT NULL,
  `status` enum('good','bad') NOT NULL DEFAULT 'good',
  `datebegstatus` datetime DEFAULT NULL,
  PRIMARY KEY (`id`,`statchangeid`)
) ENGINE=MyISAM DEFAULT CHARSET=latin1;
/*!40101 SET character_set_client = @saved_cs_client */;

--
-- Dumping data for table `tdcboard`
--

LOCK TABLES `tdcboard` WRITE;
/*!40000 ALTER TABLE `tdcboard` DISABLE KEYS */;
INSERT INTO `tdcboard` VALUES (1,1,'installed',1,6,'good','2000-12-15 11:55:00'),(2,1,'installed',1,7,'good','2000-12-15 11:55:00'),(3,1,'installed',1,8,'good','2000-12-15 11:55:00'),(4,1,'installed',1,9,'good','2000-12-15 11:55:00'),(5,1,'installed',1,10,'good','2000-12-15 11:55:00'),(6,1,'installed',1,11,'good','2000-12-15 11:55:00'),(7,1,'installed',1,12,'good','2000-12-15 11:55:00'),(8,1,'installed',1,13,'good','2000-12-15 11:55:00'),(9,1,'installed',1,14,'good','2000-12-15 11:55:00'),(10,1,'installed',1,15,'good','2000-12-15 11:55:00'),(11,1,'installed',1,16,'good','2000-12-15 11:55:00'),(12,1,'installed',1,17,'good','2000-12-15 11:55:00'),(13,1,'installed',1,18,'good','2000-12-15 11:55:00'),(14,1,'installed',1,19,'good','2000-12-15 11:55:00'),(15,1,'installed',1,20,'good','2000-12-15 11:55:00'),(16,1,'installed',1,21,'good','2000-12-15 11:55:00'),(17,1,'installed',1,22,'good','2000-12-15 11:55:00'),(18,1,'installed',1,23,'good','2000-12-15 11:55:00'),(19,1,'installed',2,6,'good','2000-12-15 11:55:00'),(20,1,'installed',2,7,'good','2000-12-15 11:55:00'),(21,1,'installed',2,8,'good','2000-12-15 11:55:00'),(22,1,'installed',2,9,'good','2000-12-15 11:55:00'),(23,1,'installed',2,10,'good','2000-12-15 11:55:00'),(24,1,'installed',2,11,'good','2000-12-15 11:55:00'),(25,1,'installed',2,12,'good','2000-12-15 11:55:00'),(26,1,'installed',2,13,'good','2000-12-15 11:55:00'),(27,1,'installed',2,14,'good','2000-12-15 11:55:00'),(28,1,'installed',2,15,'good','2000-12-15 11:55:00'),(29,1,'installed',2,16,'good','2000-12-15 11:55:00'),(30,1,'installed',2,17,'good','2000-12-15 11:55:00'),(31,1,'installed',2,18,'good','2000-12-15 11:55:00'),(32,1,'installed',2,19,'good','2000-12-15 11:55:00'),(33,1,'installed',2,20,'good','2000-12-15 11:55:00'),(34,1,'installed',2,21,'good','2000-12-15 11:55:00'),(35,1,'installed',2,22,'good','2000-12-15 11:55:00'),(36,1,'installed',2,23,'good','2000-12-15 11:55:00'),(37,1,'installed',3,6,'good','2000-12-15 11:55:00'),(38,1,'installed',3,7,'good','2000-12-15 11:55:00'),(39,1,'installed',3,8,'good','2000-12-15 11:55:00'),(40,1,'installed',3,9,'good','2000-12-15 11:55:00'),(41,1,'installed',3,10,'good','2000-12-15 11:55:00'),(42,1,'installed',3,11,'good','2000-12-15 11:55:00'),(43,1,'installed',3,12,'good','2000-12-15 11:55:00'),(44,1,'installed',3,13,'good','2000-12-15 11:55:00'),(45,1,'installed',3,14,'good','2000-12-15 11:55:00'),(46,1,'installed',3,15,'good','2000-12-15 11:55:00'),(47,1,'installed',3,16,'good','2000-12-15 11:55:00'),(48,1,'installed',3,17,'good','2000-12-15 11:55:00'),(49,1,'installed',3,18,'good','2000-12-15 11:55:00'),(50,1,'installed',3,19,'good','2000-12-15 11:55:00'),(51,1,'installed',3,20,'good','2000-12-15 11:55:00'),(52,1,'installed',3,21,'good','2000-12-15 11:55:00'),(53,1,'installed',3,22,'good','2000-12-15 11:55:00'),(54,1,'installed',3,23,'good','2000-12-15 11:55:00'),(55,1,'installed',4,6,'good','2000-12-15 11:55:00'),(56,1,'installed',4,7,'good','2000-12-15 11:55:00'),(57,1,'installed',4,8,'good','2000-12-15 11:55:00'),(58,1,'installed',4,9,'good','2000-12-15 11:55:00'),(59,1,'installed',4,10,'good','2000-12-15 11:55:00'),(60,1,'installed',4,11,'good','2000-12-15 11:55:00'),(61,1,'installed',4,12,'good','2000-12-15 11:55:00'),(62,1,'installed',4,13,'good','2000-12-15 11:55:00'),(63,1,'installed',4,14,'good','2000-12-15 11:55:00'),(64,1,'installed',4,15,'good','2000-12-15 11:55:00'),(65,1,'installed',4,16,'good','2000-12-15 11:55:00'),(66,1,'installed',4,17,'good','2000-12-15 11:55:00'),(67,1,'installed',4,18,'good','2000-12-15 11:55:00'),(68,1,'installed',4,19,'good','2000-12-15 11:55:00'),(69,1,'installed',4,20,'good','2000-12-15 11:55:00'),(70,1,'installed',4,21,'good','2000-12-15 11:55:00'),(71,1,'installed',4,22,'good','2000-12-15 11:55:00'),(72,1,'installed',4,23,'good','2000-12-15 11:55:00'),(73,1,'installed',5,4,'good','2000-12-15 11:55:00'),(74,1,'installed',5,5,'good','2000-12-15 11:55:00'),(75,1,'installed',5,6,'good','2000-12-15 11:55:00'),(76,1,'installed',5,7,'good','2000-12-15 11:55:00'),(77,1,'installed',5,8,'good','2000-12-15 11:55:00'),(78,1,'installed',5,9,'good','2000-12-15 11:55:00'),(79,1,'installed',5,11,'good','2000-12-15 11:55:00'),(80,1,'installed',5,12,'good','2000-12-15 11:55:00'),(81,1,'installed',5,13,'good','2000-12-15 11:55:00'),(82,1,'installed',5,14,'good','2000-12-15 11:55:00'),(83,1,'installed',5,15,'good','2000-12-15 11:55:00'),(84,1,'installed',5,16,'good','2000-12-15 11:55:00'),(85,1,'installed',5,18,'good','2000-12-15 11:55:00'),(86,1,'installed',5,19,'good','2000-12-15 11:55:00'),(87,1,'installed',5,20,'good','2000-12-15 11:55:00'),(88,1,'installed',5,21,'good','2000-12-15 11:55:00'),(89,1,'installed',5,22,'good','2000-12-15 11:55:00'),(90,1,'installed',5,23,'good','2000-12-15 11:55:00'),(91,1,'installed',6,4,'good','2000-12-15 11:55:00'),(92,1,'installed',6,5,'good','2000-12-15 11:55:00'),(93,1,'installed',6,6,'good','2000-12-15 11:55:00'),(94,1,'installed',6,7,'good','2000-12-15 11:55:00'),(95,1,'installed',6,8,'good','2000-12-15 11:55:00'),(96,1,'installed',6,9,'good','2000-12-15 11:55:00'),(97,1,'installed',6,11,'good','2000-12-15 11:55:00'),(98,1,'installed',6,12,'good','2000-12-15 11:55:00'),(99,1,'installed',6,13,'good','2000-12-15 11:55:00'),(100,1,'installed',6,14,'good','2000-12-15 11:55:00'),(101,1,'installed',6,15,'good','2000-12-15 11:55:00'),(102,1,'installed',6,16,'good','2000-12-15 11:55:00'),(103,1,'installed',6,18,'good','2000-12-15 11:55:00'),(104,1,'installed',6,19,'good','2000-12-15 11:55:00'),(105,1,'installed',6,20,'good','2000-12-15 11:55:00'),(106,1,'installed',6,21,'good','2000-12-15 11:55:00'),(107,1,'installed',6,22,'good','2000-12-15 11:55:00'),(108,1,'installed',6,23,'good','2000-12-15 11:55:00'),(109,1,'installed',7,4,'good','2000-12-15 11:55:00'),(110,1,'installed',7,5,'good','2000-12-15 11:55:00'),(111,1,'installed',7,6,'good','2000-12-15 11:55:00'),(112,1,'installed',7,7,'good','2000-12-15 11:55:00'),(113,1,'installed',7,8,'good','2000-12-15 11:55:00'),(114,1,'installed',7,9,'good','2000-12-15 11:55:00'),(115,1,'installed',7,11,'good','2000-12-15 11:55:00'),(116,1,'installed',7,12,'good','2000-12-15 11:55:00'),(117,1,'installed',7,13,'good','2000-12-15 11:55:00'),(118,1,'installed',7,14,'good','2000-12-15 11:55:00'),(119,1,'installed',7,15,'good','2000-12-15 11:55:00'),(120,1,'installed',7,16,'good','2000-12-15 11:55:00'),(121,1,'installed',7,18,'good','2000-12-15 11:55:00'),(122,1,'installed',7,19,'good','2000-12-15 11:55:00'),(123,1,'installed',7,20,'good','2000-12-15 11:55:00'),(124,1,'installed',7,21,'good','2000-12-15 11:55:00'),(125,1,'installed',7,22,'good','2000-12-15 11:55:00'),(126,1,'installed',7,23,'good','2000-12-15 11:55:00'),(127,1,'installed',8,4,'good','2000-12-15 11:55:00'),(128,1,'installed',8,5,'good','2000-12-15 11:55:00'),(129,1,'installed',8,6,'good','2000-12-15 11:55:00'),(130,1,'installed',8,7,'good','2000-12-15 11:55:00'),(131,1,'installed',8,8,'good','2000-12-15 11:55:00'),(132,1,'installed',8,9,'good','2000-12-15 11:55:00'),(133,1,'installed',8,11,'good','2000-12-15 11:55:00'),(134,1,'installed',8,12,'good','2000-12-15 11:55:00'),(135,1,'installed',8,13,'good','2000-12-15 11:55:00'),(136,1,'installed',8,14,'good','2000-12-15 11:55:00'),(137,1,'installed',8,15,'good','2000-12-15 11:55:00'),(138,1,'installed',8,16,'good','2000-12-15 11:55:00'),(139,1,'installed',8,18,'good','2000-12-15 11:55:00'),(140,1,'installed',8,19,'good','2000-12-15 11:55:00'),(141,1,'installed',8,20,'good','2000-12-15 11:55:00'),(142,1,'installed',8,21,'good','2000-12-15 11:55:00'),(143,1,'installed',8,22,'good','2000-12-15 11:55:00'),(144,1,'installed',8,23,'good','2000-12-15 11:55:00'),(145,1,'installed',9,4,'good','2000-12-15 11:55:00'),(146,1,'installed',9,5,'good','2000-12-15 11:55:00'),(147,1,'installed',9,6,'good','2000-12-15 11:55:00'),(148,1,'installed',9,7,'good','2000-12-15 11:55:00'),(149,1,'installed',9,8,'good','2000-12-15 11:55:00'),(150,1,'installed',9,9,'good','2000-12-15 11:55:00'),(151,1,'installed',9,11,'good','2000-12-15 11:55:00'),(152,1,'installed',9,12,'good','2000-12-15 11:55:00'),(153,1,'installed',9,13,'good','2000-12-15 11:55:00'),(154,1,'installed',9,14,'good','2000-12-15 11:55:00'),(155,1,'installed',9,15,'good','2000-12-15 11:55:00'),(156,1,'installed',9,16,'good','2000-12-15 11:55:00'),(157,1,'installed',9,18,'good','2000-12-15 11:55:00'),(158,1,'installed',9,19,'good','2000-12-15 11:55:00'),(159,1,'installed',9,20,'good','2000-12-15 11:55:00'),(160,1,'installed',9,21,'good','2000-12-15 11:55:00'),(161,1,'installed',9,22,'good','2000-12-15 11:55:00'),(162,1,'installed',9,23,'good','2000-12-15 11:55:00'),(163,1,'installed',10,5,'good','2000-12-15 11:55:00'),(164,1,'installed',10,6,'good','2000-12-15 11:55:00'),(165,1,'installed',10,7,'good','2000-12-15 11:55:00'),(166,1,'installed',10,8,'good','2000-12-15 11:55:00'),(167,1,'installed',10,9,'good','2000-12-15 11:55:00'),(168,1,'installed',10,10,'good','2000-12-15 11:55:00'),(169,1,'installed',10,11,'good','2000-12-15 11:55:00'),(170,1,'installed',10,12,'good','2000-12-15 11:55:00'),(171,1,'installed',10,17,'good','2000-12-15 11:55:00'),(172,1,'installed',10,14,'good','2000-12-15 11:55:00'),(173,1,'installed',10,15,'good','2000-12-15 11:55:00'),(174,1,'installed',10,16,'good','2000-12-15 11:55:00'),(175,1,'installed',10,18,'good','2000-12-15 11:55:00'),(176,1,'installed',10,19,'good','2000-12-15 11:55:00'),(177,1,'installed',10,20,'good','2000-12-15 11:55:00'),(178,1,'installed',10,21,'good','2000-12-15 11:55:00'),(179,1,'installed',10,22,'good','2000-12-15 11:55:00'),(180,1,'installed',10,23,'good','2000-12-15 11:55:00'),(181,1,'cabinet',11,23,'good','2000-12-15 11:55:00'),(182,1,'cabinet',11,23,'good','2000-12-15 11:55:00'),(183,1,'cabinet',11,23,'good','2000-12-15 11:55:00'),(184,1,'cabinet',11,23,'good','2000-12-15 11:55:00'),(185,1,'cabinet',11,23,'good','2000-12-15 11:55:00'),(186,1,'cabinet',11,23,'good','2000-12-15 11:55:00'),(187,1,'cabinet',11,23,'good','2000-12-15 11:55:00'),(188,1,'cabinet',11,23,'good','2000-12-15 11:55:00'),(189,1,'cabinet',11,23,'good','2000-12-15 11:55:00'),(190,1,'cabinet',11,23,'good','2000-12-15 11:55:00');
/*!40000 ALTER TABLE `tdcboard` ENABLE KEYS */;
UNLOCK TABLES;

--
-- Table structure for table `tdccrate`
--

DROP TABLE IF EXISTS `tdccrate`;
/*!40101 SET @saved_cs_client     = @@character_set_client */;
/*!40101 SET character_set_client = utf8 */;
CREATE TABLE `tdccrate` (
  `id` tinyint(3) unsigned NOT NULL DEFAULT '0',
  `statchangeid` int(11) NOT NULL AUTO_INCREMENT,
  `locationkey` enum('shop','cabinet','installed') NOT NULL DEFAULT 'shop',
  `tdccrateloc` tinyint(3) unsigned DEFAULT NULL,
  `status` enum('good','bad') NOT NULL DEFAULT 'good',
  `datebegstatus` datetime DEFAULT NULL,
  PRIMARY KEY (`id`,`statchangeid`)
) ENGINE=MyISAM DEFAULT CHARSET=latin1;
/*!40101 SET character_set_client = @saved_cs_client */;

--
-- Dumping data for table `tdccrate`
--

LOCK TABLES `tdccrate` WRITE;
/*!40000 ALTER TABLE `tdccrate` DISABLE KEYS */;
INSERT INTO `tdccrate` VALUES (1,1,'installed',1,'good','2000-12-15 11:55:00'),(2,1,'installed',2,'good','2000-12-15 11:55:00'),(3,1,'installed',3,'good','2000-12-15 11:55:00'),(4,1,'installed',4,'good','2000-12-15 11:55:00'),(5,1,'installed',5,'good','2000-12-15 11:55:00'),(6,1,'installed',6,'good','2000-12-15 11:55:00'),(7,1,'installed',7,'good','2000-12-15 11:55:00'),(8,1,'installed',8,'good','2000-12-15 11:55:00'),(9,1,'installed',9,'good','2000-12-15 11:55:00'),(10,1,'installed',10,'good','2000-12-15 11:55:00'),(11,1,'cabinet',11,'good','2000-12-15 11:55:00');
/*!40000 ALTER TABLE `tdccrate` ENABLE KEYS */;
UNLOCK TABLES;

--
-- Table structure for table `tdccrate_location`
--

DROP TABLE IF EXISTS `tdccrate_location`;
/*!40101 SET @saved_cs_client     = @@character_set_client */;
/*!40101 SET character_set_client = utf8 */;
CREATE TABLE `tdccrate_location` (
  `tdccrateloc` tinyint(3) unsigned NOT NULL DEFAULT '0',
  `spaceframe_location` char(32) DEFAULT NULL,
  PRIMARY KEY (`tdccrateloc`)
) ENGINE=MyISAM DEFAULT CHARSET=latin1;
/*!40101 SET character_set_client = @saved_cs_client */;

--
-- Dumping data for table `tdccrate_location`
--

LOCK TABLES `tdccrate_location` WRITE;
/*!40000 ALTER TABLE `tdccrate_location` DISABLE KEYS */;
INSERT INTO `tdccrate_location` VALUES (1,'spaceframe - Level1 - north'),(2,'spaceframe - Level1 - north'),(3,'spaceframe - Level1 - south'),(4,'spaceframe - Level1 - south'),(5,'spaceframe - Level2 - north'),(6,'spaceframe - Level2 - north'),(7,'spaceframe - Level3 - north'),(8,'spaceframe - Level3 - north'),(9,'spaceframe - Level3 - south'),(10,'spaceframe - Level3 - south'),(11,'spaceframe - Level2 - north');
/*!40000 ALTER TABLE `tdccrate_location` ENABLE KEYS */;
UNLOCK TABLES;

--
-- Table structure for table `tdcmuxcable`
--

DROP TABLE IF EXISTS `tdcmuxcable`;
/*!40101 SET @saved_cs_client     = @@character_set_client */;
/*!40101 SET character_set_client = utf8 */;
CREATE TABLE `tdcmuxcable` (
  `id` smallint(5) unsigned NOT NULL DEFAULT '0',
  `statchangeid` int(11) NOT NULL AUTO_INCREMENT,
  `length` float unsigned DEFAULT NULL,
  `status` enum('good','bad','swapped') NOT NULL DEFAULT 'good',
  `datebegstatus` datetime DEFAULT NULL,
  PRIMARY KEY (`id`,`statchangeid`)
) ENGINE=MyISAM DEFAULT CHARSET=latin1;
/*!40101 SET character_set_client = @saved_cs_client */;

--
-- Dumping data for table `tdcmuxcable`
--

LOCK TABLES `tdcmuxcable` WRITE;
/*!40000 ALTER TABLE `tdcmuxcable` DISABLE KEYS */;
INSERT INTO `tdcmuxcable` VALUES (1,1,30,'good','2000-12-15 11:55:00'),(2,1,30,'good','2000-12-15 11:55:00'),(3,1,30,'good','2000-12-15 11:55:00'),(4,1,30,'good','2000-12-15 11:55:00'),(5,1,30,'good','2000-12-15 11:55:00'),(6,1,30,'good','2000-12-15 11:55:00'),(7,1,30,'good','2000-12-15 11:55:00'),(8,1,30,'good','2000-12-15 11:55:00'),(9,1,30,'good','2000-12-15 11:55:00'),(10,1,30,'good','2000-12-15 11:55:00'),(11,1,30,'good','2000-12-15 11:55:00'),(12,1,30,'good','2000-12-15 11:55:00'),(13,1,30,'good','2000-12-15 11:55:00'),(14,1,30,'good','2000-12-15 11:55:00'),(15,1,30,'good','2000-12-15 11:55:00'),(16,1,30,'good','2000-12-15 11:55:00'),(17,1,30,'good','2000-12-15 11:55:00'),(18,1,30,'good','2000-12-15 11:55:00'),(19,1,30,'good','2000-12-15 11:55:00'),(20,1,30,'good','2000-12-15 11:55:00'),(21,1,30,'good','2000-12-15 11:55:00'),(22,1,30,'good','2000-12-15 11:55:00'),(23,1,30,'good','2000-12-15 11:55:00'),(24,1,30,'good','2000-12-15 11:55:00'),(25,1,30,'good','2000-12-15 11:55:00'),(26,1,30,'good','2000-12-15 11:55:00'),(27,1,30,'good','2000-12-15 11:55:00'),(28,1,30,'good','2000-12-15 11:55:00'),(29,1,30,'good','2000-12-15 11:55:00'),(30,1,30,'good','2000-12-15 11:55:00'),(31,1,30,'good','2000-12-15 11:55:00'),(32,1,30,'good','2000-12-15 11:55:00'),(33,1,30,'good','2000-12-15 11:55:00'),(34,1,30,'good','2000-12-15 11:55:00'),(35,1,30,'good','2000-12-15 11:55:00'),(36,1,30,'good','2000-12-15 11:55:00'),(37,1,30,'good','2000-12-15 11:55:00'),(38,1,30,'good','2000-12-15 11:55:00'),(39,1,30,'good','2000-12-15 11:55:00'),(40,1,30,'good','2000-12-15 11:55:00'),(41,1,30,'good','2000-12-15 11:55:00'),(42,1,30,'good','2000-12-15 11:55:00'),(43,1,30,'good','2000-12-15 11:55:00'),(44,1,30,'good','2000-12-15 11:55:00'),(45,1,30,'good','2000-12-15 11:55:00'),(46,1,30,'good','2000-12-15 11:55:00'),(47,1,30,'good','2000-12-15 11:55:00'),(48,1,30,'good','2000-12-15 11:55:00'),(49,1,30,'good','2000-12-15 11:55:00'),(50,1,30,'good','2000-12-15 11:55:00'),(51,1,30,'good','2000-12-15 11:55:00'),(52,1,30,'good','2000-12-15 11:55:00'),(53,1,30,'good','2000-12-15 11:55:00'),(54,1,30,'good','2000-12-15 11:55:00'),(55,1,30,'good','2000-12-15 11:55:00'),(56,1,30,'good','2000-12-15 11:55:00'),(57,1,30,'good','2000-12-15 11:55:00'),(58,1,30,'good','2000-12-15 11:55:00'),(59,1,30,'good','2000-12-15 11:55:00'),(60,1,30,'good','2000-12-15 11:55:00'),(61,1,30,'good','2000-12-15 11:55:00'),(62,1,30,'good','2000-12-15 11:55:00'),(63,1,30,'good','2000-12-15 11:55:00'),(64,1,30,'good','2000-12-15 11:55:00'),(65,1,30,'good','2000-12-15 11:55:00'),(66,1,30,'good','2000-12-15 11:55:00'),(67,1,30,'good','2000-12-15 11:55:00'),(68,1,30,'good','2000-12-15 11:55:00'),(69,1,30,'good','2000-12-15 11:55:00'),(70,1,30,'good','2000-12-15 11:55:00'),(71,1,30,'good','2000-12-15 11:55:00'),(72,1,30,'good','2000-12-15 11:55:00'),(73,1,30,'good','2000-12-15 11:55:00'),(74,1,30,'good','2000-12-15 11:55:00'),(75,1,30,'good','2000-12-15 11:55:00'),(76,1,30,'good','2000-12-15 11:55:00'),(77,1,30,'good','2000-12-15 11:55:00'),(78,1,30,'good','2000-12-15 11:55:00'),(79,1,30,'good','2000-12-15 11:55:00'),(80,1,30,'good','2000-12-15 11:55:00'),(81,1,30,'good','2000-12-15 11:55:00'),(82,1,30,'good','2000-12-15 11:55:00'),(83,1,30,'good','2000-12-15 11:55:00'),(84,1,30,'good','2000-12-15 11:55:00'),(85,1,30,'good','2000-12-15 11:55:00'),(86,1,30,'good','2000-12-15 11:55:00'),(87,1,30,'good','2000-12-15 11:55:00'),(88,1,30,'good','2000-12-15 11:55:00'),(89,1,30,'good','2000-12-15 11:55:00'),(90,1,30,'good','2000-12-15 11:55:00'),(91,1,30,'good','2000-12-15 11:55:00'),(92,1,30,'good','2000-12-15 11:55:00'),(93,1,30,'good','2000-12-15 11:55:00'),(94,1,30,'good','2000-12-15 11:55:00'),(95,1,30,'good','2000-12-15 11:55:00'),(96,1,30,'good','2000-12-15 11:55:00'),(97,1,30,'good','2000-12-15 11:55:00'),(98,1,30,'good','2000-12-15 11:55:00'),(99,1,30,'good','2000-12-15 11:55:00'),(100,1,30,'good','2000-12-15 11:55:00'),(101,1,30,'good','2000-12-15 11:55:00'),(102,1,30,'good','2000-12-15 11:55:00'),(103,1,30,'good','2000-12-15 11:55:00'),(104,1,30,'good','2000-12-15 11:55:00'),(105,1,30,'good','2000-12-15 11:55:00'),(106,1,30,'good','2000-12-15 11:55:00'),(107,1,30,'good','2000-12-15 11:55:00'),(108,1,30,'good','2000-12-15 11:55:00'),(109,1,30,'good','2000-12-15 11:55:00'),(110,1,30,'good','2000-12-15 11:55:00'),(111,1,30,'good','2000-12-15 11:55:00'),(112,1,30,'good','2000-12-15 11:55:00'),(113,1,30,'good','2000-12-15 11:55:00'),(114,1,30,'good','2000-12-15 11:55:00'),(115,1,30,'good','2000-12-15 11:55:00'),(116,1,30,'good','2000-12-15 11:55:00'),(117,1,30,'good','2000-12-15 11:55:00'),(118,1,30,'good','2000-12-15 11:55:00'),(119,1,30,'good','2000-12-15 11:55:00'),(120,1,30,'good','2000-12-15 11:55:00'),(121,1,30,'good','2000-12-15 11:55:00'),(122,1,30,'good','2000-12-15 11:55:00'),(123,1,30,'good','2000-12-15 11:55:00'),(124,1,30,'good','2000-12-15 11:55:00'),(125,1,30,'good','2000-12-15 11:55:00'),(126,1,30,'good','2000-12-15 11:55:00'),(127,1,30,'good','2000-12-15 11:55:00'),(128,1,30,'good','2000-12-15 11:55:00'),(129,1,30,'good','2000-12-15 11:55:00'),(130,1,30,'good','2000-12-15 11:55:00'),(131,1,30,'good','2000-12-15 11:55:00'),(132,1,30,'good','2000-12-15 11:55:00'),(133,1,30,'good','2000-12-15 11:55:00'),(134,1,30,'good','2000-12-15 11:55:00'),(135,1,30,'good','2000-12-15 11:55:00'),(136,1,30,'good','2000-12-15 11:55:00'),(137,1,30,'good','2000-12-15 11:55:00'),(138,1,30,'good','2000-12-15 11:55:00'),(139,1,30,'good','2000-12-15 11:55:00'),(140,1,30,'good','2000-12-15 11:55:00'),(141,1,30,'good','2000-12-15 11:55:00'),(142,1,30,'good','2000-12-15 11:55:00'),(143,1,30,'good','2000-12-15 11:55:00'),(144,1,30,'good','2000-12-15 11:55:00'),(145,1,30,'good','2000-12-15 11:55:00'),(146,1,30,'good','2000-12-15 11:55:00'),(147,1,30,'good','2000-12-15 11:55:00'),(148,1,30,'good','2000-12-15 11:55:00'),(149,1,30,'good','2000-12-15 11:55:00'),(150,1,30,'good','2000-12-15 11:55:00'),(151,1,30,'good','2000-12-15 11:55:00'),(152,1,30,'good','2000-12-15 11:55:00'),(153,1,30,'good','2000-12-15 11:55:00'),(154,1,30,'good','2000-12-15 11:55:00'),(155,1,30,'good','2000-12-15 11:55:00'),(156,1,30,'good','2000-12-15 11:55:00'),(157,1,30,'good','2000-12-15 11:55:00'),(158,1,30,'good','2000-12-15 11:55:00'),(159,1,30,'good','2000-12-15 11:55:00'),(160,1,30,'good','2000-12-15 11:55:00'),(161,1,30,'good','2000-12-15 11:55:00'),(162,1,30,'good','2000-12-15 11:55:00'),(163,1,30,'good','2000-12-15 11:55:00'),(164,1,30,'good','2000-12-15 11:55:00'),(165,1,30,'good','2000-12-15 11:55:00'),(166,1,30,'good','2000-12-15 11:55:00'),(167,1,30,'good','2000-12-15 11:55:00'),(168,1,30,'good','2000-12-15 11:55:00'),(169,1,30,'good','2000-12-15 11:55:00'),(170,1,30,'good','2000-12-15 11:55:00'),(171,1,30,'good','2000-12-15 11:55:00'),(172,1,30,'good','2000-12-15 11:55:00'),(173,1,30,'good','2000-12-15 11:55:00'),(174,1,30,'good','2000-12-15 11:55:00'),(175,1,30,'good','2000-12-15 11:55:00'),(176,1,30,'good','2000-12-15 11:55:00'),(177,1,30,'good','2000-12-15 11:55:00'),(178,1,30,'good','2000-12-15 11:55:00'),(179,1,30,'good','2000-12-15 11:55:00'),(180,1,30,'good','2000-12-15 11:55:00'),(181,1,30,'good','2000-12-15 11:55:00'),(182,1,30,'good','2000-12-15 11:55:00'),(183,1,30,'good','2000-12-15 11:55:00'),(184,1,30,'good','2000-12-15 11:55:00'),(185,1,30,'good','2000-12-15 11:55:00'),(186,1,30,'good','2000-12-15 11:55:00'),(187,1,30,'good','2000-12-15 11:55:00'),(188,1,30,'good','2000-12-15 11:55:00'),(189,1,30,'good','2000-12-15 11:55:00'),(190,1,30,'good','2000-12-15 11:55:00'),(191,1,30,'good','2000-12-15 11:55:00'),(192,1,30,'good','2000-12-15 11:55:00'),(193,1,30,'good','2000-12-15 11:55:00'),(194,1,30,'good','2000-12-15 11:55:00'),(195,1,30,'good','2000-12-15 11:55:00'),(196,1,30,'good','2000-12-15 11:55:00'),(197,1,30,'good','2000-12-15 11:55:00'),(198,1,30,'good','2000-12-15 11:55:00'),(199,1,30,'good','2000-12-15 11:55:00'),(200,1,30,'good','2000-12-15 11:55:00'),(201,1,30,'good','2000-12-15 11:55:00'),(202,1,30,'good','2000-12-15 11:55:00'),(203,1,30,'good','2000-12-15 11:55:00'),(204,1,30,'good','2000-12-15 11:55:00'),(205,1,30,'good','2000-12-15 11:55:00'),(206,1,30,'good','2000-12-15 11:55:00'),(207,1,30,'good','2000-12-15 11:55:00'),(208,1,30,'good','2000-12-15 11:55:00'),(209,1,30,'good','2000-12-15 11:55:00'),(210,1,30,'good','2000-12-15 11:55:00'),(211,1,30,'good','2000-12-15 11:55:00'),(212,1,30,'good','2000-12-15 11:55:00'),(213,1,30,'good','2000-12-15 11:55:00'),(214,1,30,'good','2000-12-15 11:55:00'),(215,1,30,'good','2000-12-15 11:55:00'),(216,1,30,'good','2000-12-15 11:55:00'),(217,1,30,'good','2000-12-15 11:55:00'),(218,1,30,'good','2000-12-15 11:55:00'),(219,1,30,'good','2000-12-15 11:55:00'),(220,1,30,'good','2000-12-15 11:55:00'),(221,1,30,'good','2000-12-15 11:55:00'),(222,1,30,'good','2000-12-15 11:55:00'),(223,1,30,'good','2000-12-15 11:55:00'),(224,1,30,'good','2000-12-15 11:55:00'),(225,1,30,'good','2000-12-15 11:55:00'),(226,1,30,'good','2000-12-15 11:55:00'),(227,1,30,'good','2000-12-15 11:55:00'),(228,1,30,'good','2000-12-15 11:55:00'),(229,1,30,'good','2000-12-15 11:55:00'),(230,1,30,'good','2000-12-15 11:55:00'),(231,1,30,'good','2000-12-15 11:55:00'),(232,1,30,'good','2000-12-15 11:55:00'),(233,1,30,'good','2000-12-15 11:55:00'),(234,1,30,'good','2000-12-15 11:55:00'),(235,1,30,'good','2000-12-15 11:55:00'),(236,1,30,'good','2000-12-15 11:55:00'),(237,1,30,'good','2000-12-15 11:55:00'),(238,1,30,'good','2000-12-15 11:55:00'),(239,1,30,'good','2000-12-15 11:55:00'),(240,1,30,'good','2000-12-15 11:55:00'),(241,1,30,'good','2000-12-15 11:55:00'),(242,1,30,'good','2000-12-15 11:55:00'),(243,1,30,'good','2000-12-15 11:55:00'),(244,1,30,'good','2000-12-15 11:55:00'),(245,1,30,'good','2000-12-15 11:55:00'),(246,1,30,'good','2000-12-15 11:55:00'),(247,1,30,'good','2000-12-15 11:55:00'),(248,1,30,'good','2000-12-15 11:55:00'),(249,1,30,'good','2000-12-15 11:55:00'),(250,1,30,'good','2000-12-15 11:55:00'),(251,1,30,'good','2000-12-15 11:55:00'),(252,1,30,'good','2000-12-15 11:55:00'),(253,1,30,'good','2000-12-15 11:55:00'),(254,1,30,'good','2000-12-15 11:55:00'),(255,1,30,'good','2000-12-15 11:55:00'),(256,1,30,'good','2000-12-15 11:55:00'),(257,1,30,'good','2000-12-15 11:55:00'),(258,1,30,'good','2000-12-15 11:55:00'),(259,1,30,'good','2000-12-15 11:55:00'),(260,1,30,'good','2000-12-15 11:55:00'),(261,1,30,'good','2000-12-15 11:55:00'),(262,1,30,'good','2000-12-15 11:55:00'),(263,1,30,'good','2000-12-15 11:55:00'),(264,1,30,'good','2000-12-15 11:55:00'),(265,1,30,'good','2000-12-15 11:55:00'),(266,1,30,'good','2000-12-15 11:55:00'),(267,1,30,'good','2000-12-15 11:55:00'),(268,1,30,'good','2000-12-15 11:55:00'),(269,1,30,'good','2000-12-15 11:55:00'),(270,1,30,'good','2000-12-15 11:55:00'),(271,1,30,'good','2000-12-15 11:55:00'),(272,1,30,'good','2000-12-15 11:55:00'),(273,1,30,'good','2000-12-15 11:55:00'),(274,1,30,'good','2000-12-15 11:55:00'),(275,1,30,'good','2000-12-15 11:55:00'),(276,1,30,'good','2000-12-15 11:55:00'),(277,1,30,'good','2000-12-15 11:55:00'),(278,1,30,'good','2000-12-15 11:55:00'),(279,1,30,'good','2000-12-15 11:55:00'),(280,1,30,'good','2000-12-15 11:55:00'),(281,1,30,'good','2000-12-15 11:55:00'),(282,1,30,'good','2000-12-15 11:55:00'),(283,1,30,'good','2000-12-15 11:55:00'),(284,1,30,'good','2000-12-15 11:55:00'),(285,1,30,'good','2000-12-15 11:55:00'),(286,1,30,'good','2000-12-15 11:55:00'),(287,1,30,'good','2000-12-15 11:55:00'),(288,1,30,'good','2000-12-15 11:55:00'),(289,1,30,'good','2000-12-15 11:55:00'),(290,1,30,'good','2000-12-15 11:55:00'),(291,1,30,'good','2000-12-15 11:55:00'),(292,1,30,'good','2000-12-15 11:55:00'),(293,1,30,'good','2000-12-15 11:55:00'),(294,1,30,'good','2000-12-15 11:55:00'),(295,1,30,'good','2000-12-15 11:55:00'),(296,1,30,'good','2000-12-15 11:55:00'),(297,1,30,'good','2000-12-15 11:55:00'),(298,1,30,'good','2000-12-15 11:55:00'),(299,1,30,'good','2000-12-15 11:55:00'),(300,1,30,'good','2000-12-15 11:55:00'),(301,1,30,'good','2000-12-15 11:55:00'),(302,1,30,'good','2000-12-15 11:55:00'),(303,1,30,'good','2000-12-15 11:55:00'),(304,1,30,'good','2000-12-15 11:55:00'),(305,1,30,'good','2000-12-15 11:55:00'),(306,1,30,'good','2000-12-15 11:55:00'),(307,1,30,'good','2000-12-15 11:55:00'),(308,1,30,'good','2000-12-15 11:55:00'),(309,1,30,'good','2000-12-15 11:55:00'),(310,1,30,'good','2000-12-15 11:55:00'),(311,1,30,'good','2000-12-15 11:55:00'),(312,1,30,'good','2000-12-15 11:55:00'),(313,1,30,'good','2000-12-15 11:55:00'),(314,1,30,'good','2000-12-15 11:55:00'),(315,1,30,'good','2000-12-15 11:55:00'),(316,1,30,'good','2000-12-15 11:55:00'),(317,1,30,'good','2000-12-15 11:55:00'),(318,1,30,'good','2000-12-15 11:55:00'),(319,1,30,'good','2000-12-15 11:55:00'),(320,1,30,'good','2000-12-15 11:55:00'),(321,1,30,'good','2000-12-15 11:55:00'),(322,1,30,'good','2000-12-15 11:55:00'),(323,1,30,'good','2000-12-15 11:55:00'),(324,1,30,'good','2000-12-15 11:55:00'),(325,1,30,'good','2000-12-15 11:55:00'),(326,1,30,'good','2000-12-15 11:55:00'),(327,1,30,'good','2000-12-15 11:55:00'),(328,1,30,'good','2000-12-15 11:55:00'),(329,1,30,'good','2000-12-15 11:55:00'),(330,1,30,'good','2000-12-15 11:55:00'),(331,1,30,'good','2000-12-15 11:55:00'),(332,1,30,'good','2000-12-15 11:55:00'),(333,1,30,'good','2000-12-15 11:55:00'),(334,1,30,'good','2000-12-15 11:55:00'),(335,1,30,'good','2000-12-15 11:55:00'),(336,1,30,'good','2000-12-15 11:55:00'),(337,1,30,'good','2000-12-15 11:55:00'),(338,1,30,'good','2000-12-15 11:55:00'),(339,1,30,'good','2000-12-15 11:55:00'),(340,1,30,'good','2000-12-15 11:55:00'),(341,1,30,'good','2000-12-15 11:55:00'),(342,1,30,'good','2000-12-15 11:55:00'),(343,1,30,'good','2000-12-15 11:55:00'),(344,1,30,'good','2000-12-15 11:55:00'),(345,1,30,'good','2000-12-15 11:55:00'),(346,1,30,'good','2000-12-15 11:55:00'),(347,1,30,'good','2000-12-15 11:55:00'),(348,1,30,'good','2000-12-15 11:55:00'),(349,1,30,'good','2000-12-15 11:55:00'),(350,1,30,'good','2000-12-15 11:55:00'),(351,1,30,'good','2000-12-15 11:55:00'),(352,1,30,'good','2000-12-15 11:55:00'),(353,1,30,'good','2000-12-15 11:55:00'),(354,1,30,'good','2000-12-15 11:55:00'),(355,1,30,'good','2000-12-15 11:55:00'),(356,1,30,'good','2000-12-15 11:55:00'),(357,1,30,'good','2000-12-15 11:55:00'),(358,1,30,'good','2000-12-15 11:55:00'),(359,1,30,'good','2000-12-15 11:55:00'),(360,1,30,'good','2000-12-15 11:55:00'),(361,1,30,'good','2000-12-15 11:55:00'),(362,1,30,'good','2000-12-15 11:55:00'),(363,1,30,'good','2000-12-15 11:55:00'),(364,1,30,'good','2000-12-15 11:55:00'),(365,1,30,'good','2000-12-15 11:55:00'),(366,1,30,'good','2000-12-15 11:55:00'),(367,1,30,'good','2000-12-15 11:55:00'),(368,1,30,'good','2000-12-15 11:55:00'),(369,1,30,'good','2000-12-15 11:55:00'),(370,1,30,'good','2000-12-15 11:55:00'),(371,1,30,'good','2000-12-15 11:55:00'),(372,1,30,'good','2000-12-15 11:55:00'),(373,1,30,'good','2000-12-15 11:55:00'),(374,1,30,'good','2000-12-15 11:55:00'),(375,1,30,'good','2000-12-15 11:55:00'),(376,1,30,'good','2000-12-15 11:55:00'),(377,1,30,'good','2000-12-15 11:55:00'),(378,1,30,'good','2000-12-15 11:55:00'),(379,1,30,'good','2000-12-15 11:55:00'),(380,1,30,'good','2000-12-15 11:55:00'),(381,1,30,'good','2000-12-15 11:55:00'),(382,1,30,'good','2000-12-15 11:55:00'),(383,1,30,'good','2000-12-15 11:55:00'),(384,1,30,'good','2000-12-15 11:55:00'),(385,1,30,'good','2000-12-15 11:55:00'),(386,1,30,'good','2000-12-15 11:55:00'),(387,1,30,'good','2000-12-15 11:55:00'),(388,1,30,'good','2000-12-15 11:55:00'),(389,1,30,'good','2000-12-15 11:55:00'),(390,1,30,'good','2000-12-15 11:55:00'),(391,1,30,'good','2000-12-15 11:55:00'),(392,1,30,'good','2000-12-15 11:55:00'),(393,1,30,'good','2000-12-15 11:55:00'),(394,1,30,'good','2000-12-15 11:55:00'),(395,1,30,'good','2000-12-15 11:55:00'),(396,1,30,'good','2000-12-15 11:55:00'),(397,1,30,'good','2000-12-15 11:55:00'),(398,1,30,'good','2000-12-15 11:55:00'),(399,1,30,'good','2000-12-15 11:55:00'),(400,1,30,'good','2000-12-15 11:55:00'),(401,1,30,'good','2000-12-15 11:55:00'),(402,1,30,'good','2000-12-15 11:55:00'),(403,1,30,'good','2000-12-15 11:55:00'),(404,1,30,'good','2000-12-15 11:55:00'),(405,1,30,'good','2000-12-15 11:55:00'),(406,1,30,'good','2000-12-15 11:55:00'),(407,1,30,'good','2000-12-15 11:55:00'),(408,1,30,'good','2000-12-15 11:55:00'),(409,1,30,'good','2000-12-15 11:55:00'),(410,1,30,'good','2000-12-15 11:55:00'),(411,1,30,'good','2000-12-15 11:55:00'),(412,1,30,'good','2000-12-15 11:55:00'),(413,1,30,'good','2000-12-15 11:55:00'),(414,1,30,'good','2000-12-15 11:55:00'),(415,1,30,'good','2000-12-15 11:55:00'),(416,1,30,'good','2000-12-15 11:55:00'),(417,1,30,'good','2000-12-15 11:55:00'),(418,1,30,'good','2000-12-15 11:55:00'),(419,1,30,'good','2000-12-15 11:55:00'),(420,1,30,'good','2000-12-15 11:55:00'),(421,1,30,'good','2000-12-15 11:55:00'),(422,1,30,'good','2000-12-15 11:55:00'),(423,1,30,'good','2000-12-15 11:55:00'),(424,1,30,'good','2000-12-15 11:55:00'),(425,1,30,'good','2000-12-15 11:55:00'),(426,1,30,'good','2000-12-15 11:55:00'),(427,1,30,'good','2000-12-15 11:55:00'),(428,1,30,'good','2000-12-15 11:55:00'),(429,1,30,'good','2000-12-15 11:55:00'),(430,1,30,'good','2000-12-15 11:55:00'),(431,1,30,'good','2000-12-15 11:55:00'),(432,1,30,'good','2000-12-15 11:55:00'),(433,1,30,'good','2000-12-15 11:55:00'),(434,1,30,'good','2000-12-15 11:55:00'),(435,1,30,'good','2000-12-15 11:55:00'),(436,1,30,'good','2000-12-15 11:55:00'),(437,1,30,'good','2000-12-15 11:55:00'),(438,1,30,'good','2000-12-15 11:55:00'),(439,1,30,'good','2000-12-15 11:55:00'),(440,1,30,'good','2000-12-15 11:55:00'),(441,1,30,'good','2000-12-15 11:55:00'),(442,1,30,'good','2000-12-15 11:55:00'),(443,1,30,'good','2000-12-15 11:55:00'),(444,1,30,'good','2000-12-15 11:55:00'),(445,1,30,'good','2000-12-15 11:55:00'),(446,1,30,'good','2000-12-15 11:55:00'),(447,1,30,'good','2000-12-15 11:55:00'),(448,1,30,'good','2000-12-15 11:55:00'),(449,1,30,'good','2000-12-15 11:55:00'),(450,1,30,'good','2000-12-15 11:55:00'),(451,1,30,'good','2000-12-15 11:55:00'),(452,1,30,'good','2000-12-15 11:55:00'),(453,1,30,'good','2000-12-15 11:55:00'),(454,1,30,'good','2000-12-15 11:55:00'),(455,1,30,'good','2000-12-15 11:55:00'),(456,1,30,'good','2000-12-15 11:55:00'),(457,1,30,'good','2000-12-15 11:55:00'),(458,1,30,'good','2000-12-15 11:55:00'),(459,1,30,'good','2000-12-15 11:55:00'),(460,1,30,'good','2000-12-15 11:55:00'),(461,1,30,'good','2000-12-15 11:55:00'),(462,1,30,'good','2000-12-15 11:55:00'),(463,1,30,'good','2000-12-15 11:55:00'),(464,1,30,'good','2000-12-15 11:55:00'),(465,1,30,'good','2000-12-15 11:55:00'),(466,1,30,'good','2000-12-15 11:55:00'),(467,1,30,'good','2000-12-15 11:55:00'),(468,1,30,'good','2000-12-15 11:55:00'),(469,1,30,'good','2000-12-15 11:55:00'),(470,1,30,'good','2000-12-15 11:55:00'),(471,1,30,'good','2000-12-15 11:55:00'),(472,1,30,'good','2000-12-15 11:55:00'),(473,1,30,'good','2000-12-15 11:55:00'),(474,1,30,'good','2000-12-15 11:55:00'),(475,1,30,'good','2000-12-15 11:55:00'),(476,1,30,'good','2000-12-15 11:55:00'),(477,1,30,'good','2000-12-15 11:55:00'),(478,1,30,'good','2000-12-15 11:55:00'),(479,1,30,'good','2000-12-15 11:55:00'),(480,1,30,'good','2000-12-15 11:55:00'),(481,1,30,'good','2000-12-15 11:55:00'),(482,1,30,'good','2000-12-15 11:55:00'),(483,1,30,'good','2000-12-15 11:55:00'),(484,1,30,'good','2000-12-15 11:55:00'),(485,1,30,'good','2000-12-15 11:55:00'),(486,1,30,'good','2000-12-15 11:55:00'),(487,1,30,'good','2000-12-15 11:55:00'),(488,1,30,'good','2000-12-15 11:55:00'),(489,1,30,'good','2000-12-15 11:55:00'),(490,1,30,'good','2000-12-15 11:55:00'),(491,1,30,'good','2000-12-15 11:55:00'),(492,1,30,'good','2000-12-15 11:55:00'),(493,1,30,'good','2000-12-15 11:55:00'),(494,1,30,'good','2000-12-15 11:55:00'),(495,1,30,'good','2000-12-15 11:55:00'),(496,1,30,'good','2000-12-15 11:55:00'),(497,1,30,'good','2000-12-15 11:55:00'),(498,1,30,'good','2000-12-15 11:55:00'),(499,1,30,'good','2000-12-15 11:55:00'),(500,1,30,'good','2000-12-15 11:55:00'),(501,1,30,'good','2000-12-15 11:55:00'),(502,1,30,'good','2000-12-15 11:55:00'),(503,1,30,'good','2000-12-15 11:55:00'),(504,1,30,'good','2000-12-15 11:55:00'),(505,1,30,'good','2000-12-15 11:55:00'),(506,1,30,'good','2000-12-15 11:55:00'),(507,1,30,'good','2000-12-15 11:55:00'),(508,1,30,'good','2000-12-15 11:55:00'),(509,1,30,'good','2000-12-15 11:55:00'),(510,1,30,'good','2000-12-15 11:55:00'),(511,1,30,'good','2000-12-15 11:55:00'),(512,1,30,'good','2000-12-15 11:55:00'),(513,1,30,'good','2000-12-15 11:55:00'),(514,1,30,'good','2000-12-15 11:55:00'),(515,1,30,'good','2000-12-15 11:55:00'),(516,1,30,'good','2000-12-15 11:55:00'),(517,1,30,'good','2000-12-15 11:55:00'),(518,1,30,'good','2000-12-15 11:55:00'),(519,1,30,'good','2000-12-15 11:55:00'),(520,1,30,'good','2000-12-15 11:55:00'),(521,1,30,'good','2000-12-15 11:55:00'),(522,1,30,'good','2000-12-15 11:55:00'),(523,1,30,'good','2000-12-15 11:55:00'),(524,1,30,'good','2000-12-15 11:55:00'),(525,1,30,'good','2000-12-15 11:55:00'),(526,1,30,'good','2000-12-15 11:55:00'),(527,1,30,'good','2000-12-15 11:55:00'),(528,1,30,'good','2000-12-15 11:55:00'),(529,1,30,'good','2000-12-15 11:55:00'),(530,1,30,'good','2000-12-15 11:55:00'),(531,1,30,'good','2000-12-15 11:55:00'),(532,1,30,'good','2000-12-15 11:55:00'),(533,1,30,'good','2000-12-15 11:55:00'),(534,1,30,'good','2000-12-15 11:55:00'),(535,1,30,'good','2000-12-15 11:55:00'),(536,1,30,'good','2000-12-15 11:55:00'),(537,1,30,'good','2000-12-15 11:55:00'),(538,1,30,'good','2000-12-15 11:55:00'),(539,1,30,'good','2000-12-15 11:55:00'),(540,1,30,'good','2000-12-15 11:55:00'),(541,1,30,'good','2000-12-15 11:55:00'),(542,1,30,'good','2000-12-15 11:55:00'),(543,1,30,'good','2000-12-15 11:55:00'),(544,1,30,'good','2000-12-15 11:55:00'),(545,1,30,'good','2000-12-15 11:55:00'),(546,1,30,'good','2000-12-15 11:55:00'),(547,1,30,'good','2000-12-15 11:55:00'),(548,1,30,'good','2000-12-15 11:55:00'),(549,1,30,'good','2000-12-15 11:55:00'),(550,1,30,'good','2000-12-15 11:55:00'),(551,1,30,'good','2000-12-15 11:55:00'),(552,1,30,'good','2000-12-15 11:55:00'),(553,1,30,'good','2000-12-15 11:55:00'),(554,1,30,'good','2000-12-15 11:55:00'),(555,1,30,'good','2000-12-15 11:55:00'),(556,1,30,'good','2000-12-15 11:55:00'),(557,1,30,'good','2000-12-15 11:55:00'),(558,1,30,'good','2000-12-15 11:55:00'),(559,1,30,'good','2000-12-15 11:55:00'),(560,1,30,'good','2000-12-15 11:55:00'),(561,1,30,'good','2000-12-15 11:55:00'),(562,1,30,'good','2000-12-15 11:55:00'),(563,1,30,'good','2000-12-15 11:55:00'),(564,1,30,'good','2000-12-15 11:55:00'),(565,1,30,'good','2000-12-15 11:55:00'),(566,1,30,'good','2000-12-15 11:55:00'),(567,1,30,'good','2000-12-15 11:55:00'),(568,1,30,'good','2000-12-15 11:55:00'),(569,1,30,'good','2000-12-15 11:55:00'),(570,1,30,'good','2000-12-15 11:55:00'),(571,1,30,'good','2000-12-15 11:55:00'),(572,1,30,'good','2000-12-15 11:55:00'),(573,1,30,'good','2000-12-15 11:55:00'),(574,1,30,'good','2000-12-15 11:55:00'),(575,1,30,'good','2000-12-15 11:55:00'),(576,1,30,'good','2000-12-15 11:55:00'),(577,1,30,'good','2000-12-15 11:55:00'),(578,1,30,'good','2000-12-15 11:55:00'),(579,1,30,'good','2000-12-15 11:55:00'),(580,1,30,'good','2000-12-15 11:55:00'),(581,1,30,'good','2000-12-15 11:55:00'),(582,1,30,'good','2000-12-15 11:55:00'),(583,1,30,'good','2000-12-15 11:55:00'),(584,1,30,'good','2000-12-15 11:55:00'),(585,1,30,'good','2000-12-15 11:55:00'),(586,1,30,'good','2000-12-15 11:55:00'),(587,1,30,'good','2000-12-15 11:55:00'),(588,1,30,'good','2000-12-15 11:55:00'),(589,1,30,'good','2000-12-15 11:55:00'),(590,1,30,'good','2000-12-15 11:55:00'),(591,1,30,'good','2000-12-15 11:55:00'),(592,1,30,'good','2000-12-15 11:55:00'),(593,1,30,'good','2000-12-15 11:55:00'),(594,1,30,'good','2000-12-15 11:55:00'),(595,1,30,'good','2000-12-15 11:55:00'),(596,1,30,'good','2000-12-15 11:55:00'),(597,1,30,'good','2000-12-15 11:55:00'),(598,1,30,'good','2000-12-15 11:55:00'),(599,1,30,'good','2000-12-15 11:55:00'),(600,1,30,'good','2000-12-15 11:55:00'),(601,1,30,'good','2000-12-15 11:55:00'),(602,1,30,'good','2000-12-15 11:55:00'),(603,1,30,'good','2000-12-15 11:55:00'),(604,1,30,'good','2000-12-15 11:55:00'),(605,1,30,'good','2000-12-15 11:55:00'),(606,1,30,'good','2000-12-15 11:55:00'),(607,1,30,'good','2000-12-15 11:55:00'),(608,1,30,'good','2000-12-15 11:55:00'),(609,1,30,'good','2000-12-15 11:55:00'),(610,1,30,'good','2000-12-15 11:55:00'),(611,1,30,'good','2000-12-15 11:55:00'),(612,1,30,'good','2000-12-15 11:55:00'),(613,1,30,'good','2000-12-15 11:55:00'),(614,1,30,'good','2000-12-15 11:55:00'),(615,1,30,'good','2000-12-15 11:55:00'),(616,1,30,'good','2000-12-15 11:55:00'),(617,1,30,'good','2000-12-15 11:55:00'),(618,1,30,'good','2000-12-15 11:55:00'),(619,1,30,'good','2000-12-15 11:55:00'),(620,1,30,'good','2000-12-15 11:55:00'),(621,1,30,'good','2000-12-15 11:55:00'),(622,1,30,'good','2000-12-15 11:55:00'),(623,1,30,'good','2000-12-15 11:55:00'),(624,1,30,'good','2000-12-15 11:55:00'),(625,1,30,'good','2000-12-15 11:55:00'),(626,1,30,'good','2000-12-15 11:55:00'),(627,1,30,'good','2000-12-15 11:55:00'),(628,1,30,'good','2000-12-15 11:55:00'),(629,1,30,'good','2000-12-15 11:55:00'),(630,1,30,'good','2000-12-15 11:55:00'),(631,1,30,'good','2000-12-15 11:55:00'),(632,1,30,'good','2000-12-15 11:55:00'),(633,1,30,'good','2000-12-15 11:55:00'),(634,1,30,'good','2000-12-15 11:55:00'),(635,1,30,'good','2000-12-15 11:55:00'),(636,1,30,'good','2000-12-15 11:55:00'),(637,1,30,'good','2000-12-15 11:55:00'),(638,1,30,'good','2000-12-15 11:55:00'),(639,1,30,'good','2000-12-15 11:55:00'),(640,1,30,'good','2000-12-15 11:55:00'),(641,1,30,'good','2000-12-15 11:55:00'),(642,1,30,'good','2000-12-15 11:55:00'),(643,1,30,'good','2000-12-15 11:55:00'),(644,1,30,'good','2000-12-15 11:55:00'),(645,1,30,'good','2000-12-15 11:55:00'),(646,1,30,'good','2000-12-15 11:55:00'),(647,1,30,'good','2000-12-15 11:55:00'),(648,1,30,'good','2000-12-15 11:55:00'),(649,1,30,'good','2000-12-15 11:55:00'),(650,1,30,'good','2000-12-15 11:55:00'),(651,1,30,'good','2000-12-15 11:55:00'),(652,1,30,'good','2000-12-15 11:55:00'),(653,1,30,'good','2000-12-15 11:55:00'),(654,1,30,'good','2000-12-15 11:55:00'),(655,1,30,'good','2000-12-15 11:55:00'),(656,1,30,'good','2000-12-15 11:55:00'),(657,1,30,'good','2000-12-15 11:55:00'),(658,1,30,'good','2000-12-15 11:55:00'),(659,1,30,'good','2000-12-15 11:55:00'),(660,1,30,'good','2000-12-15 11:55:00'),(661,1,30,'good','2000-12-15 11:55:00'),(662,1,30,'good','2000-12-15 11:55:00'),(663,1,30,'good','2000-12-15 11:55:00'),(664,1,30,'good','2000-12-15 11:55:00'),(665,1,30,'good','2000-12-15 11:55:00'),(666,1,30,'good','2000-12-15 11:55:00'),(667,1,30,'good','2000-12-15 11:55:00'),(668,1,30,'good','2000-12-15 11:55:00'),(669,1,30,'good','2000-12-15 11:55:00'),(670,1,30,'good','2000-12-15 11:55:00'),(671,1,30,'good','2000-12-15 11:55:00'),(672,1,30,'good','2000-12-15 11:55:00'),(673,1,30,'good','2000-12-15 11:55:00'),(674,1,30,'good','2000-12-15 11:55:00'),(675,1,30,'good','2000-12-15 11:55:00'),(676,1,30,'good','2000-12-15 11:55:00'),(677,1,30,'good','2000-12-15 11:55:00'),(678,1,30,'good','2000-12-15 11:55:00'),(679,1,30,'good','2000-12-15 11:55:00'),(680,1,30,'good','2000-12-15 11:55:00'),(681,1,30,'good','2000-12-15 11:55:00'),(682,1,30,'good','2000-12-15 11:55:00'),(683,1,30,'good','2000-12-15 11:55:00'),(684,1,30,'good','2000-12-15 11:55:00'),(685,1,30,'good','2000-12-15 11:55:00'),(686,1,30,'good','2000-12-15 11:55:00'),(687,1,30,'good','2000-12-15 11:55:00'),(688,1,30,'good','2000-12-15 11:55:00'),(689,1,30,'good','2000-12-15 11:55:00'),(690,1,30,'good','2000-12-15 11:55:00'),(691,1,30,'good','2000-12-15 11:55:00'),(692,1,30,'good','2000-12-15 11:55:00'),(693,1,30,'good','2000-12-15 11:55:00'),(694,1,30,'good','2000-12-15 11:55:00'),(695,1,30,'good','2000-12-15 11:55:00'),(696,1,30,'good','2000-12-15 11:55:00'),(697,1,30,'good','2000-12-15 11:55:00'),(698,1,30,'good','2000-12-15 11:55:00'),(699,1,30,'good','2000-12-15 11:55:00'),(700,1,30,'good','2000-12-15 11:55:00'),(701,1,30,'good','2000-12-15 11:55:00'),(702,1,30,'good','2000-12-15 11:55:00'),(703,1,30,'good','2000-12-15 11:55:00'),(704,1,30,'good','2000-12-15 11:55:00'),(705,1,30,'good','2000-12-15 11:55:00'),(706,1,30,'good','2000-12-15 11:55:00'),(707,1,30,'good','2000-12-15 11:55:00'),(708,1,30,'good','2000-12-15 11:55:00'),(709,1,30,'good','2000-12-15 11:55:00'),(710,1,30,'good','2000-12-15 11:55:00'),(711,1,30,'good','2000-12-15 11:55:00'),(712,1,30,'good','2000-12-15 11:55:00'),(713,1,30,'good','2000-12-15 11:55:00'),(714,1,30,'good','2000-12-15 11:55:00'),(715,1,30,'good','2000-12-15 11:55:00'),(716,1,30,'good','2000-12-15 11:55:00'),(717,1,30,'good','2000-12-15 11:55:00'),(718,1,30,'good','2000-12-15 11:55:00'),(719,1,30,'good','2000-12-15 11:55:00'),(720,1,30,'good','2000-12-15 11:55:00'),(721,1,30,'good','2000-12-15 11:55:00'),(722,1,30,'good','2000-12-15 11:55:00'),(723,1,30,'good','2000-12-15 11:55:00'),(724,1,30,'good','2000-12-15 11:55:00'),(725,1,30,'good','2000-12-15 11:55:00'),(726,1,30,'good','2000-12-15 11:55:00'),(727,1,30,'good','2000-12-15 11:55:00'),(728,1,30,'good','2000-12-15 11:55:00'),(729,1,30,'good','2000-12-15 11:55:00'),(730,1,30,'good','2000-12-15 11:55:00'),(731,1,30,'good','2000-12-15 11:55:00'),(732,1,30,'good','2000-12-15 11:55:00'),(733,1,30,'good','2000-12-15 11:55:00'),(734,1,30,'good','2000-12-15 11:55:00'),(735,1,30,'good','2000-12-15 11:55:00'),(736,1,30,'good','2000-12-15 11:55:00'),(737,1,30,'good','2000-12-15 11:55:00'),(738,1,30,'good','2000-12-15 11:55:00'),(739,1,30,'good','2000-12-15 11:55:00'),(740,1,30,'good','2000-12-15 11:55:00'),(741,1,30,'good','2000-12-15 11:55:00'),(742,1,30,'good','2000-12-15 11:55:00'),(743,1,30,'good','2000-12-15 11:55:00'),(744,1,30,'good','2000-12-15 11:55:00'),(745,1,30,'good','2000-12-15 11:55:00'),(746,1,30,'good','2000-12-15 11:55:00'),(747,1,30,'good','2000-12-15 11:55:00'),(748,1,30,'good','2000-12-15 11:55:00'),(749,1,30,'good','2000-12-15 11:55:00'),(750,1,30,'good','2000-12-15 11:55:00'),(751,1,30,'good','2000-12-15 11:55:00'),(752,1,30,'good','2000-12-15 11:55:00'),(753,1,30,'good','2000-12-15 11:55:00'),(754,1,30,'good','2000-12-15 11:55:00'),(755,1,30,'good','2000-12-15 11:55:00'),(756,1,30,'good','2000-12-15 11:55:00'),(757,1,30,'good','2000-12-15 11:55:00'),(758,1,30,'good','2000-12-15 11:55:00'),(759,1,30,'good','2000-12-15 11:55:00'),(760,1,30,'good','2000-12-15 11:55:00'),(761,1,30,'good','2000-12-15 11:55:00'),(762,1,30,'good','2000-12-15 11:55:00'),(763,1,30,'good','2000-12-15 11:55:00'),(764,1,30,'good','2000-12-15 11:55:00'),(765,1,30,'good','2000-12-15 11:55:00'),(766,1,30,'good','2000-12-15 11:55:00'),(767,1,30,'good','2000-12-15 11:55:00'),(768,1,30,'good','2000-12-15 11:55:00'),(769,1,30,'good','2000-12-15 11:55:00'),(770,1,30,'good','2000-12-15 11:55:00'),(771,1,30,'good','2000-12-15 11:55:00'),(772,1,30,'good','2000-12-15 11:55:00'),(773,1,30,'good','2000-12-15 11:55:00'),(774,1,30,'good','2000-12-15 11:55:00'),(775,1,30,'good','2000-12-15 11:55:00'),(776,1,30,'good','2000-12-15 11:55:00'),(777,1,30,'good','2000-12-15 11:55:00'),(778,1,30,'good','2000-12-15 11:55:00'),(779,1,30,'good','2000-12-15 11:55:00'),(780,1,30,'good','2000-12-15 11:55:00'),(781,1,30,'good','2000-12-15 11:55:00'),(782,1,30,'good','2000-12-15 11:55:00'),(783,1,30,'good','2000-12-15 11:55:00'),(784,1,30,'good','2000-12-15 11:55:00'),(785,1,30,'good','2000-12-15 11:55:00'),(786,1,30,'good','2000-12-15 11:55:00'),(787,1,30,'good','2000-12-15 11:55:00'),(788,1,30,'good','2000-12-15 11:55:00'),(789,1,30,'good','2000-12-15 11:55:00'),(790,1,30,'good','2000-12-15 11:55:00'),(791,1,30,'good','2000-12-15 11:55:00'),(792,1,30,'good','2000-12-15 11:55:00'),(793,1,30,'good','2000-12-15 11:55:00'),(794,1,30,'good','2000-12-15 11:55:00'),(795,1,30,'good','2000-12-15 11:55:00'),(796,1,30,'good','2000-12-15 11:55:00'),(797,1,30,'good','2000-12-15 11:55:00'),(798,1,30,'good','2000-12-15 11:55:00'),(799,1,30,'good','2000-12-15 11:55:00'),(800,1,30,'good','2000-12-15 11:55:00'),(801,1,30,'good','2000-12-15 11:55:00'),(802,1,30,'good','2000-12-15 11:55:00'),(803,1,30,'good','2000-12-15 11:55:00'),(804,1,30,'good','2000-12-15 11:55:00'),(805,1,30,'good','2000-12-15 11:55:00'),(806,1,30,'good','2000-12-15 11:55:00'),(807,1,30,'good','2000-12-15 11:55:00'),(808,1,30,'good','2000-12-15 11:55:00'),(809,1,30,'good','2000-12-15 11:55:00'),(810,1,30,'good','2000-12-15 11:55:00'),(811,1,30,'good','2000-12-15 11:55:00'),(812,1,30,'good','2000-12-15 11:55:00'),(813,1,30,'good','2000-12-15 11:55:00'),(814,1,30,'good','2000-12-15 11:55:00'),(815,1,30,'good','2000-12-15 11:55:00'),(816,1,30,'good','2000-12-15 11:55:00'),(817,1,30,'good','2000-12-15 11:55:00'),(818,1,30,'good','2000-12-15 11:55:00'),(819,1,30,'good','2000-12-15 11:55:00'),(820,1,30,'good','2000-12-15 11:55:00'),(821,1,30,'good','2000-12-15 11:55:00'),(822,1,30,'good','2000-12-15 11:55:00'),(823,1,30,'good','2000-12-15 11:55:00'),(824,1,30,'good','2000-12-15 11:55:00'),(825,1,30,'good','2000-12-15 11:55:00'),(826,1,30,'good','2000-12-15 11:55:00'),(827,1,30,'good','2000-12-15 11:55:00'),(828,1,30,'good','2000-12-15 11:55:00'),(829,1,30,'good','2000-12-15 11:55:00'),(830,1,30,'good','2000-12-15 11:55:00'),(831,1,30,'good','2000-12-15 11:55:00'),(832,1,30,'good','2000-12-15 11:55:00'),(833,1,30,'good','2000-12-15 11:55:00'),(834,1,30,'good','2000-12-15 11:55:00'),(835,1,30,'good','2000-12-15 11:55:00'),(836,1,30,'good','2000-12-15 11:55:00'),(837,1,30,'good','2000-12-15 11:55:00'),(838,1,30,'good','2000-12-15 11:55:00'),(839,1,30,'good','2000-12-15 11:55:00'),(840,1,30,'good','2000-12-15 11:55:00'),(841,1,30,'good','2000-12-15 11:55:00'),(842,1,30,'good','2000-12-15 11:55:00'),(843,1,30,'good','2000-12-15 11:55:00'),(844,1,30,'good','2000-12-15 11:55:00'),(845,1,30,'good','2000-12-15 11:55:00'),(846,1,30,'good','2000-12-15 11:55:00'),(847,1,30,'good','2000-12-15 11:55:00'),(848,1,30,'good','2000-12-15 11:55:00'),(849,1,30,'good','2000-12-15 11:55:00'),(850,1,30,'good','2000-12-15 11:55:00'),(851,1,30,'good','2000-12-15 11:55:00'),(852,1,30,'good','2000-12-15 11:55:00'),(853,1,30,'good','2000-12-15 11:55:00'),(854,1,30,'good','2000-12-15 11:55:00'),(855,1,30,'good','2000-12-15 11:55:00'),(856,1,30,'good','2000-12-15 11:55:00'),(857,1,30,'good','2000-12-15 11:55:00'),(858,1,30,'good','2000-12-15 11:55:00'),(859,1,30,'good','2000-12-15 11:55:00'),(860,1,30,'good','2000-12-15 11:55:00'),(861,1,30,'good','2000-12-15 11:55:00'),(862,1,30,'good','2000-12-15 11:55:00'),(863,1,30,'good','2000-12-15 11:55:00'),(864,1,30,'good','2000-12-15 11:55:00'),(865,1,30,'good','2000-12-15 11:55:00'),(866,1,30,'good','2000-12-15 11:55:00'),(867,1,30,'good','2000-12-15 11:55:00'),(868,1,30,'good','2000-12-15 11:55:00'),(869,1,30,'good','2000-12-15 11:55:00'),(870,1,30,'good','2000-12-15 11:55:00'),(871,1,30,'good','2000-12-15 11:55:00'),(872,1,30,'good','2000-12-15 11:55:00'),(873,1,30,'good','2000-12-15 11:55:00'),(874,1,30,'good','2000-12-15 11:55:00'),(875,1,30,'good','2000-12-15 11:55:00'),(876,1,30,'good','2000-12-15 11:55:00'),(877,1,30,'good','2000-12-15 11:55:00'),(878,1,30,'good','2000-12-15 11:55:00'),(879,1,30,'good','2000-12-15 11:55:00'),(880,1,30,'good','2000-12-15 11:55:00'),(881,1,30,'good','2000-12-15 11:55:00'),(882,1,30,'good','2000-12-15 11:55:00'),(883,1,30,'good','2000-12-15 11:55:00'),(884,1,30,'good','2000-12-15 11:55:00'),(885,1,30,'good','2000-12-15 11:55:00'),(886,1,30,'good','2000-12-15 11:55:00'),(887,1,30,'good','2000-12-15 11:55:00'),(888,1,30,'good','2000-12-15 11:55:00'),(889,1,30,'good','2000-12-15 11:55:00'),(890,1,30,'good','2000-12-15 11:55:00'),(891,1,30,'good','2000-12-15 11:55:00'),(892,1,30,'good','2000-12-15 11:55:00'),(893,1,30,'good','2000-12-15 11:55:00'),(894,1,30,'good','2000-12-15 11:55:00'),(895,1,30,'good','2000-12-15 11:55:00'),(896,1,30,'good','2000-12-15 11:55:00'),(897,1,30,'good','2000-12-15 11:55:00'),(898,1,30,'good','2000-12-15 11:55:00'),(899,1,30,'good','2000-12-15 11:55:00'),(900,1,30,'good','2000-12-15 11:55:00'),(901,1,30,'good','2000-12-15 11:55:00'),(902,1,30,'good','2000-12-15 11:55:00'),(903,1,30,'good','2000-12-15 11:55:00'),(904,1,30,'good','2000-12-15 11:55:00'),(905,1,30,'good','2000-12-15 11:55:00'),(906,1,30,'good','2000-12-15 11:55:00'),(907,1,30,'good','2000-12-15 11:55:00'),(908,1,30,'good','2000-12-15 11:55:00'),(909,1,30,'good','2000-12-15 11:55:00'),(910,1,30,'good','2000-12-15 11:55:00'),(911,1,30,'good','2000-12-15 11:55:00'),(912,1,30,'good','2000-12-15 11:55:00'),(913,1,30,'good','2000-12-15 11:55:00'),(914,1,30,'good','2000-12-15 11:55:00'),(915,1,30,'good','2000-12-15 11:55:00'),(916,1,30,'good','2000-12-15 11:55:00'),(917,1,30,'good','2000-12-15 11:55:00'),(918,1,30,'good','2000-12-15 11:55:00'),(919,1,30,'good','2000-12-15 11:55:00'),(920,1,30,'good','2000-12-15 11:55:00'),(921,1,30,'good','2000-12-15 11:55:00'),(922,1,30,'good','2000-12-15 11:55:00'),(923,1,30,'good','2000-12-15 11:55:00'),(924,1,30,'good','2000-12-15 11:55:00'),(925,1,30,'good','2000-12-15 11:55:00'),(926,1,30,'good','2000-12-15 11:55:00'),(927,1,30,'good','2000-12-15 11:55:00'),(928,1,30,'good','2000-12-15 11:55:00'),(929,1,30,'good','2000-12-15 11:55:00'),(930,1,30,'good','2000-12-15 11:55:00'),(931,1,30,'good','2000-12-15 11:55:00'),(932,1,30,'good','2000-12-15 11:55:00'),(933,1,30,'good','2000-12-15 11:55:00'),(934,1,30,'good','2000-12-15 11:55:00'),(935,1,30,'good','2000-12-15 11:55:00'),(936,1,30,'good','2000-12-15 11:55:00'),(937,1,30,'good','2000-12-15 11:55:00'),(938,1,30,'good','2000-12-15 11:55:00'),(939,1,30,'good','2000-12-15 11:55:00'),(940,1,30,'good','2000-12-15 11:55:00'),(941,1,30,'good','2000-12-15 11:55:00'),(942,1,30,'good','2000-12-15 11:55:00'),(943,1,30,'good','2000-12-15 11:55:00'),(944,1,30,'good','2000-12-15 11:55:00'),(945,1,30,'good','2000-12-15 11:55:00'),(946,1,30,'good','2000-12-15 11:55:00'),(947,1,30,'good','2000-12-15 11:55:00'),(948,1,30,'good','2000-12-15 11:55:00'),(949,1,30,'good','2000-12-15 11:55:00'),(950,1,30,'good','2000-12-15 11:55:00'),(951,1,30,'good','2000-12-15 11:55:00'),(952,1,30,'good','2000-12-15 11:55:00'),(953,1,30,'good','2000-12-15 11:55:00'),(954,1,30,'good','2000-12-15 11:55:00'),(955,1,30,'good','2000-12-15 11:55:00'),(956,1,30,'good','2000-12-15 11:55:00'),(957,1,30,'good','2000-12-15 11:55:00'),(958,1,30,'good','2000-12-15 11:55:00'),(959,1,30,'good','2000-12-15 11:55:00'),(960,1,30,'good','2000-12-15 11:55:00'),(961,1,30,'good','2000-12-15 11:55:00'),(962,1,30,'good','2000-12-15 11:55:00'),(963,1,30,'good','2000-12-15 11:55:00'),(964,1,30,'good','2000-12-15 11:55:00'),(965,1,30,'good','2000-12-15 11:55:00'),(966,1,30,'good','2000-12-15 11:55:00'),(967,1,30,'good','2000-12-15 11:55:00'),(968,1,30,'good','2000-12-15 11:55:00'),(969,1,30,'good','2000-12-15 11:55:00'),(970,1,30,'good','2000-12-15 11:55:00'),(971,1,30,'good','2000-12-15 11:55:00'),(972,1,30,'good','2000-12-15 11:55:00'),(973,1,30,'good','2000-12-15 11:55:00'),(974,1,30,'good','2000-12-15 11:55:00'),(975,1,30,'good','2000-12-15 11:55:00'),(976,1,30,'good','2000-12-15 11:55:00'),(977,1,30,'good','2000-12-15 11:55:00'),(978,1,30,'good','2000-12-15 11:55:00'),(979,1,30,'good','2000-12-15 11:55:00'),(980,1,30,'good','2000-12-15 11:55:00'),(981,1,30,'good','2000-12-15 11:55:00'),(982,1,30,'good','2000-12-15 11:55:00'),(983,1,30,'good','2000-12-15 11:55:00'),(984,1,30,'good','2000-12-15 11:55:00'),(985,1,30,'good','2000-12-15 11:55:00'),(986,1,30,'good','2000-12-15 11:55:00'),(987,1,30,'good','2000-12-15 11:55:00'),(988,1,30,'good','2000-12-15 11:55:00'),(989,1,30,'good','2000-12-15 11:55:00'),(990,1,30,'good','2000-12-15 11:55:00'),(991,1,30,'good','2000-12-15 11:55:00'),(992,1,30,'good','2000-12-15 11:55:00'),(993,1,30,'good','2000-12-15 11:55:00'),(994,1,30,'good','2000-12-15 11:55:00'),(995,1,30,'good','2000-12-15 11:55:00'),(996,1,30,'good','2000-12-15 11:55:00'),(997,1,30,'good','2000-12-15 11:55:00'),(998,1,30,'good','2000-12-15 11:55:00'),(999,1,30,'good','2000-12-15 11:55:00'),(1000,1,30,'good','2000-12-15 11:55:00'),(1001,1,30,'good','2000-12-15 11:55:00'),(1002,1,30,'good','2000-12-15 11:55:00'),(1003,1,30,'good','2000-12-15 11:55:00'),(1004,1,30,'good','2000-12-15 11:55:00'),(1005,1,30,'good','2000-12-15 11:55:00'),(1006,1,30,'good','2000-12-15 11:55:00'),(1007,1,30,'good','2000-12-15 11:55:00'),(1008,1,30,'good','2000-12-15 11:55:00'),(1009,1,30,'good','2000-12-15 11:55:00'),(1010,1,30,'good','2000-12-15 11:55:00'),(1011,1,30,'good','2000-12-15 11:55:00'),(1012,1,30,'good','2000-12-15 11:55:00'),(1013,1,30,'good','2000-12-15 11:55:00'),(1014,1,30,'good','2000-12-15 11:55:00'),(1015,1,30,'good','2000-12-15 11:55:00'),(1016,1,30,'good','2000-12-15 11:55:00'),(1017,1,30,'good','2000-12-15 11:55:00'),(1018,1,30,'good','2000-12-15 11:55:00'),(1019,1,30,'good','2000-12-15 11:55:00'),(1020,1,30,'good','2000-12-15 11:55:00'),(1021,1,30,'good','2000-12-15 11:55:00'),(1022,1,30,'good','2000-12-15 11:55:00'),(1023,1,30,'good','2000-12-15 11:55:00'),(1024,1,30,'good','2000-12-15 11:55:00'),(1025,1,30,'good','2000-12-15 11:55:00'),(1026,1,30,'good','2000-12-15 11:55:00'),(1027,1,30,'good','2000-12-15 11:55:00'),(1028,1,30,'good','2000-12-15 11:55:00'),(1029,1,30,'good','2000-12-15 11:55:00'),(1030,1,30,'good','2000-12-15 11:55:00'),(1031,1,30,'good','2000-12-15 11:55:00'),(1032,1,30,'good','2000-12-15 11:55:00'),(1033,1,30,'good','2000-12-15 11:55:00'),(1034,1,30,'good','2000-12-15 11:55:00'),(1035,1,30,'good','2000-12-15 11:55:00'),(1036,1,30,'good','2000-12-15 11:55:00'),(1037,1,30,'good','2000-12-15 11:55:00'),(1038,1,30,'good','2000-12-15 11:55:00'),(1039,1,30,'good','2000-12-15 11:55:00'),(1040,1,30,'good','2000-12-15 11:55:00'),(1041,1,30,'good','2000-12-15 11:55:00'),(1042,1,30,'good','2000-12-15 11:55:00'),(1043,1,30,'good','2000-12-15 11:55:00'),(1044,1,30,'good','2000-12-15 11:55:00'),(1045,1,30,'good','2000-12-15 11:55:00'),(1046,1,30,'good','2000-12-15 11:55:00'),(1047,1,30,'good','2000-12-15 11:55:00'),(1048,1,30,'good','2000-12-15 11:55:00'),(1049,1,30,'good','2000-12-15 11:55:00'),(1050,1,30,'good','2000-12-15 11:55:00'),(1051,1,30,'good','2000-12-15 11:55:00'),(1052,1,30,'good','2000-12-15 11:55:00'),(1053,1,30,'good','2000-12-15 11:55:00'),(1054,1,30,'good','2000-12-15 11:55:00'),(1055,1,30,'good','2000-12-15 11:55:00'),(1056,1,30,'good','2000-12-15 11:55:00'),(1057,1,30,'good','2000-12-15 11:55:00'),(1058,1,30,'good','2000-12-15 11:55:00'),(1059,1,30,'good','2000-12-15 11:55:00'),(1060,1,30,'good','2000-12-15 11:55:00'),(1061,1,30,'good','2000-12-15 11:55:00'),(1062,1,30,'good','2000-12-15 11:55:00'),(1063,1,30,'good','2000-12-15 11:55:00'),(1064,1,30,'good','2000-12-15 11:55:00'),(1065,1,30,'good','2000-12-15 11:55:00'),(1066,1,30,'good','2000-12-15 11:55:00'),(1067,1,30,'good','2000-12-15 11:55:00'),(1068,1,30,'good','2000-12-15 11:55:00'),(1069,1,30,'good','2000-12-15 11:55:00'),(1070,1,30,'good','2000-12-15 11:55:00'),(1071,1,30,'good','2000-12-15 11:55:00'),(1072,1,30,'good','2000-12-15 11:55:00'),(1073,1,30,'good','2000-12-15 11:55:00'),(1074,1,30,'good','2000-12-15 11:55:00'),(1075,1,30,'good','2000-12-15 11:55:00'),(1076,1,30,'good','2000-12-15 11:55:00'),(1077,1,30,'good','2000-12-15 11:55:00'),(1078,1,30,'good','2000-12-15 11:55:00'),(1079,1,30,'good','2000-12-15 11:55:00'),(1080,1,30,'good','2000-12-15 11:55:00');
/*!40000 ALTER TABLE `tdcmuxcable` ENABLE KEYS */;
UNLOCK TABLES;

--
-- Table structure for table `tdcmuxmap`
--

DROP TABLE IF EXISTS `tdcmuxmap`;
/*!40101 SET @saved_cs_client     = @@character_set_client */;
/*!40101 SET character_set_client = utf8 */;
CREATE TABLE `tdcmuxmap` (
  `adbcrateloc` tinyint(3) unsigned NOT NULL DEFAULT '0',
  `adbslot` tinyint(3) unsigned NOT NULL DEFAULT '0',
  `muxconnector` tinyint(3) unsigned NOT NULL DEFAULT '0',
  `tdccrateloc` tinyint(3) unsigned NOT NULL DEFAULT '0',
  `tdcslot` tinyint(3) unsigned NOT NULL DEFAULT '0',
  `tdcconnector` tinyint(3) unsigned NOT NULL DEFAULT '0',
  `tdcmuxcableid` smallint(5) unsigned NOT NULL DEFAULT '0',
  PRIMARY KEY (`adbcrateloc`,`adbslot`,`muxconnector`)
) ENGINE=MyISAM DEFAULT CHARSET=latin1;
/*!40101 SET character_set_client = @saved_cs_client */;

--
-- Dumping data for table `tdcmuxmap`
--

LOCK TABLES `tdcmuxmap` WRITE;
/*!40000 ALTER TABLE `tdcmuxmap` DISABLE KEYS */;
INSERT INTO `tdcmuxmap` VALUES (1,1,1,1,18,1,1),(1,1,2,1,18,2,2),(1,1,3,1,18,3,3),(1,2,1,1,18,4,4),(1,2,2,1,18,5,5),(1,2,3,1,18,6,6),(1,3,1,1,19,1,7),(1,3,2,1,19,2,8),(1,3,3,1,19,3,9),(1,4,1,1,19,4,10),(1,4,2,1,19,5,11),(1,4,3,1,19,6,12),(1,5,1,1,20,1,13),(1,5,2,1,20,2,14),(1,5,3,1,20,3,15),(1,6,1,1,20,4,16),(1,6,2,1,20,5,17),(1,6,3,1,20,6,18),(1,7,1,1,21,1,19),(1,7,2,1,21,2,20),(1,7,3,1,21,3,21),(1,8,1,1,21,4,22),(1,8,2,1,21,5,23),(1,8,3,1,21,6,24),(1,9,1,1,22,1,25),(1,9,2,1,22,2,26),(1,9,3,1,22,3,27),(1,10,1,1,22,4,28),(1,10,2,1,22,5,29),(1,10,3,1,22,6,30),(1,11,1,1,23,1,31),(1,11,2,1,23,2,32),(1,11,3,1,23,3,33),(1,12,1,1,23,4,34),(1,12,2,1,23,5,35),(1,12,3,1,23,6,36),(2,1,1,2,12,1,37),(2,1,2,2,12,2,38),(2,1,3,2,12,3,39),(2,2,1,2,12,4,40),(2,2,2,2,12,5,41),(2,2,3,2,12,6,42),(2,3,1,2,13,1,43),(2,3,2,2,13,2,44),(2,3,3,2,13,3,45),(2,4,1,2,13,4,46),(2,4,2,2,13,5,47),(2,4,3,2,13,6,48),(2,5,1,2,14,1,49),(2,5,2,2,14,2,50),(2,5,3,2,14,3,51),(2,6,1,2,14,4,52),(2,6,2,2,14,5,53),(2,6,3,2,14,6,54),(2,7,1,2,15,1,55),(2,7,2,2,15,2,56),(2,7,3,2,15,3,57),(2,8,1,2,15,4,58),(2,8,2,2,15,5,59),(2,8,3,2,15,6,60),(2,9,1,2,16,1,61),(2,9,2,2,16,2,62),(2,9,3,2,16,3,63),(2,10,1,2,16,4,64),(2,10,2,2,16,5,65),(2,10,3,2,16,6,66),(2,11,1,2,17,1,67),(2,11,2,2,17,2,68),(2,11,3,2,17,3,69),(2,12,1,2,17,4,70),(2,12,2,2,17,5,71),(2,12,3,2,17,6,72),(3,1,1,2,18,1,73),(3,1,2,2,18,2,74),(3,1,3,2,18,3,75),(3,2,1,2,18,4,76),(3,2,2,2,18,5,77),(3,2,3,2,18,6,78),(3,3,1,2,19,1,79),(3,3,2,2,19,2,80),(3,3,3,2,19,3,81),(3,4,1,2,19,4,82),(3,4,2,2,19,5,83),(3,4,3,2,19,6,84),(3,5,1,2,20,1,85),(3,5,2,2,20,2,86),(3,5,3,2,20,3,87),(3,6,1,2,20,4,88),(3,6,2,2,20,5,89),(3,6,3,2,20,6,90),(3,7,1,2,21,1,91),(3,7,2,2,21,2,92),(3,7,3,2,21,3,93),(3,8,1,2,21,4,94),(3,8,2,2,21,5,95),(3,8,3,2,21,6,96),(3,9,1,2,22,1,97),(3,9,2,2,22,2,98),(3,9,3,2,22,3,99),(3,10,1,2,22,4,100),(3,10,2,2,22,5,101),(3,10,3,2,22,6,102),(3,11,1,2,23,1,103),(3,11,2,2,23,2,104),(3,11,3,2,23,3,105),(3,12,1,2,23,4,106),(3,12,2,2,23,5,107),(3,12,3,2,23,6,108),(4,1,1,1,6,1,109),(4,1,2,1,6,2,110),(4,1,3,1,6,3,111),(4,2,1,1,6,4,112),(4,2,2,1,6,5,113),(4,2,3,1,6,6,114),(4,3,1,1,7,1,115),(4,3,2,1,7,2,116),(4,3,3,1,7,3,117),(4,4,1,1,7,4,118),(4,4,2,1,7,5,119),(4,4,3,1,7,6,120),(4,5,1,1,8,1,121),(4,5,2,1,8,2,122),(4,5,3,1,8,3,123),(4,6,1,1,8,4,124),(4,6,2,1,8,5,125),(4,6,3,1,8,6,126),(4,7,1,1,9,1,127),(4,7,2,1,9,2,128),(4,7,3,1,9,3,129),(4,8,1,1,9,4,130),(4,8,2,1,9,5,131),(4,8,3,1,9,6,132),(4,9,1,1,10,1,133),(4,9,2,1,10,2,134),(4,9,3,1,10,3,135),(4,10,1,1,10,4,136),(4,10,2,1,10,5,137),(4,10,3,1,10,6,138),(4,11,1,1,11,1,139),(4,11,2,1,11,2,140),(4,11,3,1,11,3,141),(4,12,1,1,11,4,142),(4,12,2,1,11,5,143),(4,12,3,1,11,6,144),(5,1,1,1,12,1,145),(5,1,2,1,12,2,146),(5,1,3,1,12,3,147),(5,2,1,1,12,4,148),(5,2,2,1,12,5,149),(5,2,3,1,12,6,150),(5,3,1,1,13,1,151),(5,3,2,1,13,2,152),(5,3,3,1,13,3,153),(5,4,1,1,13,4,154),(5,4,2,1,13,5,155),(5,4,3,1,13,6,156),(5,5,1,1,14,1,157),(5,5,2,1,14,2,158),(5,5,3,1,14,3,159),(5,6,1,1,14,4,160),(5,6,2,1,14,5,161),(5,6,3,1,14,6,162),(5,7,1,1,15,1,163),(5,7,2,1,15,2,164),(5,7,3,1,15,3,165),(5,8,1,1,15,4,166),(5,8,2,1,15,5,167),(5,8,3,1,15,6,168),(5,9,1,1,16,1,169),(5,9,2,1,16,2,170),(5,9,3,1,16,3,171),(5,10,1,1,16,4,172),(5,10,2,1,16,5,173),(5,10,3,1,16,6,174),(5,11,1,1,17,1,175),(5,11,2,1,17,2,176),(5,11,3,1,17,3,177),(5,12,1,1,17,4,178),(5,12,2,1,17,5,179),(5,12,3,1,17,6,180),(6,1,1,2,6,1,181),(6,1,2,2,6,2,182),(6,1,3,2,6,3,183),(6,2,1,2,6,4,184),(6,2,2,2,6,5,185),(6,2,3,2,6,6,186),(6,3,1,2,7,1,187),(6,3,2,2,7,2,188),(6,3,3,2,7,3,189),(6,4,1,2,7,4,190),(6,4,2,2,7,5,191),(6,4,3,2,7,6,192),(6,5,1,2,8,1,193),(6,5,2,2,8,2,194),(6,5,3,2,8,3,195),(6,6,1,2,8,4,196),(6,6,2,2,8,5,197),(6,6,3,2,8,6,198),(6,7,1,2,9,1,199),(6,7,2,2,9,2,200),(6,7,3,2,9,3,201),(6,8,1,2,9,4,202),(6,8,2,2,9,5,203),(6,8,3,2,9,6,204),(6,9,1,2,10,1,205),(6,9,2,2,10,2,206),(6,9,3,2,10,3,207),(6,10,1,2,10,4,208),(6,10,2,2,10,5,209),(6,10,3,2,10,6,210),(6,11,1,2,11,1,211),(6,11,2,2,11,2,212),(6,11,3,2,11,3,213),(6,12,1,2,11,4,214),(6,12,2,2,11,5,215),(6,12,3,2,11,6,216),(7,1,1,3,18,1,217),(7,1,2,3,18,2,218),(7,1,3,3,18,3,219),(7,2,1,3,18,4,220),(7,2,2,3,18,5,221),(7,2,3,3,18,6,222),(7,3,1,3,19,1,223),(7,3,2,3,19,2,224),(7,3,3,3,19,3,225),(7,4,1,3,19,4,226),(7,4,2,3,19,5,227),(7,4,3,3,19,6,228),(7,5,1,3,20,1,229),(7,5,2,3,20,2,230),(7,5,3,3,20,3,231),(7,6,1,3,20,4,232),(7,6,2,3,20,5,233),(7,6,3,3,20,6,234),(7,7,1,3,21,1,235),(7,7,2,3,21,2,236),(7,7,3,3,21,3,237),(7,8,1,3,21,4,238),(7,8,2,3,21,5,239),(7,8,3,3,21,6,240),(7,9,1,3,22,1,241),(7,9,2,3,22,2,242),(7,9,3,3,22,3,243),(7,10,1,3,22,4,244),(7,10,2,3,22,5,245),(7,10,3,3,22,6,246),(7,11,1,3,23,1,247),(7,11,2,3,23,2,248),(7,11,3,3,23,3,249),(7,12,1,3,23,4,250),(7,12,2,3,23,5,251),(7,12,3,3,23,6,252),(8,1,1,4,12,1,253),(8,1,2,4,12,2,254),(8,1,3,4,12,3,255),(8,2,1,4,12,4,256),(8,2,2,4,12,5,257),(8,2,3,4,12,6,258),(8,3,1,4,13,1,259),(8,3,2,4,13,2,260),(8,3,3,4,13,3,261),(8,4,1,4,13,4,262),(8,4,2,4,13,5,263),(8,4,3,4,13,6,264),(8,5,1,4,14,1,265),(8,5,2,4,14,2,266),(8,5,3,4,14,3,267),(8,6,1,4,14,4,268),(8,6,2,4,14,5,269),(8,6,3,4,14,6,270),(8,7,1,4,15,1,271),(8,7,2,4,15,2,272),(8,7,3,4,15,3,273),(8,8,1,4,15,4,274),(8,8,2,4,15,5,275),(8,8,3,4,15,6,276),(8,9,1,4,16,1,277),(8,9,2,4,16,2,278),(8,9,3,4,16,3,279),(8,10,1,4,16,4,280),(8,10,2,4,16,5,281),(8,10,3,4,16,6,282),(8,11,1,4,17,1,283),(8,11,2,4,17,2,284),(8,11,3,4,17,3,285),(8,12,1,4,17,4,286),(8,12,2,4,17,5,287),(8,12,3,4,17,6,288),(9,1,1,4,18,1,289),(9,1,2,4,18,2,290),(9,1,3,4,18,3,291),(9,2,1,4,18,4,292),(9,2,2,4,18,5,293),(9,2,3,4,18,6,294),(9,3,1,4,19,1,295),(9,3,2,4,19,2,296),(9,3,3,4,19,3,297),(9,4,1,4,19,4,298),(9,4,2,4,19,5,299),(9,4,3,4,19,6,300),(9,5,1,4,20,1,301),(9,5,2,4,20,2,302),(9,5,3,4,20,3,303),(9,6,1,4,20,4,304),(9,6,2,4,20,5,305),(9,6,3,4,20,6,306),(9,7,1,4,21,1,307),(9,7,2,4,21,2,308),(9,7,3,4,21,3,309),(9,8,1,4,21,4,310),(9,8,2,4,21,5,311),(9,8,3,4,21,6,312),(9,9,1,4,22,1,313),(9,9,2,4,22,2,314),(9,9,3,4,22,3,315),(9,10,1,4,22,4,316),(9,10,2,4,22,5,317),(9,10,3,4,22,6,318),(9,11,1,4,23,1,319),(9,11,2,4,23,2,320),(9,11,3,4,23,3,321),(9,12,1,4,23,4,322),(9,12,2,4,23,5,323),(9,12,3,4,23,6,324),(10,1,1,3,6,1,325),(10,1,2,3,6,2,326),(10,1,3,3,6,3,327),(10,2,1,3,6,4,328),(10,2,2,3,6,5,329),(10,2,3,3,6,6,330),(10,3,1,3,7,1,331),(10,3,2,3,7,2,332),(10,3,3,3,7,3,333),(10,4,1,3,7,4,334),(10,4,2,3,7,5,335),(10,4,3,3,7,6,336),(10,5,1,3,8,1,337),(10,5,2,3,8,2,338),(10,5,3,3,8,3,339),(10,6,1,3,8,4,340),(10,6,2,3,8,5,341),(10,6,3,3,8,6,342),(10,7,1,3,9,1,343),(10,7,2,3,9,2,344),(10,7,3,3,9,3,345),(10,8,1,3,9,4,346),(10,8,2,3,9,5,347),(10,8,3,3,9,6,348),(10,9,1,3,10,1,349),(10,9,2,3,10,2,350),(10,9,3,3,10,3,351),(10,10,1,3,10,4,352),(10,10,2,3,10,5,353),(10,10,3,3,10,6,354),(10,11,1,3,11,1,355),(10,11,2,3,11,2,356),(10,11,3,3,11,3,357),(10,12,1,3,11,4,358),(10,12,2,3,11,5,359),(10,12,3,3,11,6,360),(11,1,1,3,12,1,361),(11,1,2,3,12,2,362),(11,1,3,3,12,3,363),(11,2,1,3,12,4,364),(11,2,2,3,12,5,365),(11,2,3,3,12,6,366),(11,3,1,3,13,1,367),(11,3,2,3,13,2,368),(11,3,3,3,13,3,369),(11,4,1,3,13,4,370),(11,4,2,3,13,5,371),(11,4,3,3,13,6,372),(11,5,1,3,14,1,373),(11,5,2,3,14,2,374),(11,5,3,3,14,3,375),(11,6,1,3,14,4,376),(11,6,2,3,14,5,377),(11,6,3,3,14,6,378),(11,7,1,3,15,1,379),(11,7,2,3,15,2,380),(11,7,3,3,15,3,381),(11,8,1,3,15,4,382),(11,8,2,3,15,5,383),(11,8,3,3,15,6,384),(11,9,1,3,16,1,385),(11,9,2,3,16,2,386),(11,9,3,3,16,3,387),(11,10,1,3,16,4,388),(11,10,2,3,16,5,389),(11,10,3,3,16,6,390),(11,11,1,3,17,1,391),(11,11,2,3,17,2,392),(11,11,3,3,17,3,393),(11,12,1,3,17,4,394),(11,12,2,3,17,5,395),(11,12,3,3,17,6,396),(12,1,1,4,6,1,397),(12,1,2,4,6,2,398),(12,1,3,4,6,3,399),(12,2,1,4,6,4,400),(12,2,2,4,6,5,401),(12,2,3,4,6,6,402),(12,3,1,4,7,1,403),(12,3,2,4,7,2,404),(12,3,3,4,7,3,405),(12,4,1,4,7,4,406),(12,4,2,4,7,5,407),(12,4,3,4,7,6,408),(12,5,1,4,8,1,409),(12,5,2,4,8,2,410),(12,5,3,4,8,3,411),(12,6,1,4,8,4,412),(12,6,2,4,8,5,413),(12,6,3,4,8,6,414),(12,7,1,4,9,1,415),(12,7,2,4,9,2,416),(12,7,3,4,9,3,417),(12,8,1,4,9,4,418),(12,8,2,4,9,5,419),(12,8,3,4,9,6,420),(12,9,1,4,10,1,421),(12,9,2,4,10,2,422),(12,9,3,4,10,3,423),(12,10,1,4,10,4,424),(12,10,2,4,10,5,425),(12,10,3,4,10,6,426),(12,11,1,4,11,1,427),(12,11,2,4,11,2,428),(12,11,3,4,11,3,429),(12,12,1,4,11,4,430),(12,12,2,4,11,5,431),(12,12,3,4,11,6,432),(13,1,1,11,12,1,433),(13,1,2,11,12,2,434),(13,1,3,11,12,3,435),(13,2,1,11,12,4,436),(13,2,2,11,12,5,437),(13,2,3,11,12,6,438),(13,3,1,11,13,1,439),(13,3,2,11,13,2,440),(13,3,3,11,13,3,441),(13,4,1,11,13,4,442),(13,4,2,11,13,5,443),(13,4,3,11,13,6,444),(13,5,1,11,14,1,445),(13,5,2,11,14,2,446),(13,5,3,11,14,3,447),(13,6,1,11,14,4,448),(13,6,2,11,14,5,449),(13,6,3,11,14,6,450),(13,7,1,11,15,1,451),(13,7,2,11,15,2,452),(13,7,3,11,15,3,453),(13,8,1,11,15,4,454),(13,8,2,11,15,5,455),(13,8,3,11,15,6,456),(13,9,1,11,16,1,457),(13,9,2,11,16,2,458),(13,9,3,11,16,3,459),(13,10,1,11,16,4,460),(13,10,2,11,16,5,461),(13,10,3,11,16,6,462),(13,11,1,11,17,1,463),(13,11,2,11,17,2,464),(13,11,3,11,17,3,465),(13,12,1,11,17,4,466),(13,12,2,11,17,5,467),(13,12,3,11,17,6,468),(14,1,1,6,12,1,469),(14,1,2,6,12,2,470),(14,1,3,6,12,3,471),(14,2,1,6,12,4,472),(14,2,2,6,12,5,473),(14,2,3,6,12,6,474),(14,3,1,6,13,1,475),(14,3,2,6,13,2,476),(14,3,3,6,13,3,477),(14,4,1,6,13,4,478),(14,4,2,6,13,5,479),(14,4,3,6,13,6,480),(14,5,1,6,14,1,481),(14,5,2,6,14,2,482),(14,5,3,6,14,3,483),(14,6,1,6,14,4,484),(14,6,2,6,14,5,485),(14,6,3,6,14,6,486),(14,7,1,6,15,1,487),(14,7,2,6,15,2,488),(14,7,3,6,15,3,489),(14,8,1,6,15,4,490),(14,8,2,6,15,5,491),(14,8,3,6,15,6,492),(14,9,1,6,16,1,493),(14,9,2,6,16,2,494),(14,9,3,6,16,3,495),(14,10,1,6,16,4,496),(14,10,2,6,16,5,497),(14,10,3,6,16,6,498),(14,11,1,6,17,1,499),(14,11,2,6,17,2,500),(14,11,3,6,17,3,501),(14,12,1,6,17,4,502),(14,12,2,6,17,5,503),(14,12,3,6,17,6,504),(15,1,1,11,6,1,505),(15,1,2,11,6,2,506),(15,1,3,11,6,3,507),(15,2,1,11,6,4,508),(15,2,2,11,6,5,509),(15,2,3,11,6,6,510),(15,3,1,11,7,1,511),(15,3,2,11,7,2,512),(15,3,3,11,7,3,513),(15,4,1,11,7,4,514),(15,4,2,11,7,5,515),(15,4,3,11,7,6,516),(15,5,1,11,8,1,517),(15,5,2,11,8,2,518),(15,5,3,11,8,3,519),(15,6,1,11,8,4,520),(15,6,2,11,8,5,521),(15,6,3,11,8,6,522),(15,7,1,11,9,1,523),(15,7,2,11,9,2,524),(15,7,3,11,9,3,525),(15,8,1,11,9,4,526),(15,8,2,11,9,5,527),(15,8,3,11,9,6,528),(15,9,1,11,10,1,529),(15,9,2,11,10,2,530),(15,9,3,11,10,3,531),(15,10,1,11,10,4,532),(15,10,2,11,10,5,533),(15,10,3,11,10,6,534),(15,11,1,11,11,1,535),(15,11,2,11,11,2,536),(15,11,3,11,11,3,537),(15,12,1,11,11,4,538),(15,12,2,11,11,5,539),(15,12,3,11,11,6,540),(16,1,1,5,6,1,541),(16,1,2,5,6,2,542),(16,1,3,5,6,3,543),(16,2,1,5,6,4,544),(16,2,2,5,6,5,545),(16,2,3,5,6,6,546),(16,3,1,5,7,1,547),(16,3,2,5,7,2,548),(16,3,3,5,7,3,549),(16,4,1,5,7,4,550),(16,4,2,5,7,5,551),(16,4,3,5,7,6,552),(16,5,1,5,8,1,553),(16,5,2,5,8,2,554),(16,5,3,5,8,3,555),(16,6,1,5,8,4,556),(16,6,2,5,8,5,557),(16,6,3,5,8,6,558),(16,7,1,5,9,1,559),(16,7,2,5,9,2,560),(16,7,3,5,9,3,561),(16,8,1,5,9,4,562),(16,8,2,5,9,5,563),(16,8,3,5,9,6,564),(16,9,1,5,10,1,565),(16,9,2,5,10,2,566),(16,9,3,5,10,3,567),(16,10,1,5,10,4,568),(16,10,2,5,10,5,569),(16,10,3,5,10,6,570),(16,11,1,5,11,1,571),(16,11,2,5,11,2,572),(16,11,3,5,11,3,573),(16,12,1,5,11,4,574),(16,12,2,5,11,5,575),(16,12,3,5,11,6,576),(17,1,1,5,12,1,577),(17,1,2,5,12,2,578),(17,1,3,5,12,3,579),(17,2,1,5,12,4,580),(17,2,2,5,12,5,581),(17,2,3,5,12,6,582),(17,3,1,5,13,1,583),(17,3,2,5,13,2,584),(17,3,3,5,13,3,585),(17,4,1,5,13,4,586),(17,4,2,5,13,5,587),(17,4,3,5,13,6,588),(17,5,1,5,14,1,589),(17,5,2,5,14,2,590),(17,5,3,5,14,3,591),(17,6,1,5,14,4,592),(17,6,2,5,14,5,593),(17,6,3,5,14,6,594),(17,7,1,5,15,1,595),(17,7,2,5,15,2,596),(17,7,3,5,15,3,597),(17,8,1,5,15,4,598),(17,8,2,5,15,5,599),(17,8,3,5,15,6,600),(17,9,1,5,16,1,601),(17,9,2,5,16,2,602),(17,9,3,5,16,3,603),(17,10,1,5,16,4,604),(17,10,2,5,16,5,605),(17,10,3,5,16,6,606),(17,11,1,5,17,1,607),(17,11,2,5,17,2,608),(17,11,3,5,17,3,609),(17,12,1,5,17,4,610),(17,12,2,5,17,5,611),(17,12,3,5,17,6,612),(18,1,1,6,6,1,613),(18,1,2,6,6,2,614),(18,1,3,6,6,3,615),(18,2,1,6,6,4,616),(18,2,2,6,6,5,617),(18,2,3,6,6,6,618),(18,3,1,6,7,1,619),(18,3,2,6,7,2,620),(18,3,3,6,7,3,621),(18,4,1,6,7,4,622),(18,4,2,6,7,5,623),(18,4,3,6,7,6,624),(18,5,1,6,8,1,625),(18,5,2,6,8,2,626),(18,5,3,6,8,3,627),(18,6,1,6,8,4,628),(18,6,2,6,8,5,629),(18,6,3,6,8,6,630),(18,7,1,6,9,1,631),(18,7,2,6,9,2,632),(18,7,3,6,9,3,633),(18,8,1,6,9,4,634),(18,8,2,6,9,5,635),(18,8,3,6,9,6,636),(18,9,1,6,10,1,637),(18,9,2,6,10,2,638),(18,9,3,6,10,3,639),(18,10,1,6,10,4,640),(18,10,2,6,10,5,641),(18,10,3,6,10,6,642),(18,11,1,6,11,1,643),(18,11,2,6,11,2,644),(18,11,3,6,11,3,645),(18,12,1,6,11,4,646),(18,12,2,6,11,5,647),(18,12,3,6,11,6,648),(19,1,1,7,18,1,649),(19,1,2,7,18,2,650),(19,1,3,7,18,3,651),(19,2,1,7,18,4,652),(19,2,2,7,18,5,653),(19,2,3,7,18,6,654),(19,3,1,7,19,1,655),(19,3,2,7,19,2,656),(19,3,3,7,19,3,657),(19,4,1,7,19,4,658),(19,4,2,7,19,5,659),(19,4,3,7,19,6,660),(19,5,1,7,20,1,661),(19,5,2,7,20,2,662),(19,5,3,7,20,3,663),(19,6,1,7,20,4,664),(19,6,2,7,20,5,665),(19,6,3,7,20,6,666),(19,7,1,7,21,1,667),(19,7,2,7,21,2,668),(19,7,3,7,21,3,669),(19,8,1,7,21,4,670),(19,8,2,7,21,5,671),(19,8,3,7,21,6,672),(19,9,1,7,22,1,673),(19,9,2,7,22,2,674),(19,9,3,7,22,3,675),(19,10,1,7,22,4,676),(19,10,2,7,22,5,677),(19,10,3,7,22,6,678),(19,11,1,7,23,1,679),(19,11,2,7,23,2,680),(19,11,3,7,23,3,681),(19,12,1,7,23,4,682),(19,12,2,7,23,5,683),(19,12,3,7,23,6,684),(20,1,1,8,11,1,685),(20,1,2,8,11,2,686),(20,1,3,8,11,3,687),(20,2,1,8,11,4,688),(20,2,2,8,11,5,689),(20,2,3,8,11,6,690),(20,3,1,8,12,1,691),(20,3,2,8,12,2,692),(20,3,3,8,12,3,693),(20,4,1,8,12,4,694),(20,4,2,8,12,5,695),(20,4,3,8,12,6,696),(20,5,1,8,13,1,697),(20,5,2,8,13,2,698),(20,5,3,8,13,3,699),(20,6,1,8,13,4,700),(20,6,2,8,13,5,701),(20,6,3,8,13,6,702),(20,7,1,8,14,1,703),(20,7,2,8,14,2,704),(20,7,3,8,14,3,705),(20,8,1,8,14,4,706),(20,8,2,8,14,5,707),(20,8,3,8,14,6,708),(20,9,1,8,15,1,709),(20,9,2,8,15,2,710),(20,9,3,8,15,3,711),(20,10,1,8,15,4,712),(20,10,2,8,15,5,713),(20,10,3,8,15,6,714),(20,11,1,8,16,1,715),(20,11,2,8,16,2,716),(20,11,3,8,16,3,717),(20,12,1,8,16,4,718),(20,12,2,8,16,5,719),(20,12,3,8,16,6,720),(21,1,1,8,18,1,721),(21,1,2,8,18,2,722),(21,1,3,8,18,3,723),(21,2,1,8,18,4,724),(21,2,2,8,18,5,725),(21,2,3,8,18,6,726),(21,3,1,8,19,1,727),(21,3,2,8,19,2,728),(21,3,3,8,19,3,729),(21,4,1,8,19,4,730),(21,4,2,8,19,5,731),(21,4,3,8,19,6,732),(21,5,1,8,20,1,733),(21,5,2,8,20,2,734),(21,5,3,8,20,3,735),(21,6,1,8,20,4,736),(21,6,2,8,20,5,737),(21,6,3,8,20,6,738),(21,7,1,8,21,1,739),(21,7,2,8,21,2,740),(21,7,3,8,21,3,741),(21,8,1,8,21,4,742),(21,8,2,8,21,5,743),(21,8,3,8,21,6,744),(21,9,1,8,22,1,745),(21,9,2,8,22,2,746),(21,9,3,8,22,3,747),(21,10,1,8,22,4,748),(21,10,2,8,22,5,749),(21,10,3,8,22,6,750),(21,11,1,8,23,1,751),(21,11,2,8,23,2,752),(21,11,3,8,23,3,753),(21,12,1,8,23,4,754),(21,12,2,8,23,5,755),(21,12,3,8,23,6,756),(22,1,1,7,4,1,757),(22,1,2,7,4,2,758),(22,1,3,7,4,3,759),(22,2,1,7,4,4,760),(22,2,2,7,4,5,761),(22,2,3,7,4,6,762),(22,3,1,7,5,1,763),(22,3,2,7,5,2,764),(22,3,3,7,5,3,765),(22,4,1,7,5,4,766),(22,4,2,7,5,5,767),(22,4,3,7,5,6,768),(22,5,1,7,6,1,769),(22,5,2,7,6,2,770),(22,5,3,7,6,3,771),(22,6,1,7,6,4,772),(22,6,2,7,6,5,773),(22,6,3,7,6,6,774),(22,7,1,7,7,1,775),(22,7,2,7,7,2,776),(22,7,3,7,7,3,777),(22,8,1,7,7,4,778),(22,8,2,7,7,5,779),(22,8,3,7,7,6,780),(22,9,1,7,8,1,781),(22,9,2,7,8,2,782),(22,9,3,7,8,3,783),(22,10,1,7,8,4,784),(22,10,2,7,8,5,785),(22,10,3,7,8,6,786),(22,11,1,7,9,1,787),(22,11,2,7,9,2,788),(22,11,3,7,9,3,789),(22,12,1,7,9,4,790),(22,12,2,7,9,5,791),(22,12,3,7,9,6,792),(23,1,1,7,11,1,793),(23,1,2,7,11,2,794),(23,1,3,7,11,3,795),(23,2,1,7,11,4,796),(23,2,2,7,11,5,797),(23,2,3,7,11,6,798),(23,3,1,7,12,1,799),(23,3,2,7,12,2,800),(23,3,3,7,12,3,801),(23,4,1,7,12,4,802),(23,4,2,7,12,5,803),(23,4,3,7,12,6,804),(23,5,1,7,13,1,805),(23,5,2,7,13,2,806),(23,5,3,7,13,3,807),(23,6,1,7,13,4,808),(23,6,2,7,13,5,809),(23,6,3,7,13,6,810),(23,7,1,7,14,1,811),(23,7,2,7,14,2,812),(23,7,3,7,14,3,813),(23,8,1,7,14,4,814),(23,8,2,7,14,5,815),(23,8,3,7,14,6,816),(23,9,1,7,15,1,817),(23,9,2,7,15,2,818),(23,9,3,7,15,3,819),(23,10,1,7,15,4,820),(23,10,2,7,15,5,821),(23,10,3,7,15,6,822),(23,11,1,7,16,1,823),(23,11,2,7,16,2,824),(23,11,3,7,16,3,825),(23,12,1,7,16,4,826),(23,12,2,7,16,5,827),(23,12,3,7,16,6,828),(24,1,1,8,4,1,829),(24,1,2,8,4,2,830),(24,1,3,8,4,3,831),(24,2,1,8,4,4,832),(24,2,2,8,4,5,833),(24,2,3,8,4,6,834),(24,3,1,8,5,1,835),(24,3,2,8,5,2,836),(24,3,3,8,5,3,837),(24,4,1,8,5,4,838),(24,4,2,8,5,5,839),(24,4,3,8,5,6,840),(24,5,1,8,6,1,841),(24,5,2,8,6,2,842),(24,5,3,8,6,3,843),(24,6,1,8,6,4,844),(24,6,2,8,6,5,845),(24,6,3,8,6,6,846),(24,7,1,8,7,1,847),(24,7,2,8,7,2,848),(24,7,3,8,7,3,849),(24,8,1,8,7,4,850),(24,8,2,8,7,5,851),(24,8,3,8,7,6,852),(24,9,1,8,8,1,853),(24,9,2,8,8,2,854),(24,9,3,8,8,3,855),(24,10,1,8,8,4,856),(24,10,2,8,8,5,857),(24,10,3,8,8,6,858),(24,11,1,8,9,1,859),(24,11,2,8,9,2,860),(24,11,3,8,9,3,861),(24,12,1,8,9,4,862),(24,12,2,8,9,5,863),(24,12,3,8,9,6,864),(25,1,1,9,18,1,865),(25,1,2,9,18,2,866),(25,1,3,9,18,3,867),(25,2,1,9,18,4,868),(25,2,2,9,18,5,869),(25,2,3,9,18,6,870),(25,3,1,9,19,1,871),(25,3,2,9,19,2,872),(25,3,3,9,19,3,873),(25,4,1,9,19,4,874),(25,4,2,9,19,5,875),(25,4,3,9,19,6,876),(25,5,1,9,20,1,877),(25,5,2,9,20,2,878),(25,5,3,9,20,3,879),(25,6,1,9,20,4,880),(25,6,2,9,20,5,881),(25,6,3,9,20,6,882),(25,7,1,9,21,1,883),(25,7,2,9,21,2,884),(25,7,3,9,21,3,885),(25,8,1,9,21,4,886),(25,8,2,9,21,5,887),(25,8,3,9,21,6,888),(25,9,1,9,22,1,889),(25,9,2,9,22,2,890),(25,9,3,9,22,3,891),(25,10,1,9,22,4,892),(25,10,2,9,22,5,893),(25,10,3,9,22,6,894),(25,11,1,9,23,1,895),(25,11,2,9,23,2,896),(25,11,3,9,23,3,897),(25,12,1,9,23,4,898),(25,12,2,9,23,5,899),(25,12,3,9,23,6,900),(26,1,1,10,11,1,901),(26,1,2,10,11,2,902),(26,1,3,10,11,3,903),(26,2,1,10,11,4,904),(26,2,2,10,11,5,905),(26,2,3,10,11,6,906),(26,3,1,10,12,1,907),(26,3,2,10,12,2,908),(26,3,3,10,12,3,909),(26,4,1,10,12,4,910),(26,4,2,10,12,5,911),(26,4,3,10,12,6,912),(26,5,1,10,17,1,913),(26,5,2,10,17,2,914),(26,5,3,10,17,3,915),(26,6,1,10,17,4,916),(26,6,2,10,17,5,917),(26,6,3,10,17,6,918),(26,7,1,10,14,1,919),(26,7,2,10,14,2,920),(26,7,3,10,14,3,921),(26,8,1,10,14,4,922),(26,8,2,10,14,5,923),(26,8,3,10,14,6,924),(26,9,1,10,15,1,925),(26,9,2,10,15,2,926),(26,9,3,10,15,3,927),(26,10,1,10,15,4,928),(26,10,2,10,15,5,929),(26,10,3,10,15,6,930),(26,11,1,10,16,1,931),(26,11,2,10,16,2,932),(26,11,3,10,16,3,933),(26,12,1,10,16,4,934),(26,12,2,10,16,5,935),(26,12,3,10,16,6,936),(27,1,1,10,18,1,937),(27,1,2,10,18,2,938),(27,1,3,10,18,3,939),(27,2,1,10,18,4,940),(27,2,2,10,18,5,941),(27,2,3,10,18,6,942),(27,3,1,10,19,1,943),(27,3,2,10,19,2,944),(27,3,3,10,19,3,945),(27,4,1,10,19,4,946),(27,4,2,10,19,5,947),(27,4,3,10,19,6,948),(27,5,1,10,20,1,949),(27,5,2,10,20,2,950),(27,5,3,10,20,3,951),(27,6,1,10,20,4,952),(27,6,2,10,20,5,953),(27,6,3,10,20,6,954),(27,7,1,10,21,1,955),(27,7,2,10,21,2,956),(27,7,3,10,21,3,957),(27,8,1,10,21,4,958),(27,8,2,10,21,5,959),(27,8,3,10,21,6,960),(27,9,1,10,22,1,961),(27,9,2,10,22,2,962),(27,9,3,10,22,3,963),(27,10,1,10,22,4,964),(27,10,2,10,22,5,965),(27,10,3,10,22,6,966),(27,11,1,10,23,1,967),(27,11,2,10,23,2,968),(27,11,3,10,23,3,969),(27,12,1,10,23,4,970),(27,12,2,10,23,5,971),(27,12,3,10,23,6,972),(28,1,1,9,4,1,973),(28,1,2,9,4,2,974),(28,1,3,9,4,3,975),(28,2,1,9,4,4,976),(28,2,2,9,4,5,977),(28,2,3,9,4,6,978),(28,3,1,9,5,1,979),(28,3,2,9,5,2,980),(28,3,3,9,5,3,981),(28,4,1,9,5,4,982),(28,4,2,9,5,5,983),(28,4,3,9,5,6,984),(28,5,1,9,6,1,985),(28,5,2,9,6,2,986),(28,5,3,9,6,3,987),(28,6,1,9,6,4,988),(28,6,2,9,6,5,989),(28,6,3,9,6,6,990),(28,7,1,9,7,1,991),(28,7,2,9,7,2,992),(28,7,3,9,7,3,993),(28,8,1,9,7,4,994),(28,8,2,9,7,5,995),(28,8,3,9,7,6,996),(28,9,1,9,8,1,997),(28,9,2,9,8,2,998),(28,9,3,9,8,3,999),(28,10,1,9,8,4,1000),(28,10,2,9,8,5,1001),(28,10,3,9,8,6,1002),(28,11,1,9,9,1,1003),(28,11,2,9,9,2,1004),(28,11,3,9,9,3,1005),(28,12,1,9,9,4,1006),(28,12,2,9,9,5,1007),(28,12,3,9,9,6,1008),(29,1,1,9,11,1,1009),(29,1,2,9,11,2,1010),(29,1,3,9,11,3,1011),(29,2,1,9,11,4,1012),(29,2,2,9,11,5,1013),(29,2,3,9,11,6,1014),(29,3,1,9,12,1,1015),(29,3,2,9,12,2,1016),(29,3,3,9,12,3,1017),(29,4,1,9,12,4,1018),(29,4,2,9,12,5,1019),(29,4,3,9,12,6,1020),(29,5,1,9,13,1,1021),(29,5,2,9,13,2,1022),(29,5,3,9,13,3,1023),(29,6,1,9,13,4,1024),(29,6,2,9,13,5,1025),(29,6,3,9,13,6,1026),(29,7,1,9,14,1,1027),(29,7,2,9,14,2,1028),(29,7,3,9,14,3,1029),(29,8,1,9,14,4,1030),(29,8,2,9,14,5,1031),(29,8,3,9,14,6,1032),(29,9,1,9,15,1,1033),(29,9,2,9,15,2,1034),(29,9,3,9,15,3,1035),(29,10,1,9,15,4,1036),(29,10,2,9,15,5,1037),(29,10,3,9,15,6,1038),(29,11,1,9,16,1,1039),(29,11,2,9,16,2,1040),(29,11,3,9,16,3,1041),(29,12,1,9,16,4,1042),(29,12,2,9,16,5,1043),(29,12,3,9,16,6,1044),(30,1,1,10,5,1,1045),(30,1,2,10,5,2,1046),(30,1,3,10,5,3,1047),(30,2,1,10,5,4,1048),(30,2,2,10,5,5,1049),(30,2,3,10,5,6,1050),(30,3,1,10,6,1,1051),(30,3,2,10,6,2,1052),(30,3,3,10,6,3,1053),(30,4,1,10,6,4,1054),(30,4,2,10,6,5,1055),(30,4,3,10,6,6,1056),(30,5,1,10,7,1,1057),(30,5,2,10,7,2,1058),(30,5,3,10,7,3,1059),(30,6,1,10,7,4,1060),(30,6,2,10,7,5,1061),(30,6,3,10,7,6,1062),(30,7,1,10,8,1,1063),(30,7,2,10,8,2,1064),(30,7,3,10,8,3,1065),(30,8,1,10,8,4,1066),(30,8,2,10,8,5,1067),(30,8,3,10,8,6,1068),(30,9,1,10,9,1,1069),(30,9,2,10,9,2,1070),(30,9,3,10,9,3,1071),(30,10,1,10,9,4,1072),(30,10,2,10,9,5,1073),(30,10,3,10,9,6,1074),(30,11,1,10,10,1,1075),(30,11,2,10,10,2,1076),(30,11,3,10,10,3,1077),(30,12,1,10,10,4,1078),(30,12,2,10,10,5,1079),(30,12,3,10,10,6,1080);
/*!40000 ALTER TABLE `tdcmuxmap` ENABLE KEYS */;
UNLOCK TABLES;

--
-- Table structure for table `wire2locwire`
--

DROP TABLE IF EXISTS `wire2locwire`;
/*!40101 SET @saved_cs_client     = @@character_set_client */;
/*!40101 SET character_set_client = utf8 */;
CREATE TABLE `wire2locwire` (
  `layer` tinyint(3) unsigned NOT NULL DEFAULT '0',
  `wire` tinyint(3) unsigned NOT NULL DEFAULT '0',
  `locwire` tinyint(3) unsigned NOT NULL DEFAULT '0',
  `stbboardloc` tinyint(3) unsigned NOT NULL DEFAULT '0',
  PRIMARY KEY (`layer`,`wire`)
) ENGINE=MyISAM DEFAULT CHARSET=latin1;
/*!40101 SET character_set_client = @saved_cs_client */;

--
-- Dumping data for table `wire2locwire`
--

LOCK TABLES `wire2locwire` WRITE;
/*!40000 ALTER TABLE `wire2locwire` DISABLE KEYS */;
INSERT INTO `wire2locwire` VALUES (1,1,0,0),(1,2,0,0),(1,3,0,0),(1,4,1,1),(1,5,2,1),(1,6,3,1),(1,7,4,1),(1,8,5,1),(1,9,6,1),(1,10,7,1),(1,11,8,1),(1,12,9,1),(1,13,10,1),(1,14,11,1),(1,15,12,1),(1,16,1,2),(1,17,2,2),(1,18,3,2),(1,19,4,2),(1,20,5,2),(1,21,6,2),(1,22,7,2),(1,23,8,2),(1,24,9,2),(1,25,10,2),(1,26,11,2),(1,27,12,2),(1,28,1,3),(1,29,2,3),(1,30,3,3),(1,31,4,3),(1,32,5,3),(1,33,6,3),(1,34,7,3),(1,35,8,3),(1,36,9,3),(1,37,10,3),(1,38,11,3),(1,39,12,3),(1,40,1,4),(1,41,2,4),(1,42,3,4),(1,43,4,4),(1,44,5,4),(1,45,6,4),(1,46,7,4),(1,47,8,4),(1,48,9,4),(1,49,10,4),(1,50,11,4),(1,51,12,4),(1,52,1,5),(1,53,2,5),(1,54,3,5),(1,55,4,5),(1,56,5,5),(1,57,6,5),(1,58,7,5),(1,59,8,5),(1,60,9,5),(1,61,10,5),(1,62,11,5),(1,63,12,5),(1,64,1,6),(1,65,2,6),(1,66,3,6),(1,67,4,6),(1,68,5,6),(1,69,6,6),(1,70,7,6),(1,71,8,6),(1,72,9,6),(1,73,10,6),(1,74,11,6),(1,75,12,6),(1,76,1,7),(1,77,2,7),(1,78,3,7),(1,79,4,7),(1,80,5,7),(1,81,6,7),(1,82,7,7),(1,83,8,7),(1,84,9,7),(1,85,10,7),(1,86,11,7),(1,87,12,7),(1,88,1,8),(1,89,2,8),(1,90,3,8),(1,91,4,8),(1,92,5,8),(1,93,6,8),(1,94,7,8),(1,95,8,8),(1,96,9,8),(1,97,10,8),(1,98,11,8),(1,99,12,8),(1,100,1,9),(1,101,2,9),(1,102,3,9),(1,103,4,9),(1,104,5,9),(1,105,6,9),(1,106,7,9),(1,107,8,9),(1,108,9,9),(1,109,10,9),(1,110,11,9),(1,111,12,9),(1,112,1,10),(1,113,2,10),(1,114,3,10),(1,115,4,10),(1,116,5,10),(1,117,6,10),(1,118,7,10),(1,119,8,10),(1,120,9,10),(1,121,10,10),(1,122,11,10),(1,123,12,10),(1,124,1,11),(1,125,2,11),(1,126,3,11),(1,127,4,11),(1,128,5,11),(1,129,6,11),(1,130,7,11),(1,131,8,11),(1,132,9,11),(1,133,10,11),(1,134,11,11),(1,135,12,11),(1,136,1,12),(1,137,2,12),(1,138,3,12),(1,139,4,12),(1,140,5,12),(1,141,6,12),(1,142,7,12),(1,143,8,12),(1,144,9,12),(1,145,10,12),(1,146,11,12),(1,147,12,12),(1,148,1,13),(1,149,2,13),(1,150,3,13),(1,151,4,13),(1,152,5,13),(1,153,6,13),(1,154,7,13),(1,155,8,13),(1,156,9,13),(1,157,10,13),(1,158,11,13),(1,159,12,13),(1,160,1,14),(1,161,2,14),(1,162,3,14),(1,163,4,14),(1,164,5,14),(1,165,6,14),(1,166,7,14),(1,167,8,14),(1,168,9,14),(1,169,10,14),(1,170,11,14),(1,171,12,14),(1,172,1,15),(1,173,2,15),(1,174,3,15),(1,175,4,15),(1,176,5,15),(1,177,6,15),(1,178,7,15),(1,179,8,15),(1,180,9,15),(1,181,10,15),(1,182,11,15),(1,183,12,15),(1,184,1,16),(1,185,2,16),(1,186,3,16),(1,187,4,16),(1,188,5,16),(1,189,6,16),(1,190,7,16),(1,191,8,16),(1,192,9,16),(2,1,0,0),(2,2,0,0),(2,3,1,1),(2,4,2,1),(2,5,3,1),(2,6,4,1),(2,7,5,1),(2,8,6,1),(2,9,7,1),(2,10,8,1),(2,11,9,1),(2,12,10,1),(2,13,11,1),(2,14,12,1),(2,15,1,2),(2,16,2,2),(2,17,3,2),(2,18,4,2),(2,19,5,2),(2,20,6,2),(2,21,7,2),(2,22,8,2),(2,23,9,2),(2,24,10,2),(2,25,11,2),(2,26,12,2),(2,27,1,3),(2,28,2,3),(2,29,3,3),(2,30,4,3),(2,31,5,3),(2,32,6,3),(2,33,7,3),(2,34,8,3),(2,35,9,3),(2,36,10,3),(2,37,11,3),(2,38,12,3),(2,39,1,4),(2,40,2,4),(2,41,3,4),(2,42,4,4),(2,43,5,4),(2,44,6,4),(2,45,7,4),(2,46,8,4),(2,47,9,4),(2,48,10,4),(2,49,11,4),(2,50,12,4),(2,51,1,5),(2,52,2,5),(2,53,3,5),(2,54,4,5),(2,55,5,5),(2,56,6,5),(2,57,7,5),(2,58,8,5),(2,59,9,5),(2,60,10,5),(2,61,11,5),(2,62,12,5),(2,63,1,6),(2,64,2,6),(2,65,3,6),(2,66,4,6),(2,67,5,6),(2,68,6,6),(2,69,7,6),(2,70,8,6),(2,71,9,6),(2,72,10,6),(2,73,11,6),(2,74,12,6),(2,75,1,7),(2,76,2,7),(2,77,3,7),(2,78,4,7),(2,79,5,7),(2,80,6,7),(2,81,7,7),(2,82,8,7),(2,83,9,7),(2,84,10,7),(2,85,11,7),(2,86,12,7),(2,87,1,8),(2,88,2,8),(2,89,3,8),(2,90,4,8),(2,91,5,8),(2,92,6,8),(2,93,7,8),(2,94,8,8),(2,95,9,8),(2,96,10,8),(2,97,11,8),(2,98,12,8),(2,99,1,9),(2,100,2,9),(2,101,3,9),(2,102,4,9),(2,103,5,9),(2,104,6,9),(2,105,7,9),(2,106,8,9),(2,107,9,9),(2,108,10,9),(2,109,11,9),(2,110,12,9),(2,111,1,10),(2,112,2,10),(2,113,3,10),(2,114,4,10),(2,115,5,10),(2,116,6,10),(2,117,7,10),(2,118,8,10),(2,119,9,10),(2,120,10,10),(2,121,11,10),(2,122,12,10),(2,123,1,11),(2,124,2,11),(2,125,3,11),(2,126,4,11),(2,127,5,11),(2,128,6,11),(2,129,7,11),(2,130,8,11),(2,131,9,11),(2,132,10,11),(2,133,11,11),(2,134,12,11),(2,135,1,12),(2,136,2,12),(2,137,3,12),(2,138,4,12),(2,139,5,12),(2,140,6,12),(2,141,7,12),(2,142,8,12),(2,143,9,12),(2,144,10,12),(2,145,11,12),(2,146,12,12),(2,147,1,13),(2,148,2,13),(2,149,3,13),(2,150,4,13),(2,151,5,13),(2,152,6,13),(2,153,7,13),(2,154,8,13),(2,155,9,13),(2,156,10,13),(2,157,11,13),(2,158,12,13),(2,159,1,14),(2,160,2,14),(2,161,3,14),(2,162,4,14),(2,163,5,14),(2,164,6,14),(2,165,7,14),(2,166,8,14),(2,167,9,14),(2,168,10,14),(2,169,11,14),(2,170,12,14),(2,171,1,15),(2,172,2,15),(2,173,3,15),(2,174,4,15),(2,175,5,15),(2,176,6,15),(2,177,7,15),(2,178,8,15),(2,179,9,15),(2,180,10,15),(2,181,11,15),(2,182,12,15),(2,183,1,16),(2,184,2,16),(2,185,3,16),(2,186,4,16),(2,187,5,16),(2,188,6,16),(2,189,7,16),(2,190,8,16),(2,191,9,16),(2,192,10,16),(3,1,0,0),(3,2,0,0),(3,3,1,1),(3,4,2,1),(3,5,3,1),(3,6,4,1),(3,7,5,1),(3,8,6,1),(3,9,7,1),(3,10,8,1),(3,11,9,1),(3,12,10,1),(3,13,11,1),(3,14,12,1),(3,15,1,2),(3,16,2,2),(3,17,3,2),(3,18,4,2),(3,19,5,2),(3,20,6,2),(3,21,7,2),(3,22,8,2),(3,23,9,2),(3,24,10,2),(3,25,11,2),(3,26,12,2),(3,27,1,3),(3,28,2,3),(3,29,3,3),(3,30,4,3),(3,31,5,3),(3,32,6,3),(3,33,7,3),(3,34,8,3),(3,35,9,3),(3,36,10,3),(3,37,11,3),(3,38,12,3),(3,39,1,4),(3,40,2,4),(3,41,3,4),(3,42,4,4),(3,43,5,4),(3,44,6,4),(3,45,7,4),(3,46,8,4),(3,47,9,4),(3,48,10,4),(3,49,11,4),(3,50,12,4),(3,51,1,5),(3,52,2,5),(3,53,3,5),(3,54,4,5),(3,55,5,5),(3,56,6,5),(3,57,7,5),(3,58,8,5),(3,59,9,5),(3,60,10,5),(3,61,11,5),(3,62,12,5),(3,63,1,6),(3,64,2,6),(3,65,3,6),(3,66,4,6),(3,67,5,6),(3,68,6,6),(3,69,7,6),(3,70,8,6),(3,71,9,6),(3,72,10,6),(3,73,11,6),(3,74,12,6),(3,75,1,7),(3,76,2,7),(3,77,3,7),(3,78,4,7),(3,79,5,7),(3,80,6,7),(3,81,7,7),(3,82,8,7),(3,83,9,7),(3,84,10,7),(3,85,11,7),(3,86,12,7),(3,87,1,8),(3,88,2,8),(3,89,3,8),(3,90,4,8),(3,91,5,8),(3,92,6,8),(3,93,7,8),(3,94,8,8),(3,95,9,8),(3,96,10,8),(3,97,11,8),(3,98,12,8),(3,99,1,9),(3,100,2,9),(3,101,3,9),(3,102,4,9),(3,103,5,9),(3,104,6,9),(3,105,7,9),(3,106,8,9),(3,107,9,9),(3,108,10,9),(3,109,11,9),(3,110,12,9),(3,111,1,10),(3,112,2,10),(3,113,3,10),(3,114,4,10),(3,115,5,10),(3,116,6,10),(3,117,7,10),(3,118,8,10),(3,119,9,10),(3,120,10,10),(3,121,11,10),(3,122,12,10),(3,123,1,11),(3,124,2,11),(3,125,3,11),(3,126,4,11),(3,127,5,11),(3,128,6,11),(3,129,7,11),(3,130,8,11),(3,131,9,11),(3,132,10,11),(3,133,11,11),(3,134,12,11),(3,135,1,12),(3,136,2,12),(3,137,3,12),(3,138,4,12),(3,139,5,12),(3,140,6,12),(3,141,7,12),(3,142,8,12),(3,143,9,12),(3,144,10,12),(3,145,11,12),(3,146,12,12),(3,147,1,13),(3,148,2,13),(3,149,3,13),(3,150,4,13),(3,151,5,13),(3,152,6,13),(3,153,7,13),(3,154,8,13),(3,155,9,13),(3,156,10,13),(3,157,11,13),(3,158,12,13),(3,159,1,14),(3,160,2,14),(3,161,3,14),(3,162,4,14),(3,163,5,14),(3,164,6,14),(3,165,7,14),(3,166,8,14),(3,167,9,14),(3,168,10,14),(3,169,11,14),(3,170,12,14),(3,171,1,15),(3,172,2,15),(3,173,3,15),(3,174,4,15),(3,175,5,15),(3,176,6,15),(3,177,7,15),(3,178,8,15),(3,179,9,15),(3,180,10,15),(3,181,11,15),(3,182,12,15),(3,183,1,16),(3,184,2,16),(3,185,3,16),(3,186,4,16),(3,187,5,16),(3,188,6,16),(3,189,7,16),(3,190,8,16),(3,191,9,16),(3,192,10,16),(4,1,0,0),(4,2,1,1),(4,3,2,1),(4,4,3,1),(4,5,4,1),(4,6,5,1),(4,7,6,1),(4,8,7,1),(4,9,8,1),(4,10,9,1),(4,11,10,1),(4,12,11,1),(4,13,12,1),(4,14,1,2),(4,15,2,2),(4,16,3,2),(4,17,4,2),(4,18,5,2),(4,19,6,2),(4,20,7,2),(4,21,8,2),(4,22,9,2),(4,23,10,2),(4,24,11,2),(4,25,12,2),(4,26,1,3),(4,27,2,3),(4,28,3,3),(4,29,4,3),(4,30,5,3),(4,31,6,3),(4,32,7,3),(4,33,8,3),(4,34,9,3),(4,35,10,3),(4,36,11,3),(4,37,12,3),(4,38,1,4),(4,39,2,4),(4,40,3,4),(4,41,4,4),(4,42,5,4),(4,43,6,4),(4,44,7,4),(4,45,8,4),(4,46,9,4),(4,47,10,4),(4,48,11,4),(4,49,12,4),(4,50,1,5),(4,51,2,5),(4,52,3,5),(4,53,4,5),(4,54,5,5),(4,55,6,5),(4,56,7,5),(4,57,8,5),(4,58,9,5),(4,59,10,5),(4,60,11,5),(4,61,12,5),(4,62,1,6),(4,63,2,6),(4,64,3,6),(4,65,4,6),(4,66,5,6),(4,67,6,6),(4,68,7,6),(4,69,8,6),(4,70,9,6),(4,71,10,6),(4,72,11,6),(4,73,12,6),(4,74,1,7),(4,75,2,7),(4,76,3,7),(4,77,4,7),(4,78,5,7),(4,79,6,7),(4,80,7,7),(4,81,8,7),(4,82,9,7),(4,83,10,7),(4,84,11,7),(4,85,12,7),(4,86,1,8),(4,87,2,8),(4,88,3,8),(4,89,4,8),(4,90,5,8),(4,91,6,8),(4,92,7,8),(4,93,8,8),(4,94,9,8),(4,95,10,8),(4,96,11,8),(4,97,12,8),(4,98,1,9),(4,99,2,9),(4,100,3,9),(4,101,4,9),(4,102,5,9),(4,103,6,9),(4,104,7,9),(4,105,8,9),(4,106,9,9),(4,107,10,9),(4,108,11,9),(4,109,12,9),(4,110,1,10),(4,111,2,10),(4,112,3,10),(4,113,4,10),(4,114,5,10),(4,115,6,10),(4,116,7,10),(4,117,8,10),(4,118,9,10),(4,119,10,10),(4,120,11,10),(4,121,12,10),(4,122,1,11),(4,123,2,11),(4,124,3,11),(4,125,4,11),(4,126,5,11),(4,127,6,11),(4,128,7,11),(4,129,8,11),(4,130,9,11),(4,131,10,11),(4,132,11,11),(4,133,12,11),(4,134,1,12),(4,135,2,12),(4,136,3,12),(4,137,4,12),(4,138,5,12),(4,139,6,12),(4,140,7,12),(4,141,8,12),(4,142,9,12),(4,143,10,12),(4,144,11,12),(4,145,12,12),(4,146,1,13),(4,147,2,13),(4,148,3,13),(4,149,4,13),(4,150,5,13),(4,151,6,13),(4,152,7,13),(4,153,8,13),(4,154,9,13),(4,155,10,13),(4,156,11,13),(4,157,12,13),(4,158,1,14),(4,159,2,14),(4,160,3,14),(4,161,4,14),(4,162,5,14),(4,163,6,14),(4,164,7,14),(4,165,8,14),(4,166,9,14),(4,167,10,14),(4,168,11,14),(4,169,12,14),(4,170,1,15),(4,171,2,15),(4,172,3,15),(4,173,4,15),(4,174,5,15),(4,175,6,15),(4,176,7,15),(4,177,8,15),(4,178,9,15),(4,179,10,15),(4,180,11,15),(4,181,12,15),(4,182,1,16),(4,183,2,16),(4,184,3,16),(4,185,4,16),(4,186,5,16),(4,187,6,16),(4,188,7,16),(4,189,8,16),(4,190,9,16),(4,191,10,16),(4,192,11,16),(5,1,1,1),(5,2,2,1),(5,3,3,1),(5,4,4,1),(5,5,5,1),(5,6,6,1),(5,7,7,1),(5,8,8,1),(5,9,1,2),(5,10,2,2),(5,11,3,2),(5,12,4,2),(5,13,5,2),(5,14,6,2),(5,15,7,2),(5,16,8,2),(5,17,1,3),(5,18,2,3),(5,19,3,3),(5,20,4,3),(5,21,5,3),(5,22,6,3),(5,23,7,3),(5,24,8,3),(5,25,1,4),(5,26,2,4),(5,27,3,4),(5,28,4,4),(5,29,5,4),(5,30,6,4),(5,31,7,4),(5,32,8,4),(5,33,1,5),(5,34,2,5),(5,35,3,5),(5,36,4,5),(5,37,5,5),(5,38,6,5),(5,39,7,5),(5,40,8,5),(5,41,1,6),(5,42,2,6),(5,43,3,6),(5,44,4,6),(5,45,5,6),(5,46,6,6),(5,47,7,6),(5,48,8,6),(5,49,1,7),(5,50,2,7),(5,51,3,7),(5,52,4,7),(5,53,5,7),(5,54,6,7),(5,55,7,7),(5,56,8,7),(5,57,1,8),(5,58,2,8),(5,59,3,8),(5,60,4,8),(5,61,5,8),(5,62,6,8),(5,63,7,8),(5,64,8,8),(5,65,1,9),(5,66,2,9),(5,67,3,9),(5,68,4,9),(5,69,5,9),(5,70,6,9),(5,71,7,9),(5,72,8,9),(5,73,1,10),(5,74,2,10),(5,75,3,10),(5,76,4,10),(5,77,5,10),(5,78,6,10),(5,79,7,10),(5,80,8,10),(5,81,1,11),(5,82,2,11),(5,83,3,11),(5,84,4,11),(5,85,5,11),(5,86,6,11),(5,87,7,11),(5,88,8,11),(5,89,1,12),(5,90,2,12),(5,91,3,12),(5,92,4,12),(5,93,5,12),(5,94,6,12),(5,95,7,12),(5,96,8,12),(5,97,1,13),(5,98,2,13),(5,99,3,13),(5,100,4,13),(5,101,5,13),(5,102,6,13),(5,103,7,13),(5,104,8,13),(5,105,1,14),(5,106,2,14),(5,107,3,14),(5,108,4,14),(5,109,5,14),(5,110,6,14),(5,111,7,14),(5,112,8,14),(5,113,1,15),(5,114,2,15),(5,115,3,15),(5,116,4,15),(5,117,5,15),(5,118,6,15),(5,119,7,15),(5,120,8,15),(5,121,1,16),(5,122,2,16),(5,123,3,16),(5,124,4,16),(5,125,5,16),(5,126,6,16),(5,127,7,16),(5,128,8,16),(5,129,1,17),(5,130,2,17),(5,131,3,17),(5,132,4,17),(5,133,5,17),(5,134,6,17),(5,135,7,17),(5,136,8,17),(5,137,1,18),(5,138,2,18),(5,139,3,18),(5,140,4,18),(5,141,5,18),(5,142,6,18),(5,143,7,18),(5,144,8,18),(5,145,1,19),(5,146,2,19),(5,147,3,19),(5,148,4,19),(5,149,5,19),(5,150,6,19),(5,151,7,19),(5,152,8,19),(5,153,1,20),(5,154,2,20),(5,155,3,20),(5,156,4,20),(5,157,5,20),(5,158,6,20),(5,159,7,20),(5,160,8,20),(5,161,1,21),(5,162,2,21),(5,163,3,21),(5,164,4,21),(5,165,5,21),(5,166,6,21),(5,167,7,21),(5,168,8,21),(5,169,1,22),(5,170,2,22),(5,171,3,22),(5,172,4,22),(5,173,5,22),(5,174,6,22),(5,175,7,22),(5,176,8,22),(5,177,1,23),(5,178,2,23),(5,179,3,23),(5,180,4,23),(5,181,5,23),(5,182,6,23),(5,183,7,23),(5,184,8,23),(5,185,1,24),(5,186,2,24),(5,187,3,24),(5,188,4,24),(5,189,5,24),(5,190,6,24),(5,191,7,24),(5,192,8,24),(6,1,1,1),(6,2,2,1),(6,3,3,1),(6,4,4,1),(6,5,5,1),(6,6,6,1),(6,7,7,1),(6,8,8,1),(6,9,1,2),(6,10,2,2),(6,11,3,2),(6,12,4,2),(6,13,5,2),(6,14,6,2),(6,15,7,2),(6,16,8,2),(6,17,1,3),(6,18,2,3),(6,19,3,3),(6,20,4,3),(6,21,5,3),(6,22,6,3),(6,23,7,3),(6,24,8,3),(6,25,1,4),(6,26,2,4),(6,27,3,4),(6,28,4,4),(6,29,5,4),(6,30,6,4),(6,31,7,4),(6,32,8,4),(6,33,1,5),(6,34,2,5),(6,35,3,5),(6,36,4,5),(6,37,5,5),(6,38,6,5),(6,39,7,5),(6,40,8,5),(6,41,1,6),(6,42,2,6),(6,43,3,6),(6,44,4,6),(6,45,5,6),(6,46,6,6),(6,47,7,6),(6,48,8,6),(6,49,1,7),(6,50,2,7),(6,51,3,7),(6,52,4,7),(6,53,5,7),(6,54,6,7),(6,55,7,7),(6,56,8,7),(6,57,1,8),(6,58,2,8),(6,59,3,8),(6,60,4,8),(6,61,5,8),(6,62,6,8),(6,63,7,8),(6,64,8,8),(6,65,1,9),(6,66,2,9),(6,67,3,9),(6,68,4,9),(6,69,5,9),(6,70,6,9),(6,71,7,9),(6,72,8,9),(6,73,1,10),(6,74,2,10),(6,75,3,10),(6,76,4,10),(6,77,5,10),(6,78,6,10),(6,79,7,10),(6,80,8,10),(6,81,1,11),(6,82,2,11),(6,83,3,11),(6,84,4,11),(6,85,5,11),(6,86,6,11),(6,87,7,11),(6,88,8,11),(6,89,1,12),(6,90,2,12),(6,91,3,12),(6,92,4,12),(6,93,5,12),(6,94,6,12),(6,95,7,12),(6,96,8,12),(6,97,1,13),(6,98,2,13),(6,99,3,13),(6,100,4,13),(6,101,5,13),(6,102,6,13),(6,103,7,13),(6,104,8,13),(6,105,1,14),(6,106,2,14),(6,107,3,14),(6,108,4,14),(6,109,5,14),(6,110,6,14),(6,111,7,14),(6,112,8,14),(6,113,1,15),(6,114,2,15),(6,115,3,15),(6,116,4,15),(6,117,5,15),(6,118,6,15),(6,119,7,15),(6,120,8,15),(6,121,1,16),(6,122,2,16),(6,123,3,16),(6,124,4,16),(6,125,5,16),(6,126,6,16),(6,127,7,16),(6,128,8,16),(6,129,1,17),(6,130,2,17),(6,131,3,17),(6,132,4,17),(6,133,5,17),(6,134,6,17),(6,135,7,17),(6,136,8,17),(6,137,1,18),(6,138,2,18),(6,139,3,18),(6,140,4,18),(6,141,5,18),(6,142,6,18),(6,143,7,18),(6,144,8,18),(6,145,1,19),(6,146,2,19),(6,147,3,19),(6,148,4,19),(6,149,5,19),(6,150,6,19),(6,151,7,19),(6,152,8,19),(6,153,1,20),(6,154,2,20),(6,155,3,20),(6,156,4,20),(6,157,5,20),(6,158,6,20),(6,159,7,20),(6,160,8,20),(6,161,1,21),(6,162,2,21),(6,163,3,21),(6,164,4,21),(6,165,5,21),(6,166,6,21),(6,167,7,21),(6,168,8,21),(6,169,1,22),(6,170,2,22),(6,171,3,22),(6,172,4,22),(6,173,5,22),(6,174,6,22),(6,175,7,22),(6,176,8,22),(6,177,1,23),(6,178,2,23),(6,179,3,23),(6,180,4,23),(6,181,5,23),(6,182,6,23),(6,183,7,23),(6,184,8,23),(6,185,1,24),(6,186,2,24),(6,187,3,24),(6,188,4,24),(6,189,5,24),(6,190,6,24),(6,191,7,24),(6,192,8,24),(7,1,0,0),(7,2,0,0),(7,3,0,0),(7,4,1,1),(7,5,2,1),(7,6,3,1),(7,7,4,1),(7,8,5,1),(7,9,6,1),(7,10,7,1),(7,11,8,1),(7,12,1,2),(7,13,2,2),(7,14,3,2),(7,15,4,2),(7,16,5,2),(7,17,6,2),(7,18,7,2),(7,19,8,2),(7,20,1,3),(7,21,2,3),(7,22,3,3),(7,23,4,3),(7,24,5,3),(7,25,6,3),(7,26,7,3),(7,27,8,3),(7,28,1,4),(7,29,2,4),(7,30,3,4),(7,31,4,4),(7,32,5,4),(7,33,6,4),(7,34,7,4),(7,35,8,4),(7,36,1,5),(7,37,2,5),(7,38,3,5),(7,39,4,5),(7,40,5,5),(7,41,6,5),(7,42,7,5),(7,43,8,5),(7,44,1,6),(7,45,2,6),(7,46,3,6),(7,47,4,6),(7,48,5,6),(7,49,6,6),(7,50,7,6),(7,51,8,6),(7,52,1,7),(7,53,2,7),(7,54,3,7),(7,55,4,7),(7,56,5,7),(7,57,6,7),(7,58,7,7),(7,59,8,7),(7,60,1,8),(7,61,2,8),(7,62,3,8),(7,63,4,8),(7,64,5,8),(7,65,6,8),(7,66,7,8),(7,67,8,8),(7,68,1,9),(7,69,2,9),(7,70,3,9),(7,71,4,9),(7,72,5,9),(7,73,6,9),(7,74,7,9),(7,75,8,9),(7,76,1,10),(7,77,2,10),(7,78,3,10),(7,79,4,10),(7,80,5,10),(7,81,6,10),(7,82,7,10),(7,83,8,10),(7,84,1,11),(7,85,2,11),(7,86,3,11),(7,87,4,11),(7,88,5,11),(7,89,6,11),(7,90,7,11),(7,91,8,11),(7,92,1,12),(7,93,2,12),(7,94,3,12),(7,95,4,12),(7,96,5,12),(7,97,6,12),(7,98,7,12),(7,99,8,12),(7,100,1,13),(7,101,2,13),(7,102,3,13),(7,103,4,13),(7,104,5,13),(7,105,6,13),(7,106,7,13),(7,107,8,13),(7,108,1,14),(7,109,2,14),(7,110,3,14),(7,111,4,14),(7,112,5,14),(7,113,6,14),(7,114,7,14),(7,115,8,14),(7,116,1,15),(7,117,2,15),(7,118,3,15),(7,119,4,15),(7,120,5,15),(7,121,6,15),(7,122,7,15),(7,123,8,15),(7,124,1,16),(7,125,2,16),(7,126,3,16),(7,127,4,16),(7,128,5,16),(7,129,6,16),(7,130,7,16),(7,131,8,16),(7,132,1,17),(7,133,2,17),(7,134,3,17),(7,135,4,17),(7,136,5,17),(7,137,6,17),(7,138,7,17),(7,139,8,17),(7,140,1,18),(7,141,2,18),(7,142,3,18),(7,143,4,18),(7,144,5,18),(7,145,6,18),(7,146,7,18),(7,147,8,18),(7,148,1,19),(7,149,2,19),(7,150,3,19),(7,151,4,19),(7,152,5,19),(7,153,6,19),(7,154,7,19),(7,155,8,19),(7,156,1,20),(7,157,2,20),(7,158,3,20),(7,159,4,20),(7,160,5,20),(7,161,6,20),(7,162,7,20),(7,163,8,20),(7,164,1,21),(7,165,2,21),(7,166,3,21),(7,167,4,21),(7,168,5,21),(7,169,6,21),(7,170,7,21),(7,171,8,21),(7,172,1,22),(7,173,2,22),(7,174,3,22),(7,175,4,22),(7,176,5,22),(7,177,6,22),(7,178,7,22),(7,179,8,22),(7,180,1,23),(7,181,2,23),(7,182,3,23),(7,183,4,23),(7,184,5,23),(7,185,6,23),(7,186,7,23),(7,187,8,23),(7,188,1,24),(7,189,2,24),(7,190,3,24),(7,191,4,24),(7,192,5,24),(8,1,0,0),(8,2,0,0),(8,3,1,1),(8,4,2,1),(8,5,3,1),(8,6,4,1),(8,7,5,1),(8,8,6,1),(8,9,7,1),(8,10,8,1),(8,11,1,2),(8,12,2,2),(8,13,3,2),(8,14,4,2),(8,15,5,2),(8,16,6,2),(8,17,7,2),(8,18,8,2),(8,19,1,3),(8,20,2,3),(8,21,3,3),(8,22,4,3),(8,23,5,3),(8,24,6,3),(8,25,7,3),(8,26,8,3),(8,27,1,4),(8,28,2,4),(8,29,3,4),(8,30,4,4),(8,31,5,4),(8,32,6,4),(8,33,7,4),(8,34,8,4),(8,35,1,5),(8,36,2,5),(8,37,3,5),(8,38,4,5),(8,39,5,5),(8,40,6,5),(8,41,7,5),(8,42,8,5),(8,43,1,6),(8,44,2,6),(8,45,3,6),(8,46,4,6),(8,47,5,6),(8,48,6,6),(8,49,7,6),(8,50,8,6),(8,51,1,7),(8,52,2,7),(8,53,3,7),(8,54,4,7),(8,55,5,7),(8,56,6,7),(8,57,7,7),(8,58,8,7),(8,59,1,8),(8,60,2,8),(8,61,3,8),(8,62,4,8),(8,63,5,8),(8,64,6,8),(8,65,7,8),(8,66,8,8),(8,67,1,9),(8,68,2,9),(8,69,3,9),(8,70,4,9),(8,71,5,9),(8,72,6,9),(8,73,7,9),(8,74,8,9),(8,75,1,10),(8,76,2,10),(8,77,3,10),(8,78,4,10),(8,79,5,10),(8,80,6,10),(8,81,7,10),(8,82,8,10),(8,83,1,11),(8,84,2,11),(8,85,3,11),(8,86,4,11),(8,87,5,11),(8,88,6,11),(8,89,7,11),(8,90,8,11),(8,91,1,12),(8,92,2,12),(8,93,3,12),(8,94,4,12),(8,95,5,12),(8,96,6,12),(8,97,7,12),(8,98,8,12),(8,99,1,13),(8,100,2,13),(8,101,3,13),(8,102,4,13),(8,103,5,13),(8,104,6,13),(8,105,7,13),(8,106,8,13),(8,107,1,14),(8,108,2,14),(8,109,3,14),(8,110,4,14),(8,111,5,14),(8,112,6,14),(8,113,7,14),(8,114,8,14),(8,115,1,15),(8,116,2,15),(8,117,3,15),(8,118,4,15),(8,119,5,15),(8,120,6,15),(8,121,7,15),(8,122,8,15),(8,123,1,16),(8,124,2,16),(8,125,3,16),(8,126,4,16),(8,127,5,16),(8,128,6,16),(8,129,7,16),(8,130,8,16),(8,131,1,17),(8,132,2,17),(8,133,3,17),(8,134,4,17),(8,135,5,17),(8,136,6,17),(8,137,7,17),(8,138,8,17),(8,139,1,18),(8,140,2,18),(8,141,3,18),(8,142,4,18),(8,143,5,18),(8,144,6,18),(8,145,7,18),(8,146,8,18),(8,147,1,19),(8,148,2,19),(8,149,3,19),(8,150,4,19),(8,151,5,19),(8,152,6,19),(8,153,7,19),(8,154,8,19),(8,155,1,20),(8,156,2,20),(8,157,3,20),(8,158,4,20),(8,159,5,20),(8,160,6,20),(8,161,7,20),(8,162,8,20),(8,163,1,21),(8,164,2,21),(8,165,3,21),(8,166,4,21),(8,167,5,21),(8,168,6,21),(8,169,7,21),(8,170,8,21),(8,171,1,22),(8,172,2,22),(8,173,3,22),(8,174,4,22),(8,175,5,22),(8,176,6,22),(8,177,7,22),(8,178,8,22),(8,179,1,23),(8,180,2,23),(8,181,3,23),(8,182,4,23),(8,183,5,23),(8,184,6,23),(8,185,7,23),(8,186,8,23),(8,187,1,24),(8,188,2,24),(8,189,3,24),(8,190,4,24),(8,191,5,24),(8,192,6,24),(9,1,0,0),(9,2,0,0),(9,3,1,1),(9,4,2,1),(9,5,3,1),(9,6,4,1),(9,7,5,1),(9,8,6,1),(9,9,7,1),(9,10,8,1),(9,11,1,2),(9,12,2,2),(9,13,3,2),(9,14,4,2),(9,15,5,2),(9,16,6,2),(9,17,7,2),(9,18,8,2),(9,19,1,3),(9,20,2,3),(9,21,3,3),(9,22,4,3),(9,23,5,3),(9,24,6,3),(9,25,7,3),(9,26,8,3),(9,27,1,4),(9,28,2,4),(9,29,3,4),(9,30,4,4),(9,31,5,4),(9,32,6,4),(9,33,7,4),(9,34,8,4),(9,35,1,5),(9,36,2,5),(9,37,3,5),(9,38,4,5),(9,39,5,5),(9,40,6,5),(9,41,7,5),(9,42,8,5),(9,43,1,6),(9,44,2,6),(9,45,3,6),(9,46,4,6),(9,47,5,6),(9,48,6,6),(9,49,7,6),(9,50,8,6),(9,51,1,7),(9,52,2,7),(9,53,3,7),(9,54,4,7),(9,55,5,7),(9,56,6,7),(9,57,7,7),(9,58,8,7),(9,59,1,8),(9,60,2,8),(9,61,3,8),(9,62,4,8),(9,63,5,8),(9,64,6,8),(9,65,7,8),(9,66,8,8),(9,67,1,9),(9,68,2,9),(9,69,3,9),(9,70,4,9),(9,71,5,9),(9,72,6,9),(9,73,7,9),(9,74,8,9),(9,75,1,10),(9,76,2,10),(9,77,3,10),(9,78,4,10),(9,79,5,10),(9,80,6,10),(9,81,7,10),(9,82,8,10),(9,83,1,11),(9,84,2,11),(9,85,3,11),(9,86,4,11),(9,87,5,11),(9,88,6,11),(9,89,7,11),(9,90,8,11),(9,91,1,12),(9,92,2,12),(9,93,3,12),(9,94,4,12),(9,95,5,12),(9,96,6,12),(9,97,7,12),(9,98,8,12),(9,99,1,13),(9,100,2,13),(9,101,3,13),(9,102,4,13),(9,103,5,13),(9,104,6,13),(9,105,7,13),(9,106,8,13),(9,107,1,14),(9,108,2,14),(9,109,3,14),(9,110,4,14),(9,111,5,14),(9,112,6,14),(9,113,7,14),(9,114,8,14),(9,115,1,15),(9,116,2,15),(9,117,3,15),(9,118,4,15),(9,119,5,15),(9,120,6,15),(9,121,7,15),(9,122,8,15),(9,123,1,16),(9,124,2,16),(9,125,3,16),(9,126,4,16),(9,127,5,16),(9,128,6,16),(9,129,7,16),(9,130,8,16),(9,131,1,17),(9,132,2,17),(9,133,3,17),(9,134,4,17),(9,135,5,17),(9,136,6,17),(9,137,7,17),(9,138,8,17),(9,139,1,18),(9,140,2,18),(9,141,3,18),(9,142,4,18),(9,143,5,18),(9,144,6,18),(9,145,7,18),(9,146,8,18),(9,147,1,19),(9,148,2,19),(9,149,3,19),(9,150,4,19),(9,151,5,19),(9,152,6,19),(9,153,7,19),(9,154,8,19),(9,155,1,20),(9,156,2,20),(9,157,3,20),(9,158,4,20),(9,159,5,20),(9,160,6,20),(9,161,7,20),(9,162,8,20),(9,163,1,21),(9,164,2,21),(9,165,3,21),(9,166,4,21),(9,167,5,21),(9,168,6,21),(9,169,7,21),(9,170,8,21),(9,171,1,22),(9,172,2,22),(9,173,3,22),(9,174,4,22),(9,175,5,22),(9,176,6,22),(9,177,7,22),(9,178,8,22),(9,179,1,23),(9,180,2,23),(9,181,3,23),(9,182,4,23),(9,183,5,23),(9,184,6,23),(9,185,7,23),(9,186,8,23),(9,187,1,24),(9,188,2,24),(9,189,3,24),(9,190,4,24),(9,191,5,24),(9,192,6,24),(10,1,0,0),(10,2,1,1),(10,3,2,1),(10,4,3,1),(10,5,4,1),(10,6,5,1),(10,7,6,1),(10,8,7,1),(10,9,8,1),(10,10,1,2),(10,11,2,2),(10,12,3,2),(10,13,4,2),(10,14,5,2),(10,15,6,2),(10,16,7,2),(10,17,8,2),(10,18,1,3),(10,19,2,3),(10,20,3,3),(10,21,4,3),(10,22,5,3),(10,23,6,3),(10,24,7,3),(10,25,8,3),(10,26,1,4),(10,27,2,4),(10,28,3,4),(10,29,4,4),(10,30,5,4),(10,31,6,4),(10,32,7,4),(10,33,8,4),(10,34,1,5),(10,35,2,5),(10,36,3,5),(10,37,4,5),(10,38,5,5),(10,39,6,5),(10,40,7,5),(10,41,8,5),(10,42,1,6),(10,43,2,6),(10,44,3,6),(10,45,4,6),(10,46,5,6),(10,47,6,6),(10,48,7,6),(10,49,8,6),(10,50,1,7),(10,51,2,7),(10,52,3,7),(10,53,4,7),(10,54,5,7),(10,55,6,7),(10,56,7,7),(10,57,8,7),(10,58,1,8),(10,59,2,8),(10,60,3,8),(10,61,4,8),(10,62,5,8),(10,63,6,8),(10,64,7,8),(10,65,8,8),(10,66,1,9),(10,67,2,9),(10,68,3,9),(10,69,4,9),(10,70,5,9),(10,71,6,9),(10,72,7,9),(10,73,8,9),(10,74,1,10),(10,75,2,10),(10,76,3,10),(10,77,4,10),(10,78,5,10),(10,79,6,10),(10,80,7,10),(10,81,8,10),(10,82,1,11),(10,83,2,11),(10,84,3,11),(10,85,4,11),(10,86,5,11),(10,87,6,11),(10,88,7,11),(10,89,8,11),(10,90,1,12),(10,91,2,12),(10,92,3,12),(10,93,4,12),(10,94,5,12),(10,95,6,12),(10,96,7,12),(10,97,8,12),(10,98,1,13),(10,99,2,13),(10,100,3,13),(10,101,4,13),(10,102,5,13),(10,103,6,13),(10,104,7,13),(10,105,8,13),(10,106,1,14),(10,107,2,14),(10,108,3,14),(10,109,4,14),(10,110,5,14),(10,111,6,14),(10,112,7,14),(10,113,8,14),(10,114,1,15),(10,115,2,15),(10,116,3,15),(10,117,4,15),(10,118,5,15),(10,119,6,15),(10,120,7,15),(10,121,8,15),(10,122,1,16),(10,123,2,16),(10,124,3,16),(10,125,4,16),(10,126,5,16),(10,127,6,16),(10,128,7,16),(10,129,8,16),(10,130,1,17),(10,131,2,17),(10,132,3,17),(10,133,4,17),(10,134,5,17),(10,135,6,17),(10,136,7,17),(10,137,8,17),(10,138,1,18),(10,139,2,18),(10,140,3,18),(10,141,4,18),(10,142,5,18),(10,143,6,18),(10,144,7,18),(10,145,8,18),(10,146,1,19),(10,147,2,19),(10,148,3,19),(10,149,4,19),(10,150,5,19),(10,151,6,19),(10,152,7,19),(10,153,8,19),(10,154,1,20),(10,155,2,20),(10,156,3,20),(10,157,4,20),(10,158,5,20),(10,159,6,20),(10,160,7,20),(10,161,8,20),(10,162,1,21),(10,163,2,21),(10,164,3,21),(10,165,4,21),(10,166,5,21),(10,167,6,21),(10,168,7,21),(10,169,8,21),(10,170,1,22),(10,171,2,22),(10,172,3,22),(10,173,4,22),(10,174,5,22),(10,175,6,22),(10,176,7,22),(10,177,8,22),(10,178,1,23),(10,179,2,23),(10,180,3,23),(10,181,4,23),(10,182,5,23),(10,183,6,23),(10,184,7,23),(10,185,8,23),(10,186,1,24),(10,187,2,24),(10,188,3,24),(10,189,4,24),(10,190,5,24),(10,191,6,24),(10,192,7,24),(11,1,0,0),(11,2,1,1),(11,3,2,1),(11,4,3,1),(11,5,4,1),(11,6,5,1),(11,7,6,1),(11,8,7,1),(11,9,8,1),(11,10,1,2),(11,11,2,2),(11,12,3,2),(11,13,4,2),(11,14,5,2),(11,15,6,2),(11,16,7,2),(11,17,8,2),(11,18,1,3),(11,19,2,3),(11,20,3,3),(11,21,4,3),(11,22,5,3),(11,23,6,3),(11,24,7,3),(11,25,8,3),(11,26,1,4),(11,27,2,4),(11,28,3,4),(11,29,4,4),(11,30,5,4),(11,31,6,4),(11,32,7,4),(11,33,8,4),(11,34,1,5),(11,35,2,5),(11,36,3,5),(11,37,4,5),(11,38,5,5),(11,39,6,5),(11,40,7,5),(11,41,8,5),(11,42,1,6),(11,43,2,6),(11,44,3,6),(11,45,4,6),(11,46,5,6),(11,47,6,6),(11,48,7,6),(11,49,8,6),(11,50,1,7),(11,51,2,7),(11,52,3,7),(11,53,4,7),(11,54,5,7),(11,55,6,7),(11,56,7,7),(11,57,8,7),(11,58,1,8),(11,59,2,8),(11,60,3,8),(11,61,4,8),(11,62,5,8),(11,63,6,8),(11,64,7,8),(11,65,8,8),(11,66,1,9),(11,67,2,9),(11,68,3,9),(11,69,4,9),(11,70,5,9),(11,71,6,9),(11,72,7,9),(11,73,8,9),(11,74,1,10),(11,75,2,10),(11,76,3,10),(11,77,4,10),(11,78,5,10),(11,79,6,10),(11,80,7,10),(11,81,8,10),(11,82,1,11),(11,83,2,11),(11,84,3,11),(11,85,4,11),(11,86,5,11),(11,87,6,11),(11,88,7,11),(11,89,8,11),(11,90,1,12),(11,91,2,12),(11,92,3,12),(11,93,4,12),(11,94,5,12),(11,95,6,12),(11,96,7,12),(11,97,8,12),(11,98,1,13),(11,99,2,13),(11,100,3,13),(11,101,4,13),(11,102,5,13),(11,103,6,13),(11,104,7,13),(11,105,8,13),(11,106,1,14),(11,107,2,14),(11,108,3,14),(11,109,4,14),(11,110,5,14),(11,111,6,14),(11,112,7,14),(11,113,8,14),(11,114,1,15),(11,115,2,15),(11,116,3,15),(11,117,4,15),(11,118,5,15),(11,119,6,15),(11,120,7,15),(11,121,8,15),(11,122,1,16),(11,123,2,16),(11,124,3,16),(11,125,4,16),(11,126,5,16),(11,127,6,16),(11,128,7,16),(11,129,8,16),(11,130,1,17),(11,131,2,17),(11,132,3,17),(11,133,4,17),(11,134,5,17),(11,135,6,17),(11,136,7,17),(11,137,8,17),(11,138,1,18),(11,139,2,18),(11,140,3,18),(11,141,4,18),(11,142,5,18),(11,143,6,18),(11,144,7,18),(11,145,8,18),(11,146,1,19),(11,147,2,19),(11,148,3,19),(11,149,4,19),(11,150,5,19),(11,151,6,19),(11,152,7,19),(11,153,8,19),(11,154,1,20),(11,155,2,20),(11,156,3,20),(11,157,4,20),(11,158,5,20),(11,159,6,20),(11,160,7,20),(11,161,8,20),(11,162,1,21),(11,163,2,21),(11,164,3,21),(11,165,4,21),(11,166,5,21),(11,167,6,21),(11,168,7,21),(11,169,8,21),(11,170,1,22),(11,171,2,22),(11,172,3,22),(11,173,4,22),(11,174,5,22),(11,175,6,22),(11,176,7,22),(11,177,8,22),(11,178,1,23),(11,179,2,23),(11,180,3,23),(11,181,4,23),(11,182,5,23),(11,183,6,23),(11,184,7,23),(11,185,8,23),(11,186,1,24),(11,187,2,24),(11,188,3,24),(11,189,4,24),(11,190,5,24),(11,191,6,24),(11,192,7,24),(12,1,1,1),(12,2,2,1),(12,3,3,1),(12,4,4,1),(12,5,5,1),(12,6,6,1),(12,7,7,1),(12,8,8,1),(12,9,1,2),(12,10,2,2),(12,11,3,2),(12,12,4,2),(12,13,5,2),(12,14,6,2),(12,15,7,2),(12,16,8,2),(12,17,1,3),(12,18,2,3),(12,19,3,3),(12,20,4,3),(12,21,5,3),(12,22,6,3),(12,23,7,3),(12,24,8,3),(12,25,1,4),(12,26,2,4),(12,27,3,4),(12,28,4,4),(12,29,5,4),(12,30,6,4),(12,31,7,4),(12,32,8,4),(12,33,1,5),(12,34,2,5),(12,35,3,5),(12,36,4,5),(12,37,5,5),(12,38,6,5),(12,39,7,5),(12,40,8,5),(12,41,1,6),(12,42,2,6),(12,43,3,6),(12,44,4,6),(12,45,5,6),(12,46,6,6),(12,47,7,6),(12,48,8,6),(12,49,1,7),(12,50,2,7),(12,51,3,7),(12,52,4,7),(12,53,5,7),(12,54,6,7),(12,55,7,7),(12,56,8,7),(12,57,1,8),(12,58,2,8),(12,59,3,8),(12,60,4,8),(12,61,5,8),(12,62,6,8),(12,63,7,8),(12,64,8,8),(12,65,1,9),(12,66,2,9),(12,67,3,9),(12,68,4,9),(12,69,5,9),(12,70,6,9),(12,71,7,9),(12,72,8,9),(12,73,1,10),(12,74,2,10),(12,75,3,10),(12,76,4,10),(12,77,5,10),(12,78,6,10),(12,79,7,10),(12,80,8,10),(12,81,1,11),(12,82,2,11),(12,83,3,11),(12,84,4,11),(12,85,5,11),(12,86,6,11),(12,87,7,11),(12,88,8,11),(12,89,1,12),(12,90,2,12),(12,91,3,12),(12,92,4,12),(12,93,5,12),(12,94,6,12),(12,95,7,12),(12,96,8,12),(12,97,1,13),(12,98,2,13),(12,99,3,13),(12,100,4,13),(12,101,5,13),(12,102,6,13),(12,103,7,13),(12,104,8,13),(12,105,1,14),(12,106,2,14),(12,107,3,14),(12,108,4,14),(12,109,5,14),(12,110,6,14),(12,111,7,14),(12,112,8,14),(12,113,1,15),(12,114,2,15),(12,115,3,15),(12,116,4,15),(12,117,5,15),(12,118,6,15),(12,119,7,15),(12,120,8,15),(12,121,1,16),(12,122,2,16),(12,123,3,16),(12,124,4,16),(12,125,5,16),(12,126,6,16),(12,127,7,16),(12,128,8,16),(12,129,1,17),(12,130,2,17),(12,131,3,17),(12,132,4,17),(12,133,5,17),(12,134,6,17),(12,135,7,17),(12,136,8,17),(12,137,1,18),(12,138,2,18),(12,139,3,18),(12,140,4,18),(12,141,5,18),(12,142,6,18),(12,143,7,18),(12,144,8,18),(12,145,1,19),(12,146,2,19),(12,147,3,19),(12,148,4,19),(12,149,5,19),(12,150,6,19),(12,151,7,19),(12,152,8,19),(12,153,1,20),(12,154,2,20),(12,155,3,20),(12,156,4,20),(12,157,5,20),(12,158,6,20),(12,159,7,20),(12,160,8,20),(12,161,1,21),(12,162,2,21),(12,163,3,21),(12,164,4,21),(12,165,5,21),(12,166,6,21),(12,167,7,21),(12,168,8,21),(12,169,1,22),(12,170,2,22),(12,171,3,22),(12,172,4,22),(12,173,5,22),(12,174,6,22),(12,175,7,22),(12,176,8,22),(12,177,1,23),(12,178,2,23),(12,179,3,23),(12,180,4,23),(12,181,5,23),(12,182,6,23),(12,183,7,23),(12,184,8,23),(12,185,1,24),(12,186,2,24),(12,187,3,24),(12,188,4,24),(12,189,5,24),(12,190,6,24),(12,191,7,24),(12,192,8,24),(13,1,1,1),(13,2,2,1),(13,3,3,1),(13,4,4,1),(13,5,5,1),(13,6,6,1),(13,7,7,1),(13,8,8,1),(13,9,1,2),(13,10,2,2),(13,11,3,2),(13,12,4,2),(13,13,5,2),(13,14,6,2),(13,15,7,2),(13,16,8,2),(13,17,1,3),(13,18,2,3),(13,19,3,3),(13,20,4,3),(13,21,5,3),(13,22,6,3),(13,23,7,3),(13,24,8,3),(13,25,1,4),(13,26,2,4),(13,27,3,4),(13,28,4,4),(13,29,5,4),(13,30,6,4),(13,31,7,4),(13,32,8,4),(13,33,1,5),(13,34,2,5),(13,35,3,5),(13,36,4,5),(13,37,5,5),(13,38,6,5),(13,39,7,5),(13,40,8,5),(13,41,1,6),(13,42,2,6),(13,43,3,6),(13,44,4,6),(13,45,5,6),(13,46,6,6),(13,47,7,6),(13,48,8,6),(13,49,1,7),(13,50,2,7),(13,51,3,7),(13,52,4,7),(13,53,5,7),(13,54,6,7),(13,55,7,7),(13,56,8,7),(13,57,1,8),(13,58,2,8),(13,59,3,8),(13,60,4,8),(13,61,5,8),(13,62,6,8),(13,63,7,8),(13,64,8,8),(13,65,1,9),(13,66,2,9),(13,67,3,9),(13,68,4,9),(13,69,5,9),(13,70,6,9),(13,71,7,9),(13,72,8,9),(13,73,1,10),(13,74,2,10),(13,75,3,10),(13,76,4,10),(13,77,5,10),(13,78,6,10),(13,79,7,10),(13,80,8,10),(13,81,1,11),(13,82,2,11),(13,83,3,11),(13,84,4,11),(13,85,5,11),(13,86,6,11),(13,87,7,11),(13,88,8,11),(13,89,1,12),(13,90,2,12),(13,91,3,12),(13,92,4,12),(13,93,5,12),(13,94,6,12),(13,95,7,12),(13,96,8,12),(13,97,1,13),(13,98,2,13),(13,99,3,13),(13,100,4,13),(13,101,5,13),(13,102,6,13),(13,103,7,13),(13,104,8,13),(13,105,1,14),(13,106,2,14),(13,107,3,14),(13,108,4,14),(13,109,5,14),(13,110,6,14),(13,111,7,14),(13,112,8,14),(13,113,1,15),(13,114,2,15),(13,115,3,15),(13,116,4,15),(13,117,5,15),(13,118,6,15),(13,119,7,15),(13,120,8,15),(13,121,1,16),(13,122,2,16),(13,123,3,16),(13,124,4,16),(13,125,5,16),(13,126,6,16),(13,127,7,16),(13,128,8,16),(13,129,1,17),(13,130,2,17),(13,131,3,17),(13,132,4,17),(13,133,5,17),(13,134,6,17),(13,135,7,17),(13,136,8,17),(13,137,1,18),(13,138,2,18),(13,139,3,18),(13,140,4,18),(13,141,5,18),(13,142,6,18),(13,143,7,18),(13,144,8,18),(13,145,1,19),(13,146,2,19),(13,147,3,19),(13,148,4,19),(13,149,5,19),(13,150,6,19),(13,151,7,19),(13,152,8,19),(13,153,1,20),(13,154,2,20),(13,155,3,20),(13,156,4,20),(13,157,5,20),(13,158,6,20),(13,159,7,20),(13,160,8,20),(13,161,1,21),(13,162,2,21),(13,163,3,21),(13,164,4,21),(13,165,5,21),(13,166,6,21),(13,167,7,21),(13,168,8,21),(13,169,1,22),(13,170,2,22),(13,171,3,22),(13,172,4,22),(13,173,5,22),(13,174,6,22),(13,175,7,22),(13,176,8,22),(13,177,1,23),(13,178,2,23),(13,179,3,23),(13,180,4,23),(13,181,5,23),(13,182,6,23),(13,183,7,23),(13,184,8,23),(13,185,1,24),(13,186,2,24),(13,187,3,24),(13,188,4,24),(13,189,5,24),(13,190,6,24),(13,191,7,24),(13,192,8,24),(14,1,1,1),(14,2,2,1),(14,3,3,1),(14,4,4,1),(14,5,5,1),(14,6,6,1),(14,7,7,1),(14,8,8,1),(14,9,1,2),(14,10,2,2),(14,11,3,2),(14,12,4,2),(14,13,5,2),(14,14,6,2),(14,15,7,2),(14,16,8,2),(14,17,1,3),(14,18,2,3),(14,19,3,3),(14,20,4,3),(14,21,5,3),(14,22,6,3),(14,23,7,3),(14,24,8,3),(14,25,1,4),(14,26,2,4),(14,27,3,4),(14,28,4,4),(14,29,5,4),(14,30,6,4),(14,31,7,4),(14,32,8,4),(14,33,1,5),(14,34,2,5),(14,35,3,5),(14,36,4,5),(14,37,5,5),(14,38,6,5),(14,39,7,5),(14,40,8,5),(14,41,1,6),(14,42,2,6),(14,43,3,6),(14,44,4,6),(14,45,5,6),(14,46,6,6),(14,47,7,6),(14,48,8,6),(14,49,1,7),(14,50,2,7),(14,51,3,7),(14,52,4,7),(14,53,5,7),(14,54,6,7),(14,55,7,7),(14,56,8,7),(14,57,1,8),(14,58,2,8),(14,59,3,8),(14,60,4,8),(14,61,5,8),(14,62,6,8),(14,63,7,8),(14,64,8,8),(14,65,1,9),(14,66,2,9),(14,67,3,9),(14,68,4,9),(14,69,5,9),(14,70,6,9),(14,71,7,9),(14,72,8,9),(14,73,1,10),(14,74,2,10),(14,75,3,10),(14,76,4,10),(14,77,5,10),(14,78,6,10),(14,79,7,10),(14,80,8,10),(14,81,1,11),(14,82,2,11),(14,83,3,11),(14,84,4,11),(14,85,5,11),(14,86,6,11),(14,87,7,11),(14,88,8,11),(14,89,1,12),(14,90,2,12),(14,91,3,12),(14,92,4,12),(14,93,5,12),(14,94,6,12),(14,95,7,12),(14,96,8,12),(14,97,1,13),(14,98,2,13),(14,99,3,13),(14,100,4,13),(14,101,5,13),(14,102,6,13),(14,103,7,13),(14,104,8,13),(14,105,1,14),(14,106,2,14),(14,107,3,14),(14,108,4,14),(14,109,5,14),(14,110,6,14),(14,111,7,14),(14,112,8,14),(14,113,1,15),(14,114,2,15),(14,115,3,15),(14,116,4,15),(14,117,5,15),(14,118,6,15),(14,119,7,15),(14,120,8,15),(14,121,1,16),(14,122,2,16),(14,123,3,16),(14,124,4,16),(14,125,5,16),(14,126,6,16),(14,127,7,16),(14,128,8,16),(14,129,1,17),(14,130,2,17),(14,131,3,17),(14,132,4,17),(14,133,5,17),(14,134,6,17),(14,135,7,17),(14,136,8,17),(14,137,1,18),(14,138,2,18),(14,139,3,18),(14,140,4,18),(14,141,5,18),(14,142,6,18),(14,143,7,18),(14,144,8,18),(14,145,1,19),(14,146,2,19),(14,147,3,19),(14,148,4,19),(14,149,5,19),(14,150,6,19),(14,151,7,19),(14,152,8,19),(14,153,1,20),(14,154,2,20),(14,155,3,20),(14,156,4,20),(14,157,5,20),(14,158,6,20),(14,159,7,20),(14,160,8,20),(14,161,1,21),(14,162,2,21),(14,163,3,21),(14,164,4,21),(14,165,5,21),(14,166,6,21),(14,167,7,21),(14,168,8,21),(14,169,1,22),(14,170,2,22),(14,171,3,22),(14,172,4,22),(14,173,5,22),(14,174,6,22),(14,175,7,22),(14,176,8,22),(14,177,1,23),(14,178,2,23),(14,179,3,23),(14,180,4,23),(14,181,5,23),(14,182,6,23),(14,183,7,23),(14,184,8,23),(14,185,1,24),(14,186,2,24),(14,187,3,24),(14,188,4,24),(14,189,5,24),(14,190,6,24),(14,191,7,24),(14,192,8,24),(15,1,1,1),(15,2,2,1),(15,3,3,1),(15,4,4,1),(15,5,5,1),(15,6,6,1),(15,7,7,1),(15,8,8,1),(15,9,1,2),(15,10,2,2),(15,11,3,2),(15,12,4,2),(15,13,5,2),(15,14,6,2),(15,15,7,2),(15,16,8,2),(15,17,1,3),(15,18,2,3),(15,19,3,3),(15,20,4,3),(15,21,5,3),(15,22,6,3),(15,23,7,3),(15,24,8,3),(15,25,1,4),(15,26,2,4),(15,27,3,4),(15,28,4,4),(15,29,5,4),(15,30,6,4),(15,31,7,4),(15,32,8,4),(15,33,1,5),(15,34,2,5),(15,35,3,5),(15,36,4,5),(15,37,5,5),(15,38,6,5),(15,39,7,5),(15,40,8,5),(15,41,1,6),(15,42,2,6),(15,43,3,6),(15,44,4,6),(15,45,5,6),(15,46,6,6),(15,47,7,6),(15,48,8,6),(15,49,1,7),(15,50,2,7),(15,51,3,7),(15,52,4,7),(15,53,5,7),(15,54,6,7),(15,55,7,7),(15,56,8,7),(15,57,1,8),(15,58,2,8),(15,59,3,8),(15,60,4,8),(15,61,5,8),(15,62,6,8),(15,63,7,8),(15,64,8,8),(15,65,1,9),(15,66,2,9),(15,67,3,9),(15,68,4,9),(15,69,5,9),(15,70,6,9),(15,71,7,9),(15,72,8,9),(15,73,1,10),(15,74,2,10),(15,75,3,10),(15,76,4,10),(15,77,5,10),(15,78,6,10),(15,79,7,10),(15,80,8,10),(15,81,1,11),(15,82,2,11),(15,83,3,11),(15,84,4,11),(15,85,5,11),(15,86,6,11),(15,87,7,11),(15,88,8,11),(15,89,1,12),(15,90,2,12),(15,91,3,12),(15,92,4,12),(15,93,5,12),(15,94,6,12),(15,95,7,12),(15,96,8,12),(15,97,1,13),(15,98,2,13),(15,99,3,13),(15,100,4,13),(15,101,5,13),(15,102,6,13),(15,103,7,13),(15,104,8,13),(15,105,1,14),(15,106,2,14),(15,107,3,14),(15,108,4,14),(15,109,5,14),(15,110,6,14),(15,111,7,14),(15,112,8,14),(15,113,1,15),(15,114,2,15),(15,115,3,15),(15,116,4,15),(15,117,5,15),(15,118,6,15),(15,119,7,15),(15,120,8,15),(15,121,1,16),(15,122,2,16),(15,123,3,16),(15,124,4,16),(15,125,5,16),(15,126,6,16),(15,127,7,16),(15,128,8,16),(15,129,1,17),(15,130,2,17),(15,131,3,17),(15,132,4,17),(15,133,5,17),(15,134,6,17),(15,135,7,17),(15,136,8,17),(15,137,1,18),(15,138,2,18),(15,139,3,18),(15,140,4,18),(15,141,5,18),(15,142,6,18),(15,143,7,18),(15,144,8,18),(15,145,1,19),(15,146,2,19),(15,147,3,19),(15,148,4,19),(15,149,5,19),(15,150,6,19),(15,151,7,19),(15,152,8,19),(15,153,1,20),(15,154,2,20),(15,155,3,20),(15,156,4,20),(15,157,5,20),(15,158,6,20),(15,159,7,20),(15,160,8,20),(15,161,1,21),(15,162,2,21),(15,163,3,21),(15,164,4,21),(15,165,5,21),(15,166,6,21),(15,167,7,21),(15,168,8,21),(15,169,1,22),(15,170,2,22),(15,171,3,22),(15,172,4,22),(15,173,5,22),(15,174,6,22),(15,175,7,22),(15,176,8,22),(15,177,1,23),(15,178,2,23),(15,179,3,23),(15,180,4,23),(15,181,5,23),(15,182,6,23),(15,183,7,23),(15,184,8,23),(15,185,1,24),(15,186,2,24),(15,187,3,24),(15,188,4,24),(15,189,5,24),(15,190,6,24),(15,191,7,24),(15,192,8,24),(16,1,1,1),(16,2,2,1),(16,3,3,1),(16,4,4,1),(16,5,5,1),(16,6,6,1),(16,7,7,1),(16,8,8,1),(16,9,1,2),(16,10,2,2),(16,11,3,2),(16,12,4,2),(16,13,5,2),(16,14,6,2),(16,15,7,2),(16,16,8,2),(16,17,1,3),(16,18,2,3),(16,19,3,3),(16,20,4,3),(16,21,5,3),(16,22,6,3),(16,23,7,3),(16,24,8,3),(16,25,1,4),(16,26,2,4),(16,27,3,4),(16,28,4,4),(16,29,5,4),(16,30,6,4),(16,31,7,4),(16,32,8,4),(16,33,1,5),(16,34,2,5),(16,35,3,5),(16,36,4,5),(16,37,5,5),(16,38,6,5),(16,39,7,5),(16,40,8,5),(16,41,1,6),(16,42,2,6),(16,43,3,6),(16,44,4,6),(16,45,5,6),(16,46,6,6),(16,47,7,6),(16,48,8,6),(16,49,1,7),(16,50,2,7),(16,51,3,7),(16,52,4,7),(16,53,5,7),(16,54,6,7),(16,55,7,7),(16,56,8,7),(16,57,1,8),(16,58,2,8),(16,59,3,8),(16,60,4,8),(16,61,5,8),(16,62,6,8),(16,63,7,8),(16,64,8,8),(16,65,1,9),(16,66,2,9),(16,67,3,9),(16,68,4,9),(16,69,5,9),(16,70,6,9),(16,71,7,9),(16,72,8,9),(16,73,1,10),(16,74,2,10),(16,75,3,10),(16,76,4,10),(16,77,5,10),(16,78,6,10),(16,79,7,10),(16,80,8,10),(16,81,1,11),(16,82,2,11),(16,83,3,11),(16,84,4,11),(16,85,5,11),(16,86,6,11),(16,87,7,11),(16,88,8,11),(16,89,1,12),(16,90,2,12),(16,91,3,12),(16,92,4,12),(16,93,5,12),(16,94,6,12),(16,95,7,12),(16,96,8,12),(16,97,1,13),(16,98,2,13),(16,99,3,13),(16,100,4,13),(16,101,5,13),(16,102,6,13),(16,103,7,13),(16,104,8,13),(16,105,1,14),(16,106,2,14),(16,107,3,14),(16,108,4,14),(16,109,5,14),(16,110,6,14),(16,111,7,14),(16,112,8,14),(16,113,1,15),(16,114,2,15),(16,115,3,15),(16,116,4,15),(16,117,5,15),(16,118,6,15),(16,119,7,15),(16,120,8,15),(16,121,1,16),(16,122,2,16),(16,123,3,16),(16,124,4,16),(16,125,5,16),(16,126,6,16),(16,127,7,16),(16,128,8,16),(16,129,1,17),(16,130,2,17),(16,131,3,17),(16,132,4,17),(16,133,5,17),(16,134,6,17),(16,135,7,17),(16,136,8,17),(16,137,1,18),(16,138,2,18),(16,139,3,18),(16,140,4,18),(16,141,5,18),(16,142,6,18),(16,143,7,18),(16,144,8,18),(16,145,1,19),(16,146,2,19),(16,147,3,19),(16,148,4,19),(16,149,5,19),(16,150,6,19),(16,151,7,19),(16,152,8,19),(16,153,1,20),(16,154,2,20),(16,155,3,20),(16,156,4,20),(16,157,5,20),(16,158,6,20),(16,159,7,20),(16,160,8,20),(16,161,1,21),(16,162,2,21),(16,163,3,21),(16,164,4,21),(16,165,5,21),(16,166,6,21),(16,167,7,21),(16,168,8,21),(16,169,1,22),(16,170,2,22),(16,171,3,22),(16,172,4,22),(16,173,5,22),(16,174,6,22),(16,175,7,22),(16,176,8,22),(16,177,1,23),(16,178,2,23),(16,179,3,23),(16,180,4,23),(16,181,5,23),(16,182,6,23),(16,183,7,23),(16,184,8,23),(16,185,1,24),(16,186,2,24),(16,187,3,24),(16,188,4,24),(16,189,5,24),(16,190,6,24),(16,191,7,24),(16,192,8,24),(17,1,1,1),(17,2,2,1),(17,3,3,1),(17,4,4,1),(17,5,5,1),(17,6,6,1),(17,7,7,1),(17,8,8,1),(17,9,1,2),(17,10,2,2),(17,11,3,2),(17,12,4,2),(17,13,5,2),(17,14,6,2),(17,15,7,2),(17,16,8,2),(17,17,1,3),(17,18,2,3),(17,19,3,3),(17,20,4,3),(17,21,5,3),(17,22,6,3),(17,23,7,3),(17,24,8,3),(17,25,1,4),(17,26,2,4),(17,27,3,4),(17,28,4,4),(17,29,5,4),(17,30,6,4),(17,31,7,4),(17,32,8,4),(17,33,1,5),(17,34,2,5),(17,35,3,5),(17,36,4,5),(17,37,5,5),(17,38,6,5),(17,39,7,5),(17,40,8,5),(17,41,1,6),(17,42,2,6),(17,43,3,6),(17,44,4,6),(17,45,5,6),(17,46,6,6),(17,47,7,6),(17,48,8,6),(17,49,1,7),(17,50,2,7),(17,51,3,7),(17,52,4,7),(17,53,5,7),(17,54,6,7),(17,55,7,7),(17,56,8,7),(17,57,1,8),(17,58,2,8),(17,59,3,8),(17,60,4,8),(17,61,5,8),(17,62,6,8),(17,63,7,8),(17,64,8,8),(17,65,1,9),(17,66,2,9),(17,67,3,9),(17,68,4,9),(17,69,5,9),(17,70,6,9),(17,71,7,9),(17,72,8,9),(17,73,1,10),(17,74,2,10),(17,75,3,10),(17,76,4,10),(17,77,5,10),(17,78,6,10),(17,79,7,10),(17,80,8,10),(17,81,1,11),(17,82,2,11),(17,83,3,11),(17,84,4,11),(17,85,5,11),(17,86,6,11),(17,87,7,11),(17,88,8,11),(17,89,1,12),(17,90,2,12),(17,91,3,12),(17,92,4,12),(17,93,5,12),(17,94,6,12),(17,95,7,12),(17,96,8,12),(17,97,1,13),(17,98,2,13),(17,99,3,13),(17,100,4,13),(17,101,5,13),(17,102,6,13),(17,103,7,13),(17,104,8,13),(17,105,1,14),(17,106,2,14),(17,107,3,14),(17,108,4,14),(17,109,5,14),(17,110,6,14),(17,111,7,14),(17,112,8,14),(17,113,1,15),(17,114,2,15),(17,115,3,15),(17,116,4,15),(17,117,5,15),(17,118,6,15),(17,119,7,15),(17,120,8,15),(17,121,1,16),(17,122,2,16),(17,123,3,16),(17,124,4,16),(17,125,5,16),(17,126,6,16),(17,127,7,16),(17,128,8,16),(17,129,1,17),(17,130,2,17),(17,131,3,17),(17,132,4,17),(17,133,5,17),(17,134,6,17),(17,135,7,17),(17,136,8,17),(17,137,1,18),(17,138,2,18),(17,139,3,18),(17,140,4,18),(17,141,5,18),(17,142,6,18),(17,143,7,18),(17,144,8,18),(17,145,1,19),(17,146,2,19),(17,147,3,19),(17,148,4,19),(17,149,5,19),(17,150,6,19),(17,151,7,19),(17,152,8,19),(17,153,1,20),(17,154,2,20),(17,155,3,20),(17,156,4,20),(17,157,5,20),(17,158,6,20),(17,159,7,20),(17,160,8,20),(17,161,1,21),(17,162,2,21),(17,163,3,21),(17,164,4,21),(17,165,5,21),(17,166,6,21),(17,167,7,21),(17,168,8,21),(17,169,1,22),(17,170,2,22),(17,171,3,22),(17,172,4,22),(17,173,5,22),(17,174,6,22),(17,175,7,22),(17,176,8,22),(17,177,1,23),(17,178,2,23),(17,179,3,23),(17,180,4,23),(17,181,5,23),(17,182,6,23),(17,183,7,23),(17,184,8,23),(17,185,1,24),(17,186,2,24),(17,187,3,24),(17,188,4,24),(17,189,5,24),(17,190,6,24),(17,191,7,24),(17,192,8,24),(18,1,1,1),(18,2,2,1),(18,3,3,1),(18,4,4,1),(18,5,5,1),(18,6,6,1),(18,7,7,1),(18,8,8,1),(18,9,1,2),(18,10,2,2),(18,11,3,2),(18,12,4,2),(18,13,5,2),(18,14,6,2),(18,15,7,2),(18,16,8,2),(18,17,1,3),(18,18,2,3),(18,19,3,3),(18,20,4,3),(18,21,5,3),(18,22,6,3),(18,23,7,3),(18,24,8,3),(18,25,1,4),(18,26,2,4),(18,27,3,4),(18,28,4,4),(18,29,5,4),(18,30,6,4),(18,31,7,4),(18,32,8,4),(18,33,1,5),(18,34,2,5),(18,35,3,5),(18,36,4,5),(18,37,5,5),(18,38,6,5),(18,39,7,5),(18,40,8,5),(18,41,1,6),(18,42,2,6),(18,43,3,6),(18,44,4,6),(18,45,5,6),(18,46,6,6),(18,47,7,6),(18,48,8,6),(18,49,1,7),(18,50,2,7),(18,51,3,7),(18,52,4,7),(18,53,5,7),(18,54,6,7),(18,55,7,7),(18,56,8,7),(18,57,1,8),(18,58,2,8),(18,59,3,8),(18,60,4,8),(18,61,5,8),(18,62,6,8),(18,63,7,8),(18,64,8,8),(18,65,1,9),(18,66,2,9),(18,67,3,9),(18,68,4,9),(18,69,5,9),(18,70,6,9),(18,71,7,9),(18,72,8,9),(18,73,1,10),(18,74,2,10),(18,75,3,10),(18,76,4,10),(18,77,5,10),(18,78,6,10),(18,79,7,10),(18,80,8,10),(18,81,1,11),(18,82,2,11),(18,83,3,11),(18,84,4,11),(18,85,5,11),(18,86,6,11),(18,87,7,11),(18,88,8,11),(18,89,1,12),(18,90,2,12),(18,91,3,12),(18,92,4,12),(18,93,5,12),(18,94,6,12),(18,95,7,12),(18,96,8,12),(18,97,1,13),(18,98,2,13),(18,99,3,13),(18,100,4,13),(18,101,5,13),(18,102,6,13),(18,103,7,13),(18,104,8,13),(18,105,1,14),(18,106,2,14),(18,107,3,14),(18,108,4,14),(18,109,5,14),(18,110,6,14),(18,111,7,14),(18,112,8,14),(18,113,1,15),(18,114,2,15),(18,115,3,15),(18,116,4,15),(18,117,5,15),(18,118,6,15),(18,119,7,15),(18,120,8,15),(18,121,1,16),(18,122,2,16),(18,123,3,16),(18,124,4,16),(18,125,5,16),(18,126,6,16),(18,127,7,16),(18,128,8,16),(18,129,1,17),(18,130,2,17),(18,131,3,17),(18,132,4,17),(18,133,5,17),(18,134,6,17),(18,135,7,17),(18,136,8,17),(18,137,1,18),(18,138,2,18),(18,139,3,18),(18,140,4,18),(18,141,5,18),(18,142,6,18),(18,143,7,18),(18,144,8,18),(18,145,1,19),(18,146,2,19),(18,147,3,19),(18,148,4,19),(18,149,5,19),(18,150,6,19),(18,151,7,19),(18,152,8,19),(18,153,1,20),(18,154,2,20),(18,155,3,20),(18,156,4,20),(18,157,5,20),(18,158,6,20),(18,159,7,20),(18,160,8,20),(18,161,1,21),(18,162,2,21),(18,163,3,21),(18,164,4,21),(18,165,5,21),(18,166,6,21),(18,167,7,21),(18,168,8,21),(18,169,1,22),(18,170,2,22),(18,171,3,22),(18,172,4,22),(18,173,5,22),(18,174,6,22),(18,175,7,22),(18,176,8,22),(18,177,1,23),(18,178,2,23),(18,179,3,23),(18,180,4,23),(18,181,5,23),(18,182,6,23),(18,183,7,23),(18,184,8,23),(18,185,1,24),(18,186,2,24),(18,187,3,24),(18,188,4,24),(18,189,5,24),(18,190,6,24),(18,191,7,24),(18,192,8,24),(19,1,1,1),(19,2,2,1),(19,3,3,1),(19,4,4,1),(19,5,1,2),(19,6,2,2),(19,7,3,2),(19,8,4,2),(19,9,5,2),(19,10,6,2),(19,11,7,2),(19,12,8,2),(19,13,1,3),(19,14,2,3),(19,15,3,3),(19,16,4,3),(19,17,5,3),(19,18,6,3),(19,19,7,3),(19,20,8,3),(19,21,1,4),(19,22,2,4),(19,23,3,4),(19,24,4,4),(19,25,5,4),(19,26,6,4),(19,27,7,4),(19,28,8,4),(19,29,1,5),(19,30,2,5),(19,31,3,5),(19,32,4,5),(19,33,5,5),(19,34,6,5),(19,35,7,5),(19,36,8,5),(19,37,1,6),(19,38,2,6),(19,39,3,6),(19,40,4,6),(19,41,5,6),(19,42,6,6),(19,43,7,6),(19,44,8,6),(19,45,1,7),(19,46,2,7),(19,47,3,7),(19,48,4,7),(19,49,5,7),(19,50,6,7),(19,51,7,7),(19,52,8,7),(19,53,1,8),(19,54,2,8),(19,55,3,8),(19,56,4,8),(19,57,5,8),(19,58,6,8),(19,59,7,8),(19,60,8,8),(19,61,1,9),(19,62,2,9),(19,63,3,9),(19,64,4,9),(19,65,5,9),(19,66,6,9),(19,67,7,9),(19,68,8,9),(19,69,1,10),(19,70,2,10),(19,71,3,10),(19,72,4,10),(19,73,5,10),(19,74,6,10),(19,75,7,10),(19,76,8,10),(19,77,1,11),(19,78,2,11),(19,79,3,11),(19,80,4,11),(19,81,5,11),(19,82,6,11),(19,83,7,11),(19,84,8,11),(19,85,1,12),(19,86,2,12),(19,87,3,12),(19,88,4,12),(19,89,5,12),(19,90,6,12),(19,91,7,12),(19,92,8,12),(19,93,1,13),(19,94,2,13),(19,95,3,13),(19,96,4,13),(19,97,5,13),(19,98,6,13),(19,99,7,13),(19,100,8,13),(19,101,1,14),(19,102,2,14),(19,103,3,14),(19,104,4,14),(19,105,5,14),(19,106,6,14),(19,107,7,14),(19,108,8,14),(19,109,1,15),(19,110,2,15),(19,111,3,15),(19,112,4,15),(19,113,5,15),(19,114,6,15),(19,115,7,15),(19,116,8,15),(19,117,1,16),(19,118,2,16),(19,119,3,16),(19,120,4,16),(19,121,5,16),(19,122,6,16),(19,123,7,16),(19,124,8,16),(19,125,1,17),(19,126,2,17),(19,127,3,17),(19,128,4,17),(19,129,5,17),(19,130,6,17),(19,131,7,17),(19,132,8,17),(19,133,1,18),(19,134,2,18),(19,135,3,18),(19,136,4,18),(19,137,5,18),(19,138,6,18),(19,139,7,18),(19,140,8,18),(19,141,1,19),(19,142,2,19),(19,143,3,19),(19,144,4,19),(19,145,5,19),(19,146,6,19),(19,147,7,19),(19,148,1,20),(19,149,2,20),(19,150,3,20),(19,151,4,20),(19,152,5,20),(19,153,6,20),(19,154,7,20),(19,155,8,20),(19,156,1,21),(19,157,2,21),(19,158,3,21),(19,159,4,21),(19,160,5,21),(19,161,6,21),(19,162,7,21),(19,163,8,21),(19,164,1,22),(19,165,2,22),(19,166,3,22),(19,167,4,22),(19,168,5,22),(19,169,6,22),(19,170,7,22),(19,171,8,22),(19,172,1,23),(19,173,2,23),(19,174,3,23),(19,175,4,23),(19,176,5,23),(19,177,6,23),(19,178,7,23),(19,179,1,24),(19,180,2,24),(19,181,3,24),(19,182,4,24),(19,183,5,24),(19,184,6,24),(19,185,7,24),(19,186,8,24),(19,187,1,25),(19,188,2,25),(19,189,3,25),(19,190,0,0),(19,191,0,0),(19,192,0,0),(20,1,1,1),(20,2,2,1),(20,3,3,1),(20,4,4,1),(20,5,1,2),(20,6,2,2),(20,7,3,2),(20,8,4,2),(20,9,5,2),(20,10,6,2),(20,11,7,2),(20,12,8,2),(20,13,1,3),(20,14,2,3),(20,15,3,3),(20,16,4,3),(20,17,5,3),(20,18,6,3),(20,19,7,3),(20,20,8,3),(20,21,1,4),(20,22,2,4),(20,23,3,4),(20,24,4,4),(20,25,5,4),(20,26,6,4),(20,27,7,4),(20,28,8,4),(20,29,1,5),(20,30,2,5),(20,31,3,5),(20,32,4,5),(20,33,5,5),(20,34,6,5),(20,35,7,5),(20,36,8,5),(20,37,1,6),(20,38,2,6),(20,39,3,6),(20,40,4,6),(20,41,5,6),(20,42,6,6),(20,43,7,6),(20,44,8,6),(20,45,1,7),(20,46,2,7),(20,47,3,7),(20,48,4,7),(20,49,5,7),(20,50,6,7),(20,51,7,7),(20,52,8,7),(20,53,1,8),(20,54,2,8),(20,55,3,8),(20,56,4,8),(20,57,5,8),(20,58,6,8),(20,59,7,8),(20,60,8,8),(20,61,1,9),(20,62,2,9),(20,63,3,9),(20,64,4,9),(20,65,5,9),(20,66,6,9),(20,67,7,9),(20,68,8,9),(20,69,1,10),(20,70,2,10),(20,71,3,10),(20,72,4,10),(20,73,5,10),(20,74,6,10),(20,75,7,10),(20,76,8,10),(20,77,1,11),(20,78,2,11),(20,79,3,11),(20,80,4,11),(20,81,5,11),(20,82,6,11),(20,83,7,11),(20,84,8,11),(20,85,1,12),(20,86,2,12),(20,87,3,12),(20,88,4,12),(20,89,5,12),(20,90,6,12),(20,91,7,12),(20,92,8,12),(20,93,1,13),(20,94,2,13),(20,95,3,13),(20,96,4,13),(20,97,5,13),(20,98,6,13),(20,99,7,13),(20,100,8,13),(20,101,1,14),(20,102,2,14),(20,103,3,14),(20,104,4,14),(20,105,5,14),(20,106,6,14),(20,107,7,14),(20,108,8,14),(20,109,1,15),(20,110,2,15),(20,111,3,15),(20,112,4,15),(20,113,5,15),(20,114,6,15),(20,115,7,15),(20,116,8,15),(20,117,1,16),(20,118,2,16),(20,119,3,16),(20,120,4,16),(20,121,5,16),(20,122,6,16),(20,123,7,16),(20,124,8,16),(20,125,1,17),(20,126,2,17),(20,127,3,17),(20,128,4,17),(20,129,5,17),(20,130,6,17),(20,131,7,17),(20,132,8,17),(20,133,1,18),(20,134,2,18),(20,135,3,18),(20,136,4,18),(20,137,5,18),(20,138,6,18),(20,139,7,18),(20,140,8,18),(20,141,1,19),(20,142,2,19),(20,143,3,19),(20,144,4,19),(20,145,5,19),(20,146,6,19),(20,147,7,19),(20,148,1,20),(20,149,2,20),(20,150,3,20),(20,151,4,20),(20,152,5,20),(20,153,6,20),(20,154,7,20),(20,155,8,20),(20,156,1,21),(20,157,2,21),(20,158,3,21),(20,159,4,21),(20,160,5,21),(20,161,6,21),(20,162,7,21),(20,163,8,21),(20,164,1,22),(20,165,2,22),(20,166,3,22),(20,167,4,22),(20,168,5,22),(20,169,6,22),(20,170,7,22),(20,171,8,22),(20,172,1,23),(20,173,2,23),(20,174,3,23),(20,175,4,23),(20,176,5,23),(20,177,6,23),(20,178,7,23),(20,179,1,24),(20,180,2,24),(20,181,3,24),(20,182,4,24),(20,183,5,24),(20,184,6,24),(20,185,7,24),(20,186,8,24),(20,187,1,25),(20,188,2,25),(20,189,0,0),(20,190,0,0),(20,191,0,0),(20,192,0,0),(21,1,1,1),(21,2,2,1),(21,3,3,1),(21,4,4,1),(21,5,1,2),(21,6,2,2),(21,7,3,2),(21,8,4,2),(21,9,5,2),(21,10,6,2),(21,11,7,2),(21,12,8,2),(21,13,1,3),(21,14,2,3),(21,15,3,3),(21,16,4,3),(21,17,5,3),(21,18,6,3),(21,19,7,3),(21,20,8,3),(21,21,1,4),(21,22,2,4),(21,23,3,4),(21,24,4,4),(21,25,5,4),(21,26,6,4),(21,27,7,4),(21,28,8,4),(21,29,1,5),(21,30,2,5),(21,31,3,5),(21,32,4,5),(21,33,5,5),(21,34,6,5),(21,35,7,5),(21,36,8,5),(21,37,1,6),(21,38,2,6),(21,39,3,6),(21,40,4,6),(21,41,5,6),(21,42,6,6),(21,43,7,6),(21,44,8,6),(21,45,1,7),(21,46,2,7),(21,47,3,7),(21,48,4,7),(21,49,5,7),(21,50,6,7),(21,51,7,7),(21,52,8,7),(21,53,1,8),(21,54,2,8),(21,55,3,8),(21,56,4,8),(21,57,5,8),(21,58,6,8),(21,59,7,8),(21,60,8,8),(21,61,1,9),(21,62,2,9),(21,63,3,9),(21,64,4,9),(21,65,5,9),(21,66,6,9),(21,67,7,9),(21,68,8,9),(21,69,1,10),(21,70,2,10),(21,71,3,10),(21,72,4,10),(21,73,5,10),(21,74,6,10),(21,75,7,10),(21,76,8,10),(21,77,1,11),(21,78,2,11),(21,79,3,11),(21,80,4,11),(21,81,5,11),(21,82,6,11),(21,83,7,11),(21,84,8,11),(21,85,1,12),(21,86,2,12),(21,87,3,12),(21,88,4,12),(21,89,5,12),(21,90,6,12),(21,91,7,12),(21,92,8,12),(21,93,1,13),(21,94,2,13),(21,95,3,13),(21,96,4,13),(21,97,5,13),(21,98,6,13),(21,99,7,13),(21,100,8,13),(21,101,1,14),(21,102,2,14),(21,103,3,14),(21,104,4,14),(21,105,5,14),(21,106,6,14),(21,107,7,14),(21,108,8,14),(21,109,1,15),(21,110,2,15),(21,111,3,15),(21,112,4,15),(21,113,5,15),(21,114,6,15),(21,115,7,15),(21,116,8,15),(21,117,1,16),(21,118,2,16),(21,119,3,16),(21,120,4,16),(21,121,5,16),(21,122,6,16),(21,123,7,16),(21,124,8,16),(21,125,1,17),(21,126,2,17),(21,127,3,17),(21,128,4,17),(21,129,5,17),(21,130,6,17),(21,131,7,17),(21,132,8,17),(21,133,1,18),(21,134,2,18),(21,135,3,18),(21,136,4,18),(21,137,5,18),(21,138,6,18),(21,139,7,18),(21,140,8,18),(21,141,1,19),(21,142,2,19),(21,143,3,19),(21,144,4,19),(21,145,5,19),(21,146,6,19),(21,147,7,19),(21,148,1,20),(21,149,2,20),(21,150,3,20),(21,151,4,20),(21,152,5,20),(21,153,6,20),(21,154,7,20),(21,155,8,20),(21,156,1,21),(21,157,2,21),(21,158,3,21),(21,159,4,21),(21,160,5,21),(21,161,6,21),(21,162,7,21),(21,163,8,21),(21,164,1,22),(21,165,2,22),(21,166,3,22),(21,167,4,22),(21,168,5,22),(21,169,6,22),(21,170,7,22),(21,171,8,22),(21,172,1,23),(21,173,2,23),(21,174,3,23),(21,175,4,23),(21,176,5,23),(21,177,6,23),(21,178,7,23),(21,179,1,24),(21,180,2,24),(21,181,3,24),(21,182,4,24),(21,183,5,24),(21,184,6,24),(21,185,7,24),(21,186,8,24),(21,187,1,25),(21,188,2,25),(21,189,3,25),(21,190,0,0),(21,191,0,0),(21,192,0,0),(22,1,1,1),(22,2,2,1),(22,3,3,1),(22,4,4,1),(22,5,1,2),(22,6,2,2),(22,7,3,2),(22,8,4,2),(22,9,5,2),(22,10,6,2),(22,11,7,2),(22,12,8,2),(22,13,1,3),(22,14,2,3),(22,15,3,3),(22,16,4,3),(22,17,5,3),(22,18,6,3),(22,19,7,3),(22,20,8,3),(22,21,1,4),(22,22,2,4),(22,23,3,4),(22,24,4,4),(22,25,5,4),(22,26,6,4),(22,27,7,4),(22,28,8,4),(22,29,1,5),(22,30,2,5),(22,31,3,5),(22,32,4,5),(22,33,5,5),(22,34,6,5),(22,35,7,5),(22,36,8,5),(22,37,1,6),(22,38,2,6),(22,39,3,6),(22,40,4,6),(22,41,5,6),(22,42,6,6),(22,43,7,6),(22,44,8,6),(22,45,1,7),(22,46,2,7),(22,47,3,7),(22,48,4,7),(22,49,5,7),(22,50,6,7),(22,51,7,7),(22,52,8,7),(22,53,1,8),(22,54,2,8),(22,55,3,8),(22,56,4,8),(22,57,5,8),(22,58,6,8),(22,59,7,8),(22,60,8,8),(22,61,1,9),(22,62,2,9),(22,63,3,9),(22,64,4,9),(22,65,5,9),(22,66,6,9),(22,67,7,9),(22,68,8,9),(22,69,1,10),(22,70,2,10),(22,71,3,10),(22,72,4,10),(22,73,5,10),(22,74,6,10),(22,75,7,10),(22,76,8,10),(22,77,1,11),(22,78,2,11),(22,79,3,11),(22,80,4,11),(22,81,5,11),(22,82,6,11),(22,83,7,11),(22,84,8,11),(22,85,1,12),(22,86,2,12),(22,87,3,12),(22,88,4,12),(22,89,5,12),(22,90,6,12),(22,91,7,12),(22,92,8,12),(22,93,1,13),(22,94,2,13),(22,95,3,13),(22,96,4,13),(22,97,5,13),(22,98,6,13),(22,99,7,13),(22,100,8,13),(22,101,1,14),(22,102,2,14),(22,103,3,14),(22,104,4,14),(22,105,5,14),(22,106,6,14),(22,107,7,14),(22,108,8,14),(22,109,1,15),(22,110,2,15),(22,111,3,15),(22,112,4,15),(22,113,5,15),(22,114,6,15),(22,115,7,15),(22,116,8,15),(22,117,1,16),(22,118,2,16),(22,119,3,16),(22,120,4,16),(22,121,5,16),(22,122,6,16),(22,123,7,16),(22,124,8,16),(22,125,1,17),(22,126,2,17),(22,127,3,17),(22,128,4,17),(22,129,5,17),(22,130,6,17),(22,131,7,17),(22,132,8,17),(22,133,1,18),(22,134,2,18),(22,135,3,18),(22,136,4,18),(22,137,5,18),(22,138,6,18),(22,139,7,18),(22,140,8,18),(22,141,1,19),(22,142,2,19),(22,143,3,19),(22,144,4,19),(22,145,5,19),(22,146,6,19),(22,147,7,19),(22,148,1,20),(22,149,2,20),(22,150,3,20),(22,151,4,20),(22,152,5,20),(22,153,6,20),(22,154,7,20),(22,155,8,20),(22,156,1,21),(22,157,2,21),(22,158,3,21),(22,159,4,21),(22,160,5,21),(22,161,6,21),(22,162,7,21),(22,163,8,21),(22,164,1,22),(22,165,2,22),(22,166,3,22),(22,167,4,22),(22,168,5,22),(22,169,6,22),(22,170,7,22),(22,171,8,22),(22,172,1,23),(22,173,2,23),(22,174,3,23),(22,175,4,23),(22,176,5,23),(22,177,6,23),(22,178,7,23),(22,179,1,24),(22,180,2,24),(22,181,3,24),(22,182,4,24),(22,183,5,24),(22,184,6,24),(22,185,7,24),(22,186,8,24),(22,187,1,25),(22,188,2,25),(22,189,0,0),(22,190,0,0),(22,191,0,0),(22,192,0,0),(23,1,1,1),(23,2,2,1),(23,3,3,1),(23,4,4,1),(23,5,1,2),(23,6,2,2),(23,7,3,2),(23,8,4,2),(23,9,5,2),(23,10,6,2),(23,11,7,2),(23,12,8,2),(23,13,1,3),(23,14,2,3),(23,15,3,3),(23,16,4,3),(23,17,5,3),(23,18,6,3),(23,19,7,3),(23,20,8,3),(23,21,1,4),(23,22,2,4),(23,23,3,4),(23,24,4,4),(23,25,5,4),(23,26,6,4),(23,27,7,4),(23,28,8,4),(23,29,1,5),(23,30,2,5),(23,31,3,5),(23,32,4,5),(23,33,5,5),(23,34,6,5),(23,35,7,5),(23,36,8,5),(23,37,1,6),(23,38,2,6),(23,39,3,6),(23,40,4,6),(23,41,5,6),(23,42,6,6),(23,43,7,6),(23,44,8,6),(23,45,1,7),(23,46,2,7),(23,47,3,7),(23,48,4,7),(23,49,5,7),(23,50,6,7),(23,51,7,7),(23,52,8,7),(23,53,1,8),(23,54,2,8),(23,55,3,8),(23,56,4,8),(23,57,5,8),(23,58,6,8),(23,59,7,8),(23,60,8,8),(23,61,1,9),(23,62,2,9),(23,63,3,9),(23,64,4,9),(23,65,5,9),(23,66,6,9),(23,67,7,9),(23,68,8,9),(23,69,1,10),(23,70,2,10),(23,71,3,10),(23,72,4,10),(23,73,5,10),(23,74,6,10),(23,75,7,10),(23,76,8,10),(23,77,1,11),(23,78,2,11),(23,79,3,11),(23,80,4,11),(23,81,5,11),(23,82,6,11),(23,83,7,11),(23,84,8,11),(23,85,1,12),(23,86,2,12),(23,87,3,12),(23,88,4,12),(23,89,5,12),(23,90,6,12),(23,91,7,12),(23,92,8,12),(23,93,1,13),(23,94,2,13),(23,95,3,13),(23,96,4,13),(23,97,5,13),(23,98,6,13),(23,99,7,13),(23,100,8,13),(23,101,1,14),(23,102,2,14),(23,103,3,14),(23,104,4,14),(23,105,5,14),(23,106,6,14),(23,107,7,14),(23,108,8,14),(23,109,1,15),(23,110,2,15),(23,111,3,15),(23,112,4,15),(23,113,5,15),(23,114,6,15),(23,115,7,15),(23,116,8,15),(23,117,1,16),(23,118,2,16),(23,119,3,16),(23,120,4,16),(23,121,5,16),(23,122,6,16),(23,123,7,16),(23,124,8,16),(23,125,1,17),(23,126,2,17),(23,127,3,17),(23,128,4,17),(23,129,5,17),(23,130,6,17),(23,131,7,17),(23,132,8,17),(23,133,1,18),(23,134,2,18),(23,135,3,18),(23,136,4,18),(23,137,5,18),(23,138,6,18),(23,139,7,18),(23,140,8,18),(23,141,1,19),(23,142,2,19),(23,143,3,19),(23,144,4,19),(23,145,5,19),(23,146,6,19),(23,147,7,19),(23,148,1,20),(23,149,2,20),(23,150,3,20),(23,151,4,20),(23,152,5,20),(23,153,6,20),(23,154,7,20),(23,155,8,20),(23,156,1,21),(23,157,2,21),(23,158,3,21),(23,159,4,21),(23,160,5,21),(23,161,6,21),(23,162,7,21),(23,163,8,21),(23,164,1,22),(23,165,2,22),(23,166,3,22),(23,167,4,22),(23,168,5,22),(23,169,6,22),(23,170,7,22),(23,171,8,22),(23,172,1,23),(23,173,2,23),(23,174,3,23),(23,175,4,23),(23,176,5,23),(23,177,6,23),(23,178,7,23),(23,179,1,24),(23,180,2,24),(23,181,3,24),(23,182,4,24),(23,183,5,24),(23,184,6,24),(23,185,7,24),(23,186,8,24),(23,187,1,25),(23,188,2,25),(23,189,3,25),(23,190,0,0),(23,191,0,0),(23,192,0,0),(24,1,1,1),(24,2,2,1),(24,3,3,1),(24,4,4,1),(24,5,1,2),(24,6,2,2),(24,7,3,2),(24,8,4,2),(24,9,5,2),(24,10,6,2),(24,11,7,2),(24,12,8,2),(24,13,1,3),(24,14,2,3),(24,15,3,3),(24,16,4,3),(24,17,5,3),(24,18,6,3),(24,19,7,3),(24,20,8,3),(24,21,1,4),(24,22,2,4),(24,23,3,4),(24,24,4,4),(24,25,5,4),(24,26,6,4),(24,27,7,4),(24,28,8,4),(24,29,1,5),(24,30,2,5),(24,31,3,5),(24,32,4,5),(24,33,5,5),(24,34,6,5),(24,35,7,5),(24,36,8,5),(24,37,1,6),(24,38,2,6),(24,39,3,6),(24,40,4,6),(24,41,5,6),(24,42,6,6),(24,43,7,6),(24,44,8,6),(24,45,1,7),(24,46,2,7),(24,47,3,7),(24,48,4,7),(24,49,5,7),(24,50,6,7),(24,51,7,7),(24,52,8,7),(24,53,1,8),(24,54,2,8),(24,55,3,8),(24,56,4,8),(24,57,5,8),(24,58,6,8),(24,59,7,8),(24,60,8,8),(24,61,1,9),(24,62,2,9),(24,63,3,9),(24,64,4,9),(24,65,5,9),(24,66,6,9),(24,67,7,9),(24,68,8,9),(24,69,1,10),(24,70,2,10),(24,71,3,10),(24,72,4,10),(24,73,5,10),(24,74,6,10),(24,75,7,10),(24,76,8,10),(24,77,1,11),(24,78,2,11),(24,79,3,11),(24,80,4,11),(24,81,5,11),(24,82,6,11),(24,83,7,11),(24,84,8,11),(24,85,1,12),(24,86,2,12),(24,87,3,12),(24,88,4,12),(24,89,5,12),(24,90,6,12),(24,91,7,12),(24,92,8,12),(24,93,1,13),(24,94,2,13),(24,95,3,13),(24,96,4,13),(24,97,5,13),(24,98,6,13),(24,99,7,13),(24,100,8,13),(24,101,1,14),(24,102,2,14),(24,103,3,14),(24,104,4,14),(24,105,5,14),(24,106,6,14),(24,107,7,14),(24,108,8,14),(24,109,1,15),(24,110,2,15),(24,111,3,15),(24,112,4,15),(24,113,5,15),(24,114,6,15),(24,115,7,15),(24,116,8,15),(24,117,1,16),(24,118,2,16),(24,119,3,16),(24,120,4,16),(24,121,5,16),(24,122,6,16),(24,123,7,16),(24,124,8,16),(24,125,1,17),(24,126,2,17),(24,127,3,17),(24,128,4,17),(24,129,5,17),(24,130,6,17),(24,131,7,17),(24,132,8,17),(24,133,1,18),(24,134,2,18),(24,135,3,18),(24,136,4,18),(24,137,5,18),(24,138,6,18),(24,139,7,18),(24,140,8,18),(24,141,1,19),(24,142,2,19),(24,143,3,19),(24,144,4,19),(24,145,5,19),(24,146,6,19),(24,147,7,19),(24,148,1,20),(24,149,2,20),(24,150,3,20),(24,151,4,20),(24,152,5,20),(24,153,6,20),(24,154,7,20),(24,155,8,20),(24,156,1,21),(24,157,2,21),(24,158,3,21),(24,159,4,21),(24,160,5,21),(24,161,6,21),(24,162,7,21),(24,163,8,21),(24,164,1,22),(24,165,2,22),(24,166,3,22),(24,167,4,22),(24,168,5,22),(24,169,6,22),(24,170,7,22),(24,171,8,22),(24,172,1,23),(24,173,2,23),(24,174,3,23),(24,175,4,23),(24,176,5,23),(24,177,6,23),(24,178,7,23),(24,179,1,24),(24,180,2,24),(24,181,3,24),(24,182,4,24),(24,183,5,24),(24,184,6,24),(24,185,7,24),(24,186,8,24),(24,187,1,25),(24,188,2,25),(24,189,3,25),(24,190,0,0),(24,191,0,0),(24,192,0,0),(25,1,1,1),(25,2,2,1),(25,3,3,1),(25,4,4,1),(25,5,5,1),(25,6,6,1),(25,7,7,1),(25,8,8,1),(25,9,1,2),(25,10,2,2),(25,11,3,2),(25,12,4,2),(25,13,5,2),(25,14,6,2),(25,15,7,2),(25,16,8,2),(25,17,1,3),(25,18,2,3),(25,19,3,3),(25,20,4,3),(25,21,5,3),(25,22,6,3),(25,23,7,3),(25,24,8,3),(25,25,1,4),(25,26,2,4),(25,27,3,4),(25,28,4,4),(25,29,5,4),(25,30,6,4),(25,31,7,4),(25,32,8,4),(25,33,1,5),(25,34,2,5),(25,35,3,5),(25,36,4,5),(25,37,5,5),(25,38,6,5),(25,39,7,5),(25,40,8,5),(25,41,1,6),(25,42,2,6),(25,43,3,6),(25,44,4,6),(25,45,5,6),(25,46,6,6),(25,47,7,6),(25,48,8,6),(25,49,1,7),(25,50,2,7),(25,51,3,7),(25,52,4,7),(25,53,5,7),(25,54,6,7),(25,55,7,7),(25,56,8,7),(25,57,1,8),(25,58,2,8),(25,59,3,8),(25,60,4,8),(25,61,5,8),(25,62,6,8),(25,63,7,8),(25,64,8,8),(25,65,1,9),(25,66,2,9),(25,67,3,9),(25,68,4,9),(25,69,5,9),(25,70,6,9),(25,71,7,9),(25,72,8,9),(25,73,1,10),(25,74,2,10),(25,75,3,10),(25,76,4,10),(25,77,5,10),(25,78,6,10),(25,79,7,10),(25,80,8,10),(25,81,1,11),(25,82,2,11),(25,83,3,11),(25,84,4,11),(25,85,5,11),(25,86,6,11),(25,87,7,11),(25,88,8,11),(25,89,1,12),(25,90,2,12),(25,91,3,12),(25,92,4,12),(25,93,5,12),(25,94,6,12),(25,95,7,12),(25,96,8,12),(25,97,1,13),(25,98,2,13),(25,99,3,13),(25,100,4,13),(25,101,5,13),(25,102,6,13),(25,103,7,13),(25,104,8,13),(25,105,1,14),(25,106,2,14),(25,107,3,14),(25,108,4,14),(25,109,5,14),(25,110,6,14),(25,111,7,14),(25,112,8,14),(25,113,1,15),(25,114,2,15),(25,115,3,15),(25,116,4,15),(25,117,5,15),(25,118,6,15),(25,119,7,15),(25,120,8,15),(25,121,1,16),(25,122,2,16),(25,123,3,16),(25,124,4,16),(25,125,5,16),(25,126,6,16),(25,127,7,16),(25,128,8,16),(25,129,1,17),(25,130,2,17),(25,131,3,17),(25,132,4,17),(25,133,5,17),(25,134,6,17),(25,135,7,17),(25,136,8,17),(25,137,1,18),(25,138,2,18),(25,139,3,18),(25,140,4,18),(25,141,5,18),(25,142,6,18),(25,143,7,18),(25,144,8,18),(25,145,1,19),(25,146,2,19),(25,147,3,19),(25,148,4,19),(25,149,5,19),(25,150,6,19),(25,151,7,19),(25,152,8,19),(25,153,1,20),(25,154,2,20),(25,155,3,20),(25,156,4,20),(25,157,5,20),(25,158,6,20),(25,159,7,20),(25,160,8,20),(25,161,1,21),(25,162,2,21),(25,163,3,21),(25,164,4,21),(25,165,5,21),(25,166,6,21),(25,167,7,21),(25,168,8,21),(25,169,1,22),(25,170,2,22),(25,171,3,22),(25,172,4,22),(25,173,5,22),(25,174,6,22),(25,175,7,22),(25,176,8,22),(25,177,1,23),(25,178,2,23),(25,179,3,23),(25,180,4,23),(25,181,5,23),(25,182,6,23),(25,183,7,23),(25,184,8,23),(25,185,1,24),(25,186,2,24),(25,187,3,24),(25,188,4,24),(25,189,5,24),(25,190,6,24),(25,191,7,24),(25,192,8,24),(26,1,1,1),(26,2,2,1),(26,3,3,1),(26,4,4,1),(26,5,5,1),(26,6,6,1),(26,7,7,1),(26,8,8,1),(26,9,1,2),(26,10,2,2),(26,11,3,2),(26,12,4,2),(26,13,5,2),(26,14,6,2),(26,15,7,2),(26,16,8,2),(26,17,1,3),(26,18,2,3),(26,19,3,3),(26,20,4,3),(26,21,5,3),(26,22,6,3),(26,23,7,3),(26,24,8,3),(26,25,1,4),(26,26,2,4),(26,27,3,4),(26,28,4,4),(26,29,5,4),(26,30,6,4),(26,31,7,4),(26,32,8,4),(26,33,1,5),(26,34,2,5),(26,35,3,5),(26,36,4,5),(26,37,5,5),(26,38,6,5),(26,39,7,5),(26,40,8,5),(26,41,1,6),(26,42,2,6),(26,43,3,6),(26,44,4,6),(26,45,5,6),(26,46,6,6),(26,47,7,6),(26,48,8,6),(26,49,1,7),(26,50,2,7),(26,51,3,7),(26,52,4,7),(26,53,5,7),(26,54,6,7),(26,55,7,7),(26,56,8,7),(26,57,1,8),(26,58,2,8),(26,59,3,8),(26,60,4,8),(26,61,5,8),(26,62,6,8),(26,63,7,8),(26,64,8,8),(26,65,1,9),(26,66,2,9),(26,67,3,9),(26,68,4,9),(26,69,5,9),(26,70,6,9),(26,71,7,9),(26,72,8,9),(26,73,1,10),(26,74,2,10),(26,75,3,10),(26,76,4,10),(26,77,5,10),(26,78,6,10),(26,79,7,10),(26,80,8,10),(26,81,1,11),(26,82,2,11),(26,83,3,11),(26,84,4,11),(26,85,5,11),(26,86,6,11),(26,87,7,11),(26,88,8,11),(26,89,1,12),(26,90,2,12),(26,91,3,12),(26,92,4,12),(26,93,5,12),(26,94,6,12),(26,95,7,12),(26,96,8,12),(26,97,1,13),(26,98,2,13),(26,99,3,13),(26,100,4,13),(26,101,5,13),(26,102,6,13),(26,103,7,13),(26,104,8,13),(26,105,1,14),(26,106,2,14),(26,107,3,14),(26,108,4,14),(26,109,5,14),(26,110,6,14),(26,111,7,14),(26,112,8,14),(26,113,1,15),(26,114,2,15),(26,115,3,15),(26,116,4,15),(26,117,5,15),(26,118,6,15),(26,119,7,15),(26,120,8,15),(26,121,1,16),(26,122,2,16),(26,123,3,16),(26,124,4,16),(26,125,5,16),(26,126,6,16),(26,127,7,16),(26,128,8,16),(26,129,1,17),(26,130,2,17),(26,131,3,17),(26,132,4,17),(26,133,5,17),(26,134,6,17),(26,135,7,17),(26,136,8,17),(26,137,1,18),(26,138,2,18),(26,139,3,18),(26,140,4,18),(26,141,5,18),(26,142,6,18),(26,143,7,18),(26,144,8,18),(26,145,1,19),(26,146,2,19),(26,147,3,19),(26,148,4,19),(26,149,5,19),(26,150,6,19),(26,151,7,19),(26,152,8,19),(26,153,1,20),(26,154,2,20),(26,155,3,20),(26,156,4,20),(26,157,5,20),(26,158,6,20),(26,159,7,20),(26,160,8,20),(26,161,1,21),(26,162,2,21),(26,163,3,21),(26,164,4,21),(26,165,5,21),(26,166,6,21),(26,167,7,21),(26,168,8,21),(26,169,1,22),(26,170,2,22),(26,171,3,22),(26,172,4,22),(26,173,5,22),(26,174,6,22),(26,175,7,22),(26,176,8,22),(26,177,1,23),(26,178,2,23),(26,179,3,23),(26,180,4,23),(26,181,5,23),(26,182,6,23),(26,183,7,23),(26,184,8,23),(26,185,1,24),(26,186,2,24),(26,187,3,24),(26,188,4,24),(26,189,5,24),(26,190,6,24),(26,191,7,24),(26,192,8,24),(27,1,1,1),(27,2,2,1),(27,3,3,1),(27,4,4,1),(27,5,5,1),(27,6,6,1),(27,7,7,1),(27,8,8,1),(27,9,1,2),(27,10,2,2),(27,11,3,2),(27,12,4,2),(27,13,5,2),(27,14,6,2),(27,15,7,2),(27,16,8,2),(27,17,1,3),(27,18,2,3),(27,19,3,3),(27,20,4,3),(27,21,5,3),(27,22,6,3),(27,23,7,3),(27,24,8,3),(27,25,1,4),(27,26,2,4),(27,27,3,4),(27,28,4,4),(27,29,5,4),(27,30,6,4),(27,31,7,4),(27,32,8,4),(27,33,1,5),(27,34,2,5),(27,35,3,5),(27,36,4,5),(27,37,5,5),(27,38,6,5),(27,39,7,5),(27,40,8,5),(27,41,1,6),(27,42,2,6),(27,43,3,6),(27,44,4,6),(27,45,5,6),(27,46,6,6),(27,47,7,6),(27,48,8,6),(27,49,1,7),(27,50,2,7),(27,51,3,7),(27,52,4,7),(27,53,5,7),(27,54,6,7),(27,55,7,7),(27,56,8,7),(27,57,1,8),(27,58,2,8),(27,59,3,8),(27,60,4,8),(27,61,5,8),(27,62,6,8),(27,63,7,8),(27,64,8,8),(27,65,1,9),(27,66,2,9),(27,67,3,9),(27,68,4,9),(27,69,5,9),(27,70,6,9),(27,71,7,9),(27,72,8,9),(27,73,1,10),(27,74,2,10),(27,75,3,10),(27,76,4,10),(27,77,5,10),(27,78,6,10),(27,79,7,10),(27,80,8,10),(27,81,1,11),(27,82,2,11),(27,83,3,11),(27,84,4,11),(27,85,5,11),(27,86,6,11),(27,87,7,11),(27,88,8,11),(27,89,1,12),(27,90,2,12),(27,91,3,12),(27,92,4,12),(27,93,5,12),(27,94,6,12),(27,95,7,12),(27,96,8,12),(27,97,1,13),(27,98,2,13),(27,99,3,13),(27,100,4,13),(27,101,5,13),(27,102,6,13),(27,103,7,13),(27,104,8,13),(27,105,1,14),(27,106,2,14),(27,107,3,14),(27,108,4,14),(27,109,5,14),(27,110,6,14),(27,111,7,14),(27,112,8,14),(27,113,1,15),(27,114,2,15),(27,115,3,15),(27,116,4,15),(27,117,5,15),(27,118,6,15),(27,119,7,15),(27,120,8,15),(27,121,1,16),(27,122,2,16),(27,123,3,16),(27,124,4,16),(27,125,5,16),(27,126,6,16),(27,127,7,16),(27,128,8,16),(27,129,1,17),(27,130,2,17),(27,131,3,17),(27,132,4,17),(27,133,5,17),(27,134,6,17),(27,135,7,17),(27,136,8,17),(27,137,1,18),(27,138,2,18),(27,139,3,18),(27,140,4,18),(27,141,5,18),(27,142,6,18),(27,143,7,18),(27,144,8,18),(27,145,1,19),(27,146,2,19),(27,147,3,19),(27,148,4,19),(27,149,5,19),(27,150,6,19),(27,151,7,19),(27,152,8,19),(27,153,1,20),(27,154,2,20),(27,155,3,20),(27,156,4,20),(27,157,5,20),(27,158,6,20),(27,159,7,20),(27,160,8,20),(27,161,1,21),(27,162,2,21),(27,163,3,21),(27,164,4,21),(27,165,5,21),(27,166,6,21),(27,167,7,21),(27,168,8,21),(27,169,1,22),(27,170,2,22),(27,171,3,22),(27,172,4,22),(27,173,5,22),(27,174,6,22),(27,175,7,22),(27,176,8,22),(27,177,1,23),(27,178,2,23),(27,179,3,23),(27,180,4,23),(27,181,5,23),(27,182,6,23),(27,183,7,23),(27,184,8,23),(27,185,1,24),(27,186,2,24),(27,187,3,24),(27,188,4,24),(27,189,5,24),(27,190,6,24),(27,191,7,24),(27,192,8,24),(28,1,1,1),(28,2,2,1),(28,3,3,1),(28,4,4,1),(28,5,5,1),(28,6,6,1),(28,7,7,1),(28,8,8,1),(28,9,1,2),(28,10,2,2),(28,11,3,2),(28,12,4,2),(28,13,5,2),(28,14,6,2),(28,15,7,2),(28,16,8,2),(28,17,1,3),(28,18,2,3),(28,19,3,3),(28,20,4,3),(28,21,5,3),(28,22,6,3),(28,23,7,3),(28,24,8,3),(28,25,1,4),(28,26,2,4),(28,27,3,4),(28,28,4,4),(28,29,5,4),(28,30,6,4),(28,31,7,4),(28,32,8,4),(28,33,1,5),(28,34,2,5),(28,35,3,5),(28,36,4,5),(28,37,5,5),(28,38,6,5),(28,39,7,5),(28,40,8,5),(28,41,1,6),(28,42,2,6),(28,43,3,6),(28,44,4,6),(28,45,5,6),(28,46,6,6),(28,47,7,6),(28,48,8,6),(28,49,1,7),(28,50,2,7),(28,51,3,7),(28,52,4,7),(28,53,5,7),(28,54,6,7),(28,55,7,7),(28,56,8,7),(28,57,1,8),(28,58,2,8),(28,59,3,8),(28,60,4,8),(28,61,5,8),(28,62,6,8),(28,63,7,8),(28,64,8,8),(28,65,1,9),(28,66,2,9),(28,67,3,9),(28,68,4,9),(28,69,5,9),(28,70,6,9),(28,71,7,9),(28,72,8,9),(28,73,1,10),(28,74,2,10),(28,75,3,10),(28,76,4,10),(28,77,5,10),(28,78,6,10),(28,79,7,10),(28,80,8,10),(28,81,1,11),(28,82,2,11),(28,83,3,11),(28,84,4,11),(28,85,5,11),(28,86,6,11),(28,87,7,11),(28,88,8,11),(28,89,1,12),(28,90,2,12),(28,91,3,12),(28,92,4,12),(28,93,5,12),(28,94,6,12),(28,95,7,12),(28,96,8,12),(28,97,1,13),(28,98,2,13),(28,99,3,13),(28,100,4,13),(28,101,5,13),(28,102,6,13),(28,103,7,13),(28,104,8,13),(28,105,1,14),(28,106,2,14),(28,107,3,14),(28,108,4,14),(28,109,5,14),(28,110,6,14),(28,111,7,14),(28,112,8,14),(28,113,1,15),(28,114,2,15),(28,115,3,15),(28,116,4,15),(28,117,5,15),(28,118,6,15),(28,119,7,15),(28,120,8,15),(28,121,1,16),(28,122,2,16),(28,123,3,16),(28,124,4,16),(28,125,5,16),(28,126,6,16),(28,127,7,16),(28,128,8,16),(28,129,1,17),(28,130,2,17),(28,131,3,17),(28,132,4,17),(28,133,5,17),(28,134,6,17),(28,135,7,17),(28,136,8,17),(28,137,1,18),(28,138,2,18),(28,139,3,18),(28,140,4,18),(28,141,5,18),(28,142,6,18),(28,143,7,18),(28,144,8,18),(28,145,1,19),(28,146,2,19),(28,147,3,19),(28,148,4,19),(28,149,5,19),(28,150,6,19),(28,151,7,19),(28,152,8,19),(28,153,1,20),(28,154,2,20),(28,155,3,20),(28,156,4,20),(28,157,5,20),(28,158,6,20),(28,159,7,20),(28,160,8,20),(28,161,1,21),(28,162,2,21),(28,163,3,21),(28,164,4,21),(28,165,5,21),(28,166,6,21),(28,167,7,21),(28,168,8,21),(28,169,1,22),(28,170,2,22),(28,171,3,22),(28,172,4,22),(28,173,5,22),(28,174,6,22),(28,175,7,22),(28,176,8,22),(28,177,1,23),(28,178,2,23),(28,179,3,23),(28,180,4,23),(28,181,5,23),(28,182,6,23),(28,183,7,23),(28,184,8,23),(28,185,1,24),(28,186,2,24),(28,187,3,24),(28,188,4,24),(28,189,5,24),(28,190,6,24),(28,191,7,24),(28,192,8,24),(29,1,1,1),(29,2,2,1),(29,3,3,1),(29,4,4,1),(29,5,5,1),(29,6,6,1),(29,7,7,1),(29,8,8,1),(29,9,1,2),(29,10,2,2),(29,11,3,2),(29,12,4,2),(29,13,5,2),(29,14,6,2),(29,15,7,2),(29,16,8,2),(29,17,1,3),(29,18,2,3),(29,19,3,3),(29,20,4,3),(29,21,5,3),(29,22,6,3),(29,23,7,3),(29,24,8,3),(29,25,1,4),(29,26,2,4),(29,27,3,4),(29,28,4,4),(29,29,5,4),(29,30,6,4),(29,31,7,4),(29,32,8,4),(29,33,1,5),(29,34,2,5),(29,35,3,5),(29,36,4,5),(29,37,5,5),(29,38,6,5),(29,39,7,5),(29,40,8,5),(29,41,1,6),(29,42,2,6),(29,43,3,6),(29,44,4,6),(29,45,5,6),(29,46,6,6),(29,47,7,6),(29,48,8,6),(29,49,1,7),(29,50,2,7),(29,51,3,7),(29,52,4,7),(29,53,5,7),(29,54,6,7),(29,55,7,7),(29,56,8,7),(29,57,1,8),(29,58,2,8),(29,59,3,8),(29,60,4,8),(29,61,5,8),(29,62,6,8),(29,63,7,8),(29,64,8,8),(29,65,1,9),(29,66,2,9),(29,67,3,9),(29,68,4,9),(29,69,5,9),(29,70,6,9),(29,71,7,9),(29,72,8,9),(29,73,1,10),(29,74,2,10),(29,75,3,10),(29,76,4,10),(29,77,5,10),(29,78,6,10),(29,79,7,10),(29,80,8,10),(29,81,1,11),(29,82,2,11),(29,83,3,11),(29,84,4,11),(29,85,5,11),(29,86,6,11),(29,87,7,11),(29,88,8,11),(29,89,1,12),(29,90,2,12),(29,91,3,12),(29,92,4,12),(29,93,5,12),(29,94,6,12),(29,95,7,12),(29,96,8,12),(29,97,1,13),(29,98,2,13),(29,99,3,13),(29,100,4,13),(29,101,5,13),(29,102,6,13),(29,103,7,13),(29,104,8,13),(29,105,1,14),(29,106,2,14),(29,107,3,14),(29,108,4,14),(29,109,5,14),(29,110,6,14),(29,111,7,14),(29,112,8,14),(29,113,1,15),(29,114,2,15),(29,115,3,15),(29,116,4,15),(29,117,5,15),(29,118,6,15),(29,119,7,15),(29,120,8,15),(29,121,1,16),(29,122,2,16),(29,123,3,16),(29,124,4,16),(29,125,5,16),(29,126,6,16),(29,127,7,16),(29,128,8,16),(29,129,1,17),(29,130,2,17),(29,131,3,17),(29,132,4,17),(29,133,5,17),(29,134,6,17),(29,135,7,17),(29,136,8,17),(29,137,1,18),(29,138,2,18),(29,139,3,18),(29,140,4,18),(29,141,5,18),(29,142,6,18),(29,143,7,18),(29,144,8,18),(29,145,1,19),(29,146,2,19),(29,147,3,19),(29,148,4,19),(29,149,5,19),(29,150,6,19),(29,151,7,19),(29,152,8,19),(29,153,1,20),(29,154,2,20),(29,155,3,20),(29,156,4,20),(29,157,5,20),(29,158,6,20),(29,159,7,20),(29,160,8,20),(29,161,1,21),(29,162,2,21),(29,163,3,21),(29,164,4,21),(29,165,5,21),(29,166,6,21),(29,167,7,21),(29,168,8,21),(29,169,1,22),(29,170,2,22),(29,171,3,22),(29,172,4,22),(29,173,5,22),(29,174,6,22),(29,175,7,22),(29,176,8,22),(29,177,1,23),(29,178,2,23),(29,179,3,23),(29,180,4,23),(29,181,5,23),(29,182,6,23),(29,183,7,23),(29,184,8,23),(29,185,1,24),(29,186,2,24),(29,187,3,24),(29,188,4,24),(29,189,5,24),(29,190,6,24),(29,191,7,24),(29,192,8,24),(30,1,1,1),(30,2,2,1),(30,3,3,1),(30,4,4,1),(30,5,5,1),(30,6,6,1),(30,7,7,1),(30,8,8,1),(30,9,1,2),(30,10,2,2),(30,11,3,2),(30,12,4,2),(30,13,5,2),(30,14,6,2),(30,15,7,2),(30,16,8,2),(30,17,1,3),(30,18,2,3),(30,19,3,3),(30,20,4,3),(30,21,5,3),(30,22,6,3),(30,23,7,3),(30,24,8,3),(30,25,1,4),(30,26,2,4),(30,27,3,4),(30,28,4,4),(30,29,5,4),(30,30,6,4),(30,31,7,4),(30,32,8,4),(30,33,1,5),(30,34,2,5),(30,35,3,5),(30,36,4,5),(30,37,5,5),(30,38,6,5),(30,39,7,5),(30,40,8,5),(30,41,1,6),(30,42,2,6),(30,43,3,6),(30,44,4,6),(30,45,5,6),(30,46,6,6),(30,47,7,6),(30,48,8,6),(30,49,1,7),(30,50,2,7),(30,51,3,7),(30,52,4,7),(30,53,5,7),(30,54,6,7),(30,55,7,7),(30,56,8,7),(30,57,1,8),(30,58,2,8),(30,59,3,8),(30,60,4,8),(30,61,5,8),(30,62,6,8),(30,63,7,8),(30,64,8,8),(30,65,1,9),(30,66,2,9),(30,67,3,9),(30,68,4,9),(30,69,5,9),(30,70,6,9),(30,71,7,9),(30,72,8,9),(30,73,1,10),(30,74,2,10),(30,75,3,10),(30,76,4,10),(30,77,5,10),(30,78,6,10),(30,79,7,10),(30,80,8,10),(30,81,1,11),(30,82,2,11),(30,83,3,11),(30,84,4,11),(30,85,5,11),(30,86,6,11),(30,87,7,11),(30,88,8,11),(30,89,1,12),(30,90,2,12),(30,91,3,12),(30,92,4,12),(30,93,5,12),(30,94,6,12),(30,95,7,12),(30,96,8,12),(30,97,1,13),(30,98,2,13),(30,99,3,13),(30,100,4,13),(30,101,5,13),(30,102,6,13),(30,103,7,13),(30,104,8,13),(30,105,1,14),(30,106,2,14),(30,107,3,14),(30,108,4,14),(30,109,5,14),(30,110,6,14),(30,111,7,14),(30,112,8,14),(30,113,1,15),(30,114,2,15),(30,115,3,15),(30,116,4,15),(30,117,5,15),(30,118,6,15),(30,119,7,15),(30,120,8,15),(30,121,1,16),(30,122,2,16),(30,123,3,16),(30,124,4,16),(30,125,5,16),(30,126,6,16),(30,127,7,16),(30,128,8,16),(30,129,1,17),(30,130,2,17),(30,131,3,17),(30,132,4,17),(30,133,5,17),(30,134,6,17),(30,135,7,17),(30,136,8,17),(30,137,1,18),(30,138,2,18),(30,139,3,18),(30,140,4,18),(30,141,5,18),(30,142,6,18),(30,143,7,18),(30,144,8,18),(30,145,1,19),(30,146,2,19),(30,147,3,19),(30,148,4,19),(30,149,5,19),(30,150,6,19),(30,151,7,19),(30,152,8,19),(30,153,1,20),(30,154,2,20),(30,155,3,20),(30,156,4,20),(30,157,5,20),(30,158,6,20),(30,159,7,20),(30,160,8,20),(30,161,1,21),(30,162,2,21),(30,163,3,21),(30,164,4,21),(30,165,5,21),(30,166,6,21),(30,167,7,21),(30,168,8,21),(30,169,1,22),(30,170,2,22),(30,171,3,22),(30,172,4,22),(30,173,5,22),(30,174,6,22),(30,175,7,22),(30,176,8,22),(30,177,1,23),(30,178,2,23),(30,179,3,23),(30,180,4,23),(30,181,5,23),(30,182,6,23),(30,183,7,23),(30,184,8,23),(30,185,1,24),(30,186,2,24),(30,187,3,24),(30,188,4,24),(30,189,5,24),(30,190,6,24),(30,191,7,24),(30,192,8,24),(31,1,1,1),(31,2,2,1),(31,3,3,1),(31,4,4,1),(31,5,5,1),(31,6,6,1),(31,7,7,1),(31,8,8,1),(31,9,1,2),(31,10,2,2),(31,11,3,2),(31,12,4,2),(31,13,5,2),(31,14,6,2),(31,15,7,2),(31,16,8,2),(31,17,1,3),(31,18,2,3),(31,19,3,3),(31,20,4,3),(31,21,5,3),(31,22,6,3),(31,23,7,3),(31,24,8,3),(31,25,1,4),(31,26,2,4),(31,27,3,4),(31,28,4,4),(31,29,5,4),(31,30,6,4),(31,31,7,4),(31,32,8,4),(31,33,1,5),(31,34,2,5),(31,35,3,5),(31,36,4,5),(31,37,5,5),(31,38,6,5),(31,39,7,5),(31,40,8,5),(31,41,1,6),(31,42,2,6),(31,43,3,6),(31,44,4,6),(31,45,5,6),(31,46,6,6),(31,47,7,6),(31,48,8,6),(31,49,1,7),(31,50,2,7),(31,51,3,7),(31,52,4,7),(31,53,5,7),(31,54,6,7),(31,55,7,7),(31,56,8,7),(31,57,1,8),(31,58,2,8),(31,59,3,8),(31,60,4,8),(31,61,5,8),(31,62,6,8),(31,63,7,8),(31,64,8,8),(31,65,1,9),(31,66,2,9),(31,67,3,9),(31,68,4,9),(31,69,5,9),(31,70,6,9),(31,71,7,9),(31,72,8,9),(31,73,1,10),(31,74,2,10),(31,75,3,10),(31,76,4,10),(31,77,5,10),(31,78,6,10),(31,79,7,10),(31,80,8,10),(31,81,1,11),(31,82,2,11),(31,83,3,11),(31,84,4,11),(31,85,5,11),(31,86,6,11),(31,87,7,11),(31,88,8,11),(31,89,1,12),(31,90,2,12),(31,91,3,12),(31,92,4,12),(31,93,5,12),(31,94,6,12),(31,95,7,12),(31,96,8,12),(31,97,1,13),(31,98,2,13),(31,99,3,13),(31,100,4,13),(31,101,5,13),(31,102,6,13),(31,103,7,13),(31,104,8,13),(31,105,1,14),(31,106,2,14),(31,107,3,14),(31,108,4,14),(31,109,5,14),(31,110,6,14),(31,111,7,14),(31,112,8,14),(31,113,1,15),(31,114,2,15),(31,115,3,15),(31,116,4,15),(31,117,5,15),(31,118,6,15),(31,119,7,15),(31,120,8,15),(31,121,1,16),(31,122,2,16),(31,123,3,16),(31,124,4,16),(31,125,5,16),(31,126,6,16),(31,127,7,16),(31,128,8,16),(31,129,1,17),(31,130,2,17),(31,131,3,17),(31,132,4,17),(31,133,5,17),(31,134,6,17),(31,135,7,17),(31,136,8,17),(31,137,1,18),(31,138,2,18),(31,139,3,18),(31,140,4,18),(31,141,5,18),(31,142,6,18),(31,143,7,18),(31,144,8,18),(31,145,1,19),(31,146,2,19),(31,147,3,19),(31,148,4,19),(31,149,5,19),(31,150,6,19),(31,151,7,19),(31,152,8,19),(31,153,1,20),(31,154,2,20),(31,155,3,20),(31,156,4,20),(31,157,5,20),(31,158,6,20),(31,159,7,20),(31,160,8,20),(31,161,1,21),(31,162,2,21),(31,163,3,21),(31,164,4,21),(31,165,5,21),(31,166,6,21),(31,167,7,21),(31,168,8,21),(31,169,1,22),(31,170,2,22),(31,171,3,22),(31,172,4,22),(31,173,5,22),(31,174,6,22),(31,175,7,22),(31,176,8,22),(31,177,1,23),(31,178,2,23),(31,179,3,23),(31,180,4,23),(31,181,5,23),(31,182,6,23),(31,183,7,23),(31,184,8,23),(31,185,1,24),(31,186,2,24),(31,187,3,24),(31,188,4,24),(31,189,5,24),(31,190,6,24),(31,191,7,24),(31,192,8,24),(32,1,1,1),(32,2,2,1),(32,3,3,1),(32,4,4,1),(32,5,5,1),(32,6,6,1),(32,7,7,1),(32,8,8,1),(32,9,1,2),(32,10,2,2),(32,11,3,2),(32,12,4,2),(32,13,5,2),(32,14,6,2),(32,15,7,2),(32,16,8,2),(32,17,1,3),(32,18,2,3),(32,19,3,3),(32,20,4,3),(32,21,5,3),(32,22,6,3),(32,23,7,3),(32,24,8,3),(32,25,1,4),(32,26,2,4),(32,27,3,4),(32,28,4,4),(32,29,5,4),(32,30,6,4),(32,31,7,4),(32,32,8,4),(32,33,1,5),(32,34,2,5),(32,35,3,5),(32,36,4,5),(32,37,5,5),(32,38,6,5),(32,39,7,5),(32,40,8,5),(32,41,1,6),(32,42,2,6),(32,43,3,6),(32,44,4,6),(32,45,5,6),(32,46,6,6),(32,47,7,6),(32,48,8,6),(32,49,1,7),(32,50,2,7),(32,51,3,7),(32,52,4,7),(32,53,5,7),(32,54,6,7),(32,55,7,7),(32,56,8,7),(32,57,1,8),(32,58,2,8),(32,59,3,8),(32,60,4,8),(32,61,5,8),(32,62,6,8),(32,63,7,8),(32,64,8,8),(32,65,1,9),(32,66,2,9),(32,67,3,9),(32,68,4,9),(32,69,5,9),(32,70,6,9),(32,71,7,9),(32,72,8,9),(32,73,1,10),(32,74,2,10),(32,75,3,10),(32,76,4,10),(32,77,5,10),(32,78,6,10),(32,79,7,10),(32,80,8,10),(32,81,1,11),(32,82,2,11),(32,83,3,11),(32,84,4,11),(32,85,5,11),(32,86,6,11),(32,87,7,11),(32,88,8,11),(32,89,1,12),(32,90,2,12),(32,91,3,12),(32,92,4,12),(32,93,5,12),(32,94,6,12),(32,95,7,12),(32,96,8,12),(32,97,1,13),(32,98,2,13),(32,99,3,13),(32,100,4,13),(32,101,5,13),(32,102,6,13),(32,103,7,13),(32,104,8,13),(32,105,1,14),(32,106,2,14),(32,107,3,14),(32,108,4,14),(32,109,5,14),(32,110,6,14),(32,111,7,14),(32,112,8,14),(32,113,1,15),(32,114,2,15),(32,115,3,15),(32,116,4,15),(32,117,5,15),(32,118,6,15),(32,119,7,15),(32,120,8,15),(32,121,1,16),(32,122,2,16),(32,123,3,16),(32,124,4,16),(32,125,5,16),(32,126,6,16),(32,127,7,16),(32,128,8,16),(32,129,1,17),(32,130,2,17),(32,131,3,17),(32,132,4,17),(32,133,5,17),(32,134,6,17),(32,135,7,17),(32,136,8,17),(32,137,1,18),(32,138,2,18),(32,139,3,18),(32,140,4,18),(32,141,5,18),(32,142,6,18),(32,143,7,18),(32,144,8,18),(32,145,1,19),(32,146,2,19),(32,147,3,19),(32,148,4,19),(32,149,5,19),(32,150,6,19),(32,151,7,19),(32,152,8,19),(32,153,1,20),(32,154,2,20),(32,155,3,20),(32,156,4,20),(32,157,5,20),(32,158,6,20),(32,159,7,20),(32,160,8,20),(32,161,1,21),(32,162,2,21),(32,163,3,21),(32,164,4,21),(32,165,5,21),(32,166,6,21),(32,167,7,21),(32,168,8,21),(32,169,1,22),(32,170,2,22),(32,171,3,22),(32,172,4,22),(32,173,5,22),(32,174,6,22),(32,175,7,22),(32,176,8,22),(32,177,1,23),(32,178,2,23),(32,179,3,23),(32,180,4,23),(32,181,5,23),(32,182,6,23),(32,183,7,23),(32,184,8,23),(32,185,1,24),(32,186,2,24),(32,187,3,24),(32,188,4,24),(32,189,5,24),(32,190,6,24),(32,191,7,24),(32,192,8,24),(33,1,1,1),(33,2,2,1),(33,3,3,1),(33,4,4,1),(33,5,5,1),(33,6,6,1),(33,7,7,1),(33,8,8,1),(33,9,1,2),(33,10,2,2),(33,11,3,2),(33,12,4,2),(33,13,5,2),(33,14,6,2),(33,15,7,2),(33,16,8,2),(33,17,1,3),(33,18,2,3),(33,19,3,3),(33,20,4,3),(33,21,5,3),(33,22,6,3),(33,23,7,3),(33,24,8,3),(33,25,1,4),(33,26,2,4),(33,27,3,4),(33,28,4,4),(33,29,5,4),(33,30,6,4),(33,31,7,4),(33,32,8,4),(33,33,1,5),(33,34,2,5),(33,35,3,5),(33,36,4,5),(33,37,5,5),(33,38,6,5),(33,39,7,5),(33,40,8,5),(33,41,1,6),(33,42,2,6),(33,43,3,6),(33,44,4,6),(33,45,5,6),(33,46,6,6),(33,47,7,6),(33,48,8,6),(33,49,1,7),(33,50,2,7),(33,51,3,7),(33,52,4,7),(33,53,5,7),(33,54,6,7),(33,55,7,7),(33,56,8,7),(33,57,1,8),(33,58,2,8),(33,59,3,8),(33,60,4,8),(33,61,5,8),(33,62,6,8),(33,63,7,8),(33,64,8,8),(33,65,1,9),(33,66,2,9),(33,67,3,9),(33,68,4,9),(33,69,5,9),(33,70,6,9),(33,71,7,9),(33,72,8,9),(33,73,1,10),(33,74,2,10),(33,75,3,10),(33,76,4,10),(33,77,5,10),(33,78,6,10),(33,79,7,10),(33,80,8,10),(33,81,1,11),(33,82,2,11),(33,83,3,11),(33,84,4,11),(33,85,5,11),(33,86,6,11),(33,87,7,11),(33,88,8,11),(33,89,1,12),(33,90,2,12),(33,91,3,12),(33,92,4,12),(33,93,5,12),(33,94,6,12),(33,95,7,12),(33,96,8,12),(33,97,1,13),(33,98,2,13),(33,99,3,13),(33,100,4,13),(33,101,5,13),(33,102,6,13),(33,103,7,13),(33,104,8,13),(33,105,1,14),(33,106,2,14),(33,107,3,14),(33,108,4,14),(33,109,5,14),(33,110,6,14),(33,111,7,14),(33,112,8,14),(33,113,1,15),(33,114,2,15),(33,115,3,15),(33,116,4,15),(33,117,5,15),(33,118,6,15),(33,119,7,15),(33,120,8,15),(33,121,1,16),(33,122,2,16),(33,123,3,16),(33,124,4,16),(33,125,5,16),(33,126,6,16),(33,127,7,16),(33,128,8,16),(33,129,1,17),(33,130,2,17),(33,131,3,17),(33,132,4,17),(33,133,5,17),(33,134,6,17),(33,135,7,17),(33,136,8,17),(33,137,1,18),(33,138,2,18),(33,139,3,18),(33,140,4,18),(33,141,5,18),(33,142,6,18),(33,143,7,18),(33,144,8,18),(33,145,1,19),(33,146,2,19),(33,147,3,19),(33,148,4,19),(33,149,5,19),(33,150,6,19),(33,151,7,19),(33,152,8,19),(33,153,1,20),(33,154,2,20),(33,155,3,20),(33,156,4,20),(33,157,5,20),(33,158,6,20),(33,159,7,20),(33,160,8,20),(33,161,1,21),(33,162,2,21),(33,163,3,21),(33,164,4,21),(33,165,5,21),(33,166,6,21),(33,167,7,21),(33,168,8,21),(33,169,1,22),(33,170,2,22),(33,171,3,22),(33,172,4,22),(33,173,5,22),(33,174,6,22),(33,175,7,22),(33,176,8,22),(33,177,1,23),(33,178,2,23),(33,179,3,23),(33,180,4,23),(33,181,5,23),(33,182,6,23),(33,183,7,23),(33,184,8,23),(33,185,1,24),(33,186,2,24),(33,187,3,24),(33,188,4,24),(33,189,5,24),(33,190,6,24),(33,191,7,24),(33,192,8,24),(34,1,1,1),(34,2,2,1),(34,3,3,1),(34,4,4,1),(34,5,5,1),(34,6,6,1),(34,7,7,1),(34,8,8,1),(34,9,1,2),(34,10,2,2),(34,11,3,2),(34,12,4,2),(34,13,5,2),(34,14,6,2),(34,15,7,2),(34,16,8,2),(34,17,1,3),(34,18,2,3),(34,19,3,3),(34,20,4,3),(34,21,5,3),(34,22,6,3),(34,23,7,3),(34,24,8,3),(34,25,1,4),(34,26,2,4),(34,27,3,4),(34,28,4,4),(34,29,5,4),(34,30,6,4),(34,31,7,4),(34,32,8,4),(34,33,1,5),(34,34,2,5),(34,35,3,5),(34,36,4,5),(34,37,5,5),(34,38,6,5),(34,39,7,5),(34,40,8,5),(34,41,1,6),(34,42,2,6),(34,43,3,6),(34,44,4,6),(34,45,5,6),(34,46,6,6),(34,47,7,6),(34,48,8,6),(34,49,1,7),(34,50,2,7),(34,51,3,7),(34,52,4,7),(34,53,5,7),(34,54,6,7),(34,55,7,7),(34,56,8,7),(34,57,1,8),(34,58,2,8),(34,59,3,8),(34,60,4,8),(34,61,5,8),(34,62,6,8),(34,63,7,8),(34,64,8,8),(34,65,1,9),(34,66,2,9),(34,67,3,9),(34,68,4,9),(34,69,5,9),(34,70,6,9),(34,71,7,9),(34,72,8,9),(34,73,1,10),(34,74,2,10),(34,75,3,10),(34,76,4,10),(34,77,5,10),(34,78,6,10),(34,79,7,10),(34,80,8,10),(34,81,1,11),(34,82,2,11),(34,83,3,11),(34,84,4,11),(34,85,5,11),(34,86,6,11),(34,87,7,11),(34,88,8,11),(34,89,1,12),(34,90,2,12),(34,91,3,12),(34,92,4,12),(34,93,5,12),(34,94,6,12),(34,95,7,12),(34,96,8,12),(34,97,1,13),(34,98,2,13),(34,99,3,13),(34,100,4,13),(34,101,5,13),(34,102,6,13),(34,103,7,13),(34,104,8,13),(34,105,1,14),(34,106,2,14),(34,107,3,14),(34,108,4,14),(34,109,5,14),(34,110,6,14),(34,111,7,14),(34,112,8,14),(34,113,1,15),(34,114,2,15),(34,115,3,15),(34,116,4,15),(34,117,5,15),(34,118,6,15),(34,119,7,15),(34,120,8,15),(34,121,1,16),(34,122,2,16),(34,123,3,16),(34,124,4,16),(34,125,5,16),(34,126,6,16),(34,127,7,16),(34,128,8,16),(34,129,1,17),(34,130,2,17),(34,131,3,17),(34,132,4,17),(34,133,5,17),(34,134,6,17),(34,135,7,17),(34,136,8,17),(34,137,1,18),(34,138,2,18),(34,139,3,18),(34,140,4,18),(34,141,5,18),(34,142,6,18),(34,143,7,18),(34,144,8,18),(34,145,1,19),(34,146,2,19),(34,147,3,19),(34,148,4,19),(34,149,5,19),(34,150,6,19),(34,151,7,19),(34,152,8,19),(34,153,1,20),(34,154,2,20),(34,155,3,20),(34,156,4,20),(34,157,5,20),(34,158,6,20),(34,159,7,20),(34,160,8,20),(34,161,1,21),(34,162,2,21),(34,163,3,21),(34,164,4,21),(34,165,5,21),(34,166,6,21),(34,167,7,21),(34,168,8,21),(34,169,1,22),(34,170,2,22),(34,171,3,22),(34,172,4,22),(34,173,5,22),(34,174,6,22),(34,175,7,22),(34,176,8,22),(34,177,1,23),(34,178,2,23),(34,179,3,23),(34,180,4,23),(34,181,5,23),(34,182,6,23),(34,183,7,23),(34,184,8,23),(34,185,1,24),(34,186,2,24),(34,187,3,24),(34,188,4,24),(34,189,5,24),(34,190,6,24),(34,191,7,24),(34,192,8,24),(35,1,1,1),(35,2,2,1),(35,3,3,1),(35,4,4,1),(35,5,5,1),(35,6,6,1),(35,7,7,1),(35,8,8,1),(35,9,1,2),(35,10,2,2),(35,11,3,2),(35,12,4,2),(35,13,5,2),(35,14,6,2),(35,15,7,2),(35,16,8,2),(35,17,1,3),(35,18,2,3),(35,19,3,3),(35,20,4,3),(35,21,5,3),(35,22,6,3),(35,23,7,3),(35,24,8,3),(35,25,1,4),(35,26,2,4),(35,27,3,4),(35,28,4,4),(35,29,5,4),(35,30,6,4),(35,31,7,4),(35,32,8,4),(35,33,1,5),(35,34,2,5),(35,35,3,5),(35,36,4,5),(35,37,5,5),(35,38,6,5),(35,39,7,5),(35,40,8,5),(35,41,1,6),(35,42,2,6),(35,43,3,6),(35,44,4,6),(35,45,5,6),(35,46,6,6),(35,47,7,6),(35,48,8,6),(35,49,1,7),(35,50,2,7),(35,51,3,7),(35,52,4,7),(35,53,5,7),(35,54,6,7),(35,55,7,7),(35,56,8,7),(35,57,1,8),(35,58,2,8),(35,59,3,8),(35,60,4,8),(35,61,5,8),(35,62,6,8),(35,63,7,8),(35,64,8,8),(35,65,1,9),(35,66,2,9),(35,67,3,9),(35,68,4,9),(35,69,5,9),(35,70,6,9),(35,71,7,9),(35,72,8,9),(35,73,1,10),(35,74,2,10),(35,75,3,10),(35,76,4,10),(35,77,5,10),(35,78,6,10),(35,79,7,10),(35,80,8,10),(35,81,1,11),(35,82,2,11),(35,83,3,11),(35,84,4,11),(35,85,5,11),(35,86,6,11),(35,87,7,11),(35,88,8,11),(35,89,1,12),(35,90,2,12),(35,91,3,12),(35,92,4,12),(35,93,5,12),(35,94,6,12),(35,95,7,12),(35,96,8,12),(35,97,1,13),(35,98,2,13),(35,99,3,13),(35,100,4,13),(35,101,5,13),(35,102,6,13),(35,103,7,13),(35,104,8,13),(35,105,1,14),(35,106,2,14),(35,107,3,14),(35,108,4,14),(35,109,5,14),(35,110,6,14),(35,111,7,14),(35,112,8,14),(35,113,1,15),(35,114,2,15),(35,115,3,15),(35,116,4,15),(35,117,5,15),(35,118,6,15),(35,119,7,15),(35,120,8,15),(35,121,1,16),(35,122,2,16),(35,123,3,16),(35,124,4,16),(35,125,5,16),(35,126,6,16),(35,127,7,16),(35,128,8,16),(35,129,1,17),(35,130,2,17),(35,131,3,17),(35,132,4,17),(35,133,5,17),(35,134,6,17),(35,135,7,17),(35,136,8,17),(35,137,1,18),(35,138,2,18),(35,139,3,18),(35,140,4,18),(35,141,5,18),(35,142,6,18),(35,143,7,18),(35,144,8,18),(35,145,1,19),(35,146,2,19),(35,147,3,19),(35,148,4,19),(35,149,5,19),(35,150,6,19),(35,151,7,19),(35,152,8,19),(35,153,1,20),(35,154,2,20),(35,155,3,20),(35,156,4,20),(35,157,5,20),(35,158,6,20),(35,159,7,20),(35,160,8,20),(35,161,1,21),(35,162,2,21),(35,163,3,21),(35,164,4,21),(35,165,5,21),(35,166,6,21),(35,167,7,21),(35,168,8,21),(35,169,1,22),(35,170,2,22),(35,171,3,22),(35,172,4,22),(35,173,5,22),(35,174,6,22),(35,175,7,22),(35,176,8,22),(35,177,1,23),(35,178,2,23),(35,179,3,23),(35,180,4,23),(35,181,5,23),(35,182,6,23),(35,183,7,23),(35,184,8,23),(35,185,1,24),(35,186,2,24),(35,187,3,24),(35,188,4,24),(35,189,5,24),(35,190,6,24),(35,191,7,24),(35,192,8,24),(36,1,1,1),(36,2,2,1),(36,3,3,1),(36,4,4,1),(36,5,5,1),(36,6,6,1),(36,7,7,1),(36,8,8,1),(36,9,1,2),(36,10,2,2),(36,11,3,2),(36,12,4,2),(36,13,5,2),(36,14,6,2),(36,15,7,2),(36,16,8,2),(36,17,1,3),(36,18,2,3),(36,19,3,3),(36,20,4,3),(36,21,5,3),(36,22,6,3),(36,23,7,3),(36,24,8,3),(36,25,1,4),(36,26,2,4),(36,27,3,4),(36,28,4,4),(36,29,5,4),(36,30,6,4),(36,31,7,4),(36,32,8,4),(36,33,1,5),(36,34,2,5),(36,35,3,5),(36,36,4,5),(36,37,5,5),(36,38,6,5),(36,39,7,5),(36,40,8,5),(36,41,1,6),(36,42,2,6),(36,43,3,6),(36,44,4,6),(36,45,5,6),(36,46,6,6),(36,47,7,6),(36,48,8,6),(36,49,1,7),(36,50,2,7),(36,51,3,7),(36,52,4,7),(36,53,5,7),(36,54,6,7),(36,55,7,7),(36,56,8,7),(36,57,1,8),(36,58,2,8),(36,59,3,8),(36,60,4,8),(36,61,5,8),(36,62,6,8),(36,63,7,8),(36,64,8,8),(36,65,1,9),(36,66,2,9),(36,67,3,9),(36,68,4,9),(36,69,5,9),(36,70,6,9),(36,71,7,9),(36,72,8,9),(36,73,1,10),(36,74,2,10),(36,75,3,10),(36,76,4,10),(36,77,5,10),(36,78,6,10),(36,79,7,10),(36,80,8,10),(36,81,1,11),(36,82,2,11),(36,83,3,11),(36,84,4,11),(36,85,5,11),(36,86,6,11),(36,87,7,11),(36,88,8,11),(36,89,1,12),(36,90,2,12),(36,91,3,12),(36,92,4,12),(36,93,5,12),(36,94,6,12),(36,95,7,12),(36,96,8,12),(36,97,1,13),(36,98,2,13),(36,99,3,13),(36,100,4,13),(36,101,5,13),(36,102,6,13),(36,103,7,13),(36,104,8,13),(36,105,1,14),(36,106,2,14),(36,107,3,14),(36,108,4,14),(36,109,5,14),(36,110,6,14),(36,111,7,14),(36,112,8,14),(36,113,1,15),(36,114,2,15),(36,115,3,15),(36,116,4,15),(36,117,5,15),(36,118,6,15),(36,119,7,15),(36,120,8,15),(36,121,1,16),(36,122,2,16),(36,123,3,16),(36,124,4,16),(36,125,5,16),(36,126,6,16),(36,127,7,16),(36,128,8,16),(36,129,1,17),(36,130,2,17),(36,131,3,17),(36,132,4,17),(36,133,5,17),(36,134,6,17),(36,135,7,17),(36,136,8,17),(36,137,1,18),(36,138,2,18),(36,139,3,18),(36,140,4,18),(36,141,5,18),(36,142,6,18),(36,143,7,18),(36,144,8,18),(36,145,1,19),(36,146,2,19),(36,147,3,19),(36,148,4,19),(36,149,5,19),(36,150,6,19),(36,151,7,19),(36,152,8,19),(36,153,1,20),(36,154,2,20),(36,155,3,20),(36,156,4,20),(36,157,5,20),(36,158,6,20),(36,159,7,20),(36,160,8,20),(36,161,1,21),(36,162,2,21),(36,163,3,21),(36,164,4,21),(36,165,5,21),(36,166,6,21),(36,167,7,21),(36,168,8,21),(36,169,1,22),(36,170,2,22),(36,171,3,22),(36,172,4,22),(36,173,5,22),(36,174,6,22),(36,175,7,22),(36,176,8,22),(36,177,1,23),(36,178,2,23),(36,179,3,23),(36,180,4,23),(36,181,5,23),(36,182,6,23),(36,183,7,23),(36,184,8,23),(36,185,1,24),(36,186,2,24),(36,187,3,24),(36,188,4,24),(36,189,5,24),(36,190,6,24),(36,191,7,24),(36,192,8,24);
/*!40000 ALTER TABLE `wire2locwire` ENABLE KEYS */;
UNLOCK TABLES;

--
-- Table structure for table `wiretolocwire`
--

DROP TABLE IF EXISTS `wiretolocwire`;
/*!40101 SET @saved_cs_client     = @@character_set_client */;
/*!40101 SET character_set_client = utf8 */;
CREATE TABLE `wiretolocwire` (
  `wire` tinyint(3) unsigned NOT NULL,
  `locwire` tinyint(3) unsigned NOT NULL,
  `stbboardloc` tinyint(3) unsigned NOT NULL,
  `stbboardhalf` tinyint(3) unsigned NOT NULL,
  PRIMARY KEY (`wire`)
) ENGINE=InnoDB DEFAULT CHARSET=latin1;
/*!40101 SET character_set_client = @saved_cs_client */;

--
-- Dumping data for table `wiretolocwire`
--

LOCK TABLES `wiretolocwire` WRITE;
/*!40000 ALTER TABLE `wiretolocwire` DISABLE KEYS */;
INSERT INTO `wiretolocwire` VALUES (1,1,1,1),(2,2,1,1),(3,3,1,1),(4,4,1,1),(5,5,1,1),(6,6,1,1),(7,7,1,1),(8,8,1,1),(9,9,1,2),(10,10,1,2),(11,11,1,2),(12,12,1,2),(13,13,1,2),(14,14,1,2),(15,15,1,2),(16,16,1,2),(17,1,2,1),(18,2,2,1),(19,3,2,1),(20,4,2,1),(21,5,2,1),(22,6,2,1),(23,7,2,1),(24,8,2,1),(25,9,2,2),(26,10,2,2),(27,11,2,2),(28,12,2,2),(29,13,2,2),(30,14,2,2),(31,15,2,2),(32,16,2,2),(33,1,3,1),(34,2,3,1),(35,3,3,1),(36,4,3,1),(37,5,3,1),(38,6,3,1),(39,7,3,1),(40,8,3,1),(41,9,3,2),(42,10,3,2),(43,11,3,2),(44,12,3,2),(45,13,3,2),(46,14,3,2),(47,15,3,2),(48,16,3,2),(49,1,4,1),(50,2,4,1),(51,3,4,1),(52,4,4,1),(53,5,4,1),(54,6,4,1),(55,7,4,1),(56,8,4,1),(57,9,4,2),(58,10,4,2),(59,11,4,2),(60,12,4,2),(61,13,4,2),(62,14,4,2),(63,15,4,2),(64,16,4,2),(65,1,5,1),(66,2,5,1),(67,3,5,1),(68,4,5,1),(69,5,5,1),(70,6,5,1),(71,7,5,1),(72,8,5,1),(73,9,5,2),(74,10,5,2),(75,11,5,2),(76,12,5,2),(77,13,5,2),(78,14,5,2),(79,15,5,2),(80,16,5,2),(81,1,6,0),(82,2,6,0),(83,3,6,0),(84,4,6,0),(85,5,6,0),(86,6,6,0),(87,7,6,0),(88,8,6,0),(89,9,6,0),(90,10,6,0),(91,11,6,0),(92,12,6,0),(93,13,6,0),(94,14,6,0),(95,15,6,0),(96,16,6,0),(97,1,7,0),(98,2,7,0),(99,3,7,0),(100,4,7,0),(101,5,7,0),(102,6,7,0),(103,7,7,0),(104,8,7,0),(105,9,7,0),(106,10,7,0),(107,11,7,0),(108,12,7,0),(109,13,7,0),(110,14,7,0),(111,15,7,0),(112,16,7,0);
/*!40000 ALTER TABLE `wiretolocwire` ENABLE KEYS */;
UNLOCK TABLES;

--
-- Table structure for table `wiretopin`
--

DROP TABLE IF EXISTS `wiretopin`;
/*!40101 SET @saved_cs_client     = @@character_set_client */;
/*!40101 SET character_set_client = utf8 */;
CREATE TABLE `wiretopin` (
  `stbconnector` tinyint(3) unsigned NOT NULL,
  `stbpin` tinyint(3) unsigned NOT NULL,
  `loclayer` tinyint(3) unsigned NOT NULL,
  `locwire` tinyint(3) unsigned NOT NULL,
  PRIMARY KEY (`stbconnector`,`stbpin`)
) ENGINE=InnoDB DEFAULT CHARSET=latin1;
/*!40101 SET character_set_client = @saved_cs_client */;

--
-- Dumping data for table `wiretopin`
--

LOCK TABLES `wiretopin` WRITE;
/*!40000 ALTER TABLE `wiretopin` DISABLE KEYS */;
INSERT INTO `wiretopin` VALUES (1,1,2,1),(1,2,4,1),(1,3,6,1),(1,4,1,1),(1,5,3,1),(1,6,5,1),(1,7,2,2),(1,8,4,2),(1,9,6,2),(1,10,1,2),(1,11,3,2),(1,12,5,2),(1,13,2,3),(1,14,4,3),(1,15,6,3),(1,16,1,3),(2,1,3,3),(2,2,5,3),(2,3,2,4),(2,4,4,4),(2,5,6,4),(2,6,1,4),(2,7,3,4),(2,8,5,4),(2,9,2,5),(2,10,4,5),(2,11,6,5),(2,12,1,5),(2,13,3,5),(2,14,5,5),(2,15,2,6),(2,16,4,6),(3,1,6,6),(3,2,1,6),(3,3,3,6),(3,4,5,6),(3,5,2,7),(3,6,4,7),(3,7,6,7),(3,8,1,7),(3,9,3,7),(3,10,5,7),(3,11,2,8),(3,12,4,8),(3,13,6,8),(3,14,1,8),(3,15,3,8),(3,16,5,8),(4,1,2,9),(4,2,4,9),(4,3,6,9),(4,4,1,9),(4,5,3,9),(4,6,5,9),(4,7,2,10),(4,8,4,10),(4,9,6,10),(4,10,1,10),(4,11,3,10),(4,12,5,10),(4,13,2,11),(4,14,4,11),(4,15,6,11),(4,16,1,11),(5,1,3,11),(5,2,5,11),(5,3,2,12),(5,4,4,12),(5,5,6,12),(5,6,1,12),(5,7,3,12),(5,8,5,12),(5,9,2,13),(5,10,4,13),(5,11,6,13),(5,12,1,13),(5,13,3,13),(5,14,5,13),(5,15,2,14),(5,16,4,14),(6,1,6,14),(6,2,1,14),(6,3,3,14),(6,4,5,14),(6,5,2,15),(6,6,4,15),(6,7,6,15),(6,8,1,15),(6,9,3,15),(6,10,5,15),(6,11,2,16),(6,12,4,16),(6,13,6,16),(6,14,1,16),(6,15,3,16),(6,16,5,16);
/*!40000 ALTER TABLE `wiretopin` ENABLE KEYS */;
UNLOCK TABLES;
/*!40103 SET TIME_ZONE=@OLD_TIME_ZONE */;

/*!40101 SET SQL_MODE=@OLD_SQL_MODE */;
/*!40014 SET FOREIGN_KEY_CHECKS=@OLD_FOREIGN_KEY_CHECKS */;
/*!40014 SET UNIQUE_CHECKS=@OLD_UNIQUE_CHECKS */;
/*!40101 SET CHARACTER_SET_CLIENT=@OLD_CHARACTER_SET_CLIENT */;
/*!40101 SET CHARACTER_SET_RESULTS=@OLD_CHARACTER_SET_RESULTS */;
/*!40101 SET COLLATION_CONNECTION=@OLD_COLLATION_CONNECTION */;
/*!40111 SET SQL_NOTES=@OLD_SQL_NOTES */;

-- Dump completed on 2018-06-11 11:17:17
