{
  "backprop" : true,
  "backpropType" : "Standard",
  "cacheMode" : "NONE",
  "defaultConfiguration" : {
    "cacheMode" : "NONE",
    "epochCount" : 0,
    "iterationCount" : 0,
    "layer" : null,
    "maxNumLineSearchIterations" : 5,
    "miniBatch" : true,
    "minimize" : true,
    "optimizationAlgo" : "STOCHASTIC_GRADIENT_DESCENT",
    "pretrain" : false,
    "seed" : 1546670072056,
    "stepFunction" : null,
    "variables" : [ "0_W", "0_b", "1_W", "1_b" ]
  },
  "epochCount" : 10,
  "inferenceWorkspaceMode" : "ENABLED",
  "iterationCount" : 100000,
  "legacyBatchScaledL2" : false,
  "networkInputs" : [ "in" ],
  "networkOutputs" : [ "1" ],
  "pretrain" : false,
  "tbpttBackLength" : 20,
  "tbpttFwdLength" : 20,
  "topologicalOrder" : [ 0, 1, 2 ],
  "topologicalOrderStr" : [ "in", "0", "1" ],
  "trainingWorkspaceMode" : "ENABLED",
  "vertexInputs" : {
    "0" : [ "in" ],
    "1" : [ "0" ]
  },
  "vertices" : {
    "0" : {
      "@class" : "org.deeplearning4j.nn.conf.graph.LayerVertex",
      "layerConf" : {
        "cacheMode" : "NONE",
        "epochCount" : 0,
        "iterationCount" : 0,
        "layer" : {
          "@class" : "org.deeplearning4j.nn.conf.layers.DenseLayer",
          "activationFn" : {
            "@class" : "org.nd4j.linalg.activations.impl.ActivationLReLU",
            "alpha" : 0.1
          },
          "biasInit" : 0.0,
          "biasUpdater" : null,
          "constraints" : null,
          "dist" : null,
          "gradientNormalization" : "None",
          "gradientNormalizationThreshold" : 1.0,
          "hasBias" : true,
          "idropout" : null,
          "iupdater" : {
            "@class" : "org.nd4j.linalg.learning.config.Adam",
            "beta1" : 0.9,
            "beta2" : 0.999,
            "epsilon" : 1.0E-8,
            "learningRate" : 1.0E-4
          },
          "l1" : 0.0,
          "l1Bias" : 0.0,
          "l2" : 1.0E-5,
          "l2Bias" : 0.0,
          "layerName" : "0",
          "nin" : 336,
          "nout" : 168,
          "pretrain" : false,
          "weightInit" : "XAVIER",
          "weightNoise" : null
        },
        "maxNumLineSearchIterations" : 5,
        "miniBatch" : true,
        "minimize" : true,
        "optimizationAlgo" : "STOCHASTIC_GRADIENT_DESCENT",
        "pretrain" : false,
        "seed" : 1546670072056,
        "stepFunction" : null,
        "variables" : [ "W", "b" ]
      },
      "outputVertex" : false,
      "preProcessor" : {
        "@class" : "org.deeplearning4j.nn.conf.preprocessor.CnnToFeedForwardPreProcessor",
        "inputHeight" : 6,
        "inputWidth" : 56,
        "numChannels" : 1
      }
    },
    "1" : {
      "@class" : "org.deeplearning4j.nn.conf.graph.LayerVertex",
      "layerConf" : {
        "cacheMode" : "NONE",
        "epochCount" : 0,
        "iterationCount" : 0,
        "layer" : {
          "@class" : "org.deeplearning4j.nn.conf.layers.OutputLayer",
          "activationFn" : {
            "@class" : "org.nd4j.linalg.activations.impl.ActivationSigmoid"
          },
          "biasInit" : 0.0,
          "biasUpdater" : null,
          "constraints" : null,
          "dist" : null,
          "gradientNormalization" : "None",
          "gradientNormalizationThreshold" : 1.0,
          "hasBias" : true,
          "idropout" : null,
          "iupdater" : {
            "@class" : "org.nd4j.linalg.learning.config.Adam",
            "beta1" : 0.9,
            "beta2" : 0.999,
            "epsilon" : 1.0E-8,
            "learningRate" : 1.0E-4
          },
          "l1" : 0.0,
          "l1Bias" : 0.0,
          "l2" : 1.0E-5,
          "l2Bias" : 0.0,
          "layerName" : "1",
          "legacyBatchScaledL2" : false,
          "lossFn" : {
            "@class" : "org.nd4j.linalg.lossfunctions.impl.LossBinaryXENT",
            "clipEps" : 1.0E-5,
            "configProperties" : false,
            "numOutputs" : -1
          },
          "nin" : 168,
          "nout" : 3,
          "pretrain" : false,
          "weightInit" : "XAVIER",
          "weightNoise" : null
        },
        "maxNumLineSearchIterations" : 5,
        "miniBatch" : true,
        "minimize" : true,
        "optimizationAlgo" : "STOCHASTIC_GRADIENT_DESCENT",
        "pretrain" : false,
        "seed" : 1546670072056,
        "stepFunction" : null,
        "variables" : [ "W", "b" ]
      },
      "outputVertex" : false,
      "preProcessor" : null
    }
  }
}